ID,Gene_name,Vec_1,Vec_2,Vec_3,moxYG_1,moxYG_2,moxYG_3
moxYG,moxYG,0,0,0,51300000000,55400000000,48300000000
YPR080W,TEF1,2710000000,2560000000,2800000000,2010000000,1960000000,2120000000
YCR012W,PGK1,2080000000,2200000000,1970000000,1990000000,1990000000,1930000000
YLR044C,PDC1,2560000000,2470000000,2480000000,1720000000,1760000000,1920000000
YAL038W,CDC19,2100000000,2080000000,1880000000,1730000000,1640000000,1600000000
YLR109W,AHP1,977000000,1020000000,878000000,1470000000,1360000000,1290000000
YKL060C,FBA1,1430000000,1500000000,1320000000,1210000000,1210000000,1260000000
YLR340W,RPP0,811000000,851000000,721000000,1200000000,1190000000,1100000000
YHR174W,ENO2,1800000000,1870000000,1660000000,1060000000,1080000000,1070000000
YKR059W,TIF1,798000000,785000000,731000000,969000000,913000000,912000000
YNL178W,RPS3,909000000,928000000,838000000,949000000,908000000,867000000
YLR355C,ILV5,702000000,698000000,626000000,886000000,802000000,826000000
YDR155C,CPR1,511000000,583000000,471000000,947000000,929000000,825000000
YDR450W,RPS18A,697000000,713000000,617000000,810000000,762000000,755000000
YOL086C,ADH1,1470000000,1370000000,1380000000,784000000,747000000,752000000
YOL039W,RPP2A,429000000,470000000,402000000,727000000,795000000,715000000
YKL152C,GPM1,1200000000,1240000000,1180000000,657000000,630000000,684000000
YEL054C,RPL12A,494000000,535000000,443000000,766000000,754000000,680000000
YOR133W,EFT1,718000000,736000000,687000000,709000000,721000000,680000000
YOR369C,RPS12,422000000,481000000,420000000,707000000,751000000,672000000
YGL008C,PMA1,551000000,516000000,553000000,626000000,646000000,660000000
YDR382W,RPP2B,545000000,522000000,494000000,819000000,828000000,641000000
YAL005C,SSA1,597000000,638000000,525000000,647000000,661000000,640000000
YLR406C,RPL31B,809000000,749000000,805000000,562000000,600000000,627000000
YNL209W,SSB2,609000000,610000000,556000000,615000000,624000000,627000000
YDR064W,RPS13,821000000,798000000,769000000,574000000,607000000,622000000
YPL131W,RPL5,443000000,437000000,436000000,624000000,602000000,617000000
YDR050C,TPI1,853000000,924000000,842000000,677000000,661000000,609000000
YMR242C,RPL20A,640000000,603000000,642000000,456000000,465000000,497000000
YFL014W,HSP12,21900000,30700000,15700000,437000000,459000000,468000000
YOL121C,RPS19A,571000000,567000000,527000000,493000000,453000000,449000000
YLL050C,COF1,307000000,337000000,329000000,495000000,443000000,443000000
YLR333C,RPS25B,493000000,509000000,470000000,436000000,412000000,440000000
YKL056C,TMA19,406000000,428000000,350000000,543000000,522000000,425000000
YGL009C,LEU1,270000000,333000000,260000000,409000000,390000000,417000000
YNL135C,FPR1,235000000,241000000,226000000,454000000,452000000,415000000
YJR145C,RPS4A,423000000,447000000,389000000,418000000,408000000,406000000
YCR031C,RPS14A,451000000,457000000,429000000,443000000,380000000,395000000
YNL055C,POR1,195000000,192000000,183000000,404000000,364000000,384000000
YGL076C,RPL7A,408000000,406000000,419000000,346000000,357000000,357000000
YJL052W,TDH1,278000000,363000000,248000000,355000000,360000000,354000000
YOL040C,RPS15,358000000,350000000,306000000,268000000,249000000,335000000
YEL034W,HYP2,328000000,342000000,312000000,327000000,337000000,334000000
YOR096W,RPS7A,270000000,302000000,245000000,333000000,324000000,330000000
YDR099W,BMH2,206000000,216000000,205000000,336000000,347000000,326000000
YMR186W,HSC82,492000000,468000000,477000000,300000000,313000000,325000000
YGL030W,RPL30,401000000,346000000,390000000,297000000,310000000,318000000
YMR142C,RPL13B,419000000,419000000,394000000,309000000,286000000,317000000
YGL147C,RPL9A,408000000,393000000,419000000,290000000,292000000,306000000
YER091C,MET6,470000000,530000000,458000000,297000000,297000000,302000000
YKL006W,RPL14A,446000000,390000000,398000000,270000000,266000000,298000000
YLR167W,RPS31,167000000,181000000,182000000,303000000,292000000,298000000
YPL220W,RPL1A,399000000,374000000,364000000,291000000,222000000,293000000
YJR123W,RPS5,324000000,324000000,298000000,285000000,280000000,284000000
YDR025W,RPS11A,416000000,384000000,430000000,256000000,274000000,282000000
YAL003W,EFB1,243000000,269000000,218000000,313000000,305000000,281000000
YBL072C,RPS8A,327000000,311000000,345000000,259000000,276000000,279000000
YOL109W,ZEO1,259000000,249000000,232000000,265000000,271000000,278000000
YFL039C,ACT1,249000000,264000000,234000000,282000000,271000000,274000000
YKR057W,RPS21A,283000000,301000000,258000000,288000000,263000000,272000000
YML073C,RPL6A,328000000,300000000,312000000,240000000,260000000,272000000
YDL191W,RPL35A,367000000,336000000,344000000,257000000,258000000,270000000
YER043C,SAH1,356000000,384000000,349000000,279000000,284000000,265000000
YNL096C,RPS7B,258000000,270000000,236000000,274000000,273000000,254000000
YPL081W,RPS9A,302000000,287000000,258000000,249000000,252000000,254000000
YDL137W,ARF2,176000000,181000000,168000000,271000000,254000000,247000000
YPR102C,RPL11A,202000000,205000000,229000000,225000000,212000000,245000000
YJL190C,RPS22A,313000000,305000000,281000000,234000000,232000000,244000000
YLR075W,RPL10,272000000,267000000,281000000,229000000,234000000,243000000
YLL045C,RPL8B,227000000,224000000,232000000,225000000,225000000,239000000
YKL156W,RPS27A,462000000,515000000,437000000,238000000,227000000,237000000
YMR116C,ASC1,240000000,245000000,240000000,265000000,250000000,234000000
YGR180C,RNR4,191000000,194000000,177000000,234000000,221000000,231000000
YBR084C-A,RPL19A,303000000,300000000,320000000,173000000,200000000,219000000
YGR034W,RPL26B,231000000,223000000,219000000,202000000,206000000,216000000
YHR208W,BAT1,179000000,174000000,171000000,220000000,190000000,216000000
YDR226W,ADK1,202000000,216000000,187000000,230000000,228000000,215000000
YOR375C,GDH1,169000000,144000000,198000000,159000000,196000000,215000000
YBR031W,RPL4A,261000000,254000000,253000000,206000000,210000000,212000000
YHR193C,EGD2,156000000,159000000,146000000,209000000,208000000,211000000
YPL004C,LSP1,64000000,72500000,63400000,225000000,234000000,207000000
YGR192C,TDH3,500000000,515000000,389000000,223000000,202000000,202000000
YPL037C,EGD1,138000000,149000000,112000000,190000000,201000000,201000000
YJR121W,ATP2,78700000,87500000,73900000,193000000,196000000,193000000
YML024W,RPS17A,264000000,249000000,260000000,182000000,180000000,188000000
YLR264W,RPS28B,278000000,246000000,231000000,194000000,191000000,182000000
YLR287C-A,RPS30A,198000000,212000000,183000000,170000000,181000000,182000000
YLL024C,SSA2,220000000,241000000,200000000,184000000,192000000,180000000
YBR196C,PGI1,183000000,186000000,189000000,170000000,167000000,177000000
YKL182W,FAS1,160000000,171000000,154000000,151000000,164000000,175000000
YPL106C,SSE1,231000000,232000000,213000000,180000000,177000000,175000000
YBR127C,VMA2,133000000,140000000,128000000,178000000,177000000,170000000
YBR011C,IPP1,171000000,177000000,175000000,164000000,166000000,169000000
YLR249W,YEF3,186000000,189000000,178000000,153000000,158000000,164000000
YDL055C,PSA1,173000000,177000000,155000000,172000000,165000000,161000000
YOL127W,RPL25,251000000,239000000,262000000,136000000,129000000,155000000
YPR145W,ASN1,146000000,140000000,136000000,169000000,164000000,155000000
YPL090C,RPS6A,174000000,166000000,182000000,128000000,135000000,153000000
YBL099W,ATP1,82800000,86400000,81900000,132000000,138000000,146000000
YHR010W,RPL27A,193000000,170000000,195000000,129000000,135000000,145000000
YFL045C,SEC53,105000000,113000000,95400000,155000000,152000000,143000000
YJR045C,SSC1,111000000,114000000,106000000,146000000,147000000,143000000
YJR109C,CPA2,147000000,135000000,139000000,159000000,137000000,142000000
YKL180W,RPL17A,205000000,198000000,196000000,139000000,133000000,142000000
YML028W,TSA1,157000000,168000000,145000000,161000000,158000000,142000000
YGR086C,PIL1,66000000,70400000,65400000,145000000,150000000,137000000
YDL185W,VMA1,121000000,125000000,117000000,146000000,141000000,136000000
YGR254W,ENO1,139000000,181000000,140000000,128000000,140000000,129000000
YLR259C,HSP60,112000000,119000000,108000000,123000000,129000000,128000000
YCL035C,GRX1,61800000,70100000,57100000,128000000,136000000,127000000
YMR230W,RPS10B,121000000,124000000,111000000,122000000,131000000,126000000
YPR069C,SPE3,144000000,137000000,134000000,134000000,134000000,125000000
YHL034C,SBP1,90500000,91200000,84300000,130000000,136000000,123000000
YOR234C,RPL33B,161000000,140000000,185000000,112000000,133000000,123000000
YPR074C,TKL1,160000000,160000000,152000000,120000000,119000000,123000000
YGR209C,TRX2,105000000,103000000,106000000,125000000,126000000,119000000
YJR016C,ILV3,97100000,106000000,88800000,119000000,108000000,119000000
YBR009C,HHF1,159000000,139000000,163000000,107000000,111000000,118000000
YCL030C,HIS4,177000000,175000000,182000000,116000000,109000000,114000000
YLR002C,NOC3,145000000,148000000,149000000,108000000,111000000,114000000
YML063W,RPS1B,133000000,123000000,131000000,102000000,103000000,114000000
YLR293C,GSP1,120000000,117000000,119000000,119000000,107000000,113000000
YJR105W,ADO1,98800000,107000000,91900000,119000000,123000000,112000000
YHL015W,RPS20,127000000,124000000,123000000,109000000,111000000,111000000
YLR058C,SHM2,251000000,236000000,265000000,90100000,101000000,105000000
YOR298C-A,MBF1,157000000,165000000,146000000,116000000,106000000,105000000
YER165W,PAB1,88700000,94100000,84700000,104000000,107000000,103000000
YMR143W,RPS16A,107000000,102000000,98700000,104000000,106000000,103000000
YAR015W,ADE1,157000000,161000000,150000000,95600000,108000000,102000000
YNL016W,PUB1,83600000,86000000,78800000,120000000,117000000,102000000
YOR332W,VMA4,75500000,81200000,68400000,107000000,98400000,98500000
YOL139C,CDC33,83500000,89600000,80800000,107000000,104000000,97900000
YKL081W,TEF4,122000000,118000000,131000000,78500000,84600000,96000000
YBR078W,ECM33,68700000,62800000,68100000,80600000,83300000,94500000
YDL192W,ARF1,76300000,74800000,70900000,101000000,96900000,94000000
YGL037C,PNC1,31200000,37300000,28000000,98500000,108000000,93500000
YIR037W,HYR1,49500000,51600000,45100000,106000000,112000000,92400000
YIL051C,MMF1,106000000,111000000,112000000,84400000,73900000,92300000
YPL061W,ALD6,240000000,243000000,232000000,93500000,94600000,92100000
YBR025C,OLA1,89900000,91200000,88400000,90300000,91200000,92000000
YDR032C,PST2,43100000,43000000,41600000,90800000,93400000,92000000
YFL037W,TUB2,74500000,77600000,65500000,103000000,102000000,90700000
YGR148C,RPL24B,156000000,139000000,148000000,79000000,86600000,89500000
YNR016C,ACC1,94700000,92600000,89800000,84300000,87000000,89000000
YGR118W,RPS23A,113000000,99000000,123000000,62600000,77700000,86800000
YLR304C,ACO1,49000000,63700000,47800000,72100000,82500000,86500000
YJL130C,URA2,90000000,90700000,81500000,92500000,90000000,86100000
YGR240C,PFK1,112000000,112000000,111000000,83400000,84900000,85900000
YDL022W,GPD1,30700000,36400000,31700000,85000000,88500000,85400000
YDL131W,LYS21,99800000,95800000,94800000,90800000,81600000,85200000
YDL084W,SUB2,78500000,81100000,71600000,91400000,91400000,85100000
YDR158W,HOM2,103000000,92900000,104000000,76500000,71600000,84500000
YJL034W,KAR2,92200000,96100000,83600000,89200000,91600000,83800000
YLR029C,RPL15A,118000000,104000000,130000000,63900000,70100000,82000000
YAL012W,CYS3,129000000,134000000,119000000,96200000,88200000,81500000
YLR354C,TAL1,91000000,97200000,94000000,77000000,76100000,81000000
YKL117W,SBA1,84300000,84700000,79600000,83100000,80100000,80900000
YPR016C,TIF6,59900000,62900000,60800000,79200000,73500000,78000000
YPR035W,GLN1,98100000,116000000,94000000,75500000,77100000,77900000
YPL249C-A,RPL36B,221000000,162000000,216000000,66300000,77000000,77200000
YHR064C,SSZ1,92400000,92600000,90400000,81500000,80900000,76800000
YER177W,BMH1,53300000,56100000,50700000,86200000,83100000,75900000
YGR214W,RPS0A,86800000,82100000,77800000,99100000,94300000,75800000
YOR020C,HSP10,48300000,47500000,46400000,73200000,73400000,75600000
YJL026W,RNR2,41400000,47300000,41300000,73000000,75200000,75000000
YHR018C,ARG4,57500000,60300000,57500000,80900000,75900000,74700000
YDR224C,HTB1,71900000,75700000,83300000,74700000,68300000,74000000
YMR205C,PFK2,94400000,96500000,90100000,75900000,74200000,73400000
YOL120C,RPL18A,77600000,73900000,95100000,51400000,56300000,72500000
YJR139C,HOM6,110000000,103000000,95000000,78500000,76400000,72400000
YOL058W,ARG1,66900000,60400000,61700000,85200000,67000000,72400000
YGL202W,ARO8,103000000,99600000,102000000,76800000,75200000,71300000
YHR179W,OYE2,112000000,110000000,108000000,76600000,70000000,70400000
YLR180W,SAM1,103000000,103000000,89500000,74200000,70500000,70400000
YDL066W,IDP1,87300000,77000000,81000000,81100000,73500000,70300000
YJL167W,ERG20,66100000,67200000,62200000,74600000,72000000,70100000
YOR063W,RPL3,80300000,71400000,77500000,61200000,67600000,70000000
YBR221C,PDB1,48300000,48700000,46300000,76400000,74900000,68900000
YHR183W,GND1,70300000,69100000,71100000,61600000,65600000,67900000
YDR071C,PAA1,45600000,49700000,44200000,74600000,69900000,67400000
YFR031C-A,RPL2A,75000000,67800000,76900000,61500000,62100000,67400000
YGL031C,RPL24A,109000000,94800000,108000000,59900000,61400000,67300000
YGR155W,CYS4,86900000,90000000,82200000,69000000,69900000,66800000
YBR054W,YRO2,27900000,22000000,21100000,61500000,79700000,65200000
YLR179C,YLR179C,58100000,65500000,61400000,74700000,72800000,65200000
YPL218W,SAR1,71500000,65400000,67200000,67400000,69300000,64300000
YML106W,URA5,63800000,65600000,55200000,69100000,63700000,64000000
YHR019C,DED81,90600000,86800000,92700000,65700000,66000000,63600000
YPL240C,HSP82,67500000,63300000,67400000,52100000,63100000,63200000
YLR153C,ACS2,100000000,94200000,98600000,62700000,62000000,62900000
YBR109C,CMD1,50200000,46800000,47100000,69900000,68900000,62400000
YLR150W,STM1,83300000,88700000,88700000,68700000,66900000,62100000
YBR082C,UBC4,72200000,71100000,66300000,63700000,59300000,62000000
YLR028C,ADE16,73700000,70600000,75300000,65400000,64600000,61800000
YPL154C,PEP4,35500000,32500000,38100000,62200000,64700000,61500000
YLL018C,DPS1,68200000,65100000,66000000,62700000,60300000,61200000
YPL231W,FAS2,55800000,59000000,54600000,49300000,54200000,60400000
YGL253W,HXK2,119000000,109000000,111000000,61100000,60700000,59900000
YGL026C,TRP5,67400000,64800000,62800000,64600000,56700000,59700000
YDR353W,TRR1,69800000,72500000,67900000,61500000,59500000,59600000
YGL103W,RPL28,97500000,96900000,105000000,49600000,51700000,59200000
YGR159C,NSR1,76000000,74000000,63100000,64300000,62200000,58700000
YBL087C,RPL23A,114000000,104000000,100000000,58000000,51100000,58000000
YDR023W,SES1,53100000,55100000,51000000,55100000,59500000,57300000
YFL010C,WWM1,71800000,72700000,55900000,84400000,31400000,57200000
YKL210W,UBA1,73200000,72700000,66900000,55900000,56600000,56900000
YGL123W,RPS2,62300000,67300000,67900000,43500000,45100000,56700000
YNL134C,YNL134C,31100000,39600000,32500000,58100000,56900000,56500000
YBL076C,ILS1,68300000,67600000,66300000,56200000,56000000,56400000
YCL043C,PDI1,54200000,55500000,48800000,55800000,59400000,56300000
YDL126C,CDC48,56400000,57100000,54400000,55900000,58000000,55800000
YNL104C,LEU4,44300000,44800000,42100000,68000000,51100000,55700000
YOR335C,ALA1,66600000,67400000,63600000,54600000,57500000,55300000
YDL046W,NPC2,6670000,24300000,22800000,57300000,59200000,55200000
YGR094W,VAS1,63500000,61000000,63200000,55300000,54500000,55200000
YMR079W,SEC14,54700000,59400000,51700000,58700000,55600000,54800000
YBL045C,COR1,17100000,21200000,16200000,52300000,57000000,54600000
YDR298C,ATP5,21100000,25000000,19900000,57600000,55000000,54000000
YDR502C,SAM2,105000000,118000000,96600000,61100000,65200000,54000000
YLR043C,TRX1,65000000,52200000,45600000,50900000,60400000,53500000
YEL071W,DLD3,74000000,65500000,69600000,59200000,52100000,53300000
YOR027W,STI1,55900000,60300000,49500000,54100000,54300000,53300000
YOR374W,ALD4,21700000,22200000,22700000,51000000,50300000,52200000
YCR053W,THR4,64800000,61600000,60200000,55000000,52400000,51800000
YER086W,ILV1,47700000,48500000,48100000,51900000,47100000,51500000
YLR208W,SEC13,44700000,47700000,43500000,57700000,55400000,51500000
YER178W,PDA1,42700000,41700000,41000000,55500000,49500000,51300000
YGL234W,ADE57,99300000,99400000,97900000,45300000,50400000,51100000
YDR233C,RTN1,57300000,54500000,63500000,48700000,52400000,50800000
YFL018C,LPD1,42300000,43400000,39200000,48600000,47900000,50600000
YGL148W,ARO2,61300000,55600000,53300000,55800000,50800000,50200000
YIL041W,GVP36,52000000,52300000,46600000,54900000,56100000,50000000
YJL080C,SCP160,47000000,48400000,42500000,50500000,51300000,50000000
YKL085W,MDH1,22000000,22500000,20800000,42100000,42300000,49900000
YLR344W,RPL26A,89300000,89800000,75300000,48400000,51000000,49700000
YMR120C,ADE17,181000000,164000000,167000000,41200000,53600000,49700000
YLR216C,CPR6,46700000,50600000,44400000,54500000,54700000,49200000
YNL064C,YDJ1,59600000,58400000,55100000,48800000,51400000,49000000
YDR341C,YDR341C,58900000,58800000,55800000,47900000,46700000,48600000
YCL009C,ILV6,42700000,42200000,39700000,50200000,48900000,48500000
YGR124W,ASN2,54100000,54600000,52800000,54400000,49600000,48500000
YER052C,HOM3,67900000,61900000,64100000,50000000,45300000,48200000
YOR184W,SER1,70100000,69000000,66600000,48500000,45000000,48000000
YNL015W,PBI2,10500000,13100000,13000000,42800000,38900000,47700000
YPL160W,CDC60,64600000,61300000,62100000,46200000,46600000,46800000
YLR027C,AAT2,58200000,53500000,58300000,49100000,46000000,46700000
YOR198C,BFR1,60300000,62300000,60100000,43800000,47700000,46100000
YMR226C,ORA1,38700000,40300000,38300000,42400000,43100000,45900000
YPR191W,QCR2,15300000,18800000,14400000,44500000,47200000,45900000
YDR377W,ATP17,26600000,27000000,26300000,39100000,41700000,45500000
YMR072W,ABF2,29500000,30000000,27200000,47600000,46200000,45400000
YDL014W,NOP1,58800000,61200000,60600000,51100000,46700000,45200000
YFL038C,YPT1,38800000,38400000,39900000,45000000,45600000,44900000
YDR510W,SMT3,28400000,30900000,28200000,48300000,50800000,44800000
YDR454C,GUK1,46200000,49600000,44000000,48400000,49200000,44700000
YMR062C,ARG7,30900000,30900000,26300000,50000000,42900000,44600000
YKL035W,UGP1,28000000,31300000,30000000,43400000,43100000,44400000
YLR447C,VMA6,48600000,45100000,40800000,50600000,47800000,44400000
YNL069C,RPL16B,57800000,48400000,55300000,36100000,43000000,44300000
YKL067W,YNK1,30600000,33100000,28100000,41200000,41500000,44200000
YBL030C,PET9,34500000,31200000,32000000,40600000,40400000,44100000
YDL075W,RPL31A,50700000,46800000,56400000,38300000,40300000,43800000
YGL245W,GUS1,50700000,51800000,47200000,42700000,43700000,43100000
YLR325C,RPL38,104000000,91900000,98500000,85300000,82000000,43000000
YJR007W,SUI2,41600000,43300000,41100000,41000000,41000000,42800000
YGL210W,YPT32,34800000,34400000,32700000,43400000,40200000,42600000
YNL007C,SIS1,36300000,35400000,31400000,44700000,43800000,42500000
YDR037W,KRS1,58200000,56200000,54100000,46300000,42400000,42400000
YLR448W,RPL6B,53800000,47600000,55900000,36800000,39600000,42400000
YIL078W,THS1,51700000,50800000,52800000,40800000,43500000,42100000
YBL064C,PRX1,10900000,12800000,10500000,40100000,41800000,41700000
YNL079C,TPM1,37200000,40800000,33300000,47800000,46000000,41400000
YGL062W,PYC1,37200000,35100000,34900000,42900000,40100000,40500000
YKL054C,DEF1,33600000,32100000,30100000,38500000,43100000,40500000
YOR232W,MGE1,27100000,29100000,25400000,41600000,41700000,40300000
YBR085C-A,YBR085C-A,21200000,22300000,21200000,39500000,44900000,40000000
YER062C,GPP2,11300000,13200000,10400000,45400000,40400000,39500000
YLR301W,HRI1,46400000,49300000,45000000,44100000,46000000,39300000
YML078W,CPR3,53100000,40600000,52300000,42500000,45000000,39000000
YFR044C,DUG1,36200000,36200000,35200000,39300000,39600000,38800000
YGR285C,ZUO1,49800000,46800000,50600000,36100000,36200000,38800000
YPL028W,ERG10,58900000,56900000,56800000,42400000,39900000,38800000
YMR105C,PGM2,8230000,12500000,7650000,36700000,38300000,38300000
YCR088W,ABP1,41500000,40800000,44100000,38400000,39500000,38100000
YHR039C-A,VMA10,40300000,41500000,40000000,41100000,38200000,37900000
YMR108W,ILV2,36600000,35400000,35500000,42400000,34900000,37700000
YPR163C,TIF3,36900000,35000000,36300000,36300000,36600000,37400000
YKL157W,APE2,24900000,25900000,24900000,33300000,33800000,37200000
YMR217W,GUA1,68000000,69100000,61500000,38600000,37800000,37200000
YOR285W,RDL1,21400000,22100000,20800000,40500000,38500000,37200000
YHR020W,YHR020W,47500000,44500000,46000000,36300000,35000000,36900000
YER074W,RPS24A,54400000,55700000,56500000,35600000,33500000,36800000
YHR008C,SOD2,26800000,28100000,25300000,35400000,38600000,36500000
YKR092C,SRP40,33100000,34500000,29900000,36800000,38500000,36000000
YKR046C,PLN1,12800000,14600000,12900000,31700000,31400000,35800000
YJL001W,PRE3,29600000,32100000,28700000,39800000,35800000,35700000
YDR127W,ARO1,36000000,34600000,35700000,36400000,36600000,35600000
YFL022C,FRS2,38000000,38900000,34600000,38800000,38100000,35600000
YBR121C,GRS1,38800000,38300000,36700000,36100000,36200000,35500000
YMR096W,SNZ1,21300000,20900000,20600000,41900000,31600000,35300000
YNL071W,LAT1,31900000,30300000,30800000,36000000,34900000,35300000
YOR168W,GLN4,46200000,44800000,43800000,34400000,35100000,35200000
YJR077C,MIR1,19700000,21200000,17600000,33700000,31600000,35000000
YKR048C,NAP1,23800000,27300000,23200000,31100000,31200000,35000000
YDR368W,YPR1,29500000,29300000,28500000,35900000,36100000,34900000
YER057C,HMF1,13400000,13400000,13100000,29800000,31200000,34900000
YDR033W,MRH1,17500000,20800000,20000000,30600000,35000000,34800000
YGR204W,ADE3,58000000,57800000,59700000,38100000,35100000,34800000
YOR007C,SGT2,38300000,34400000,30800000,45200000,39500000,34800000
YBR126C,TPS1,17100000,19700000,18200000,35500000,35600000,34600000
YMR203W,TOM40,32800000,29000000,26200000,29400000,28000000,34300000
YOR204W,DED1,38400000,39200000,38800000,34200000,34100000,34200000
YEL046C,GLY1,36400000,35300000,33400000,36900000,34200000,34000000
YER055C,HIS1,68400000,61100000,60300000,39200000,37100000,34000000
YMR083W,ADH3,38100000,32700000,38400000,32000000,30600000,34000000
YPL048W,CAM1,37500000,36200000,38600000,32000000,32800000,33600000
YGL206C,CHC1,30400000,30500000,29000000,34900000,35600000,33500000
YLR197W,NOP56,35300000,33000000,33800000,30200000,33200000,33500000
YML070W,DAK1,30800000,32400000,31100000,34300000,33500000,33200000
YPR041W,TIF5,32100000,32900000,30100000,34500000,33800000,33200000
YDR129C,SAC6,43700000,43500000,42900000,32100000,33900000,33100000
YIR038C,GTT1,13400000,13700000,12900000,34300000,36200000,33100000
YDR381W,YRA1,39900000,39600000,41200000,31200000,30600000,33000000
YKL016C,ATP7,11100000,12400000,10100000,31900000,34400000,32900000
YOR323C,PRO2,37500000,35600000,33500000,37100000,32400000,32600000
YNL220W,ADE12,72000000,65500000,66000000,31100000,31200000,32500000
YDR519W,FPR2,26400000,24700000,21900000,33100000,32400000,32300000
YJR070C,LIA1,33200000,36600000,30900000,34900000,34600000,32100000
YBR039W,ATP3,18600000,19400000,17100000,31200000,30400000,32000000
YHR087W,RTC3,5740000,7760000,4570000,29700000,34100000,31900000
YMR235C,RNA1,29500000,30700000,27200000,34500000,33600000,31700000
YGR061C,ADE6,54200000,55600000,51600000,30000000,31200000,31400000
YPL117C,IDI1,24200000,23700000,23100000,34000000,35300000,31400000
YLR359W,ADE13,69100000,73200000,69200000,27900000,31300000,31200000
YDL110C,TMA17,9790000,10800000,11100000,28600000,32400000,31100000
YNL010W,PYP1,27000000,28300000,25200000,32700000,32900000,31100000
YBR286W,APE3,25300000,23100000,24400000,26300000,30600000,31000000
YEL026W,SNU13,37300000,36900000,32600000,30000000,30100000,31000000
YGL106W,MLC1,25300000,27700000,22800000,37900000,38400000,31000000
YML008C,ERG6,45600000,44200000,40700000,31800000,30300000,30600000
YDL182W,LYS20,47800000,42800000,47500000,33400000,29600000,30500000
YER073W,ALD5,18400000,18000000,17800000,30700000,25200000,30400000
YGR037C,ACB1,34400000,34300000,31300000,35000000,36900000,30400000
YLL026W,HSP104,24300000,26000000,23000000,28700000,30500000,30000000
YOR230W,WTM1,36100000,38700000,37300000,28000000,28100000,29900000
YLR192C,HCR1,26300000,25300000,24100000,36100000,33300000,29700000
YAL044C,GCV3,20800000,21600000,22700000,27700000,27000000,29600000
YOR142W,LSC1,17200000,18700000,17000000,30300000,28900000,29500000
YEL013W,VAC8,28700000,28700000,28300000,27700000,28800000,29300000
YMR260C,TIF11,18000000,21000000,17300000,29500000,30500000,29200000
YBR072W,HSP26,13000000,15000000,11100000,31100000,43300000,29000000
YCR009C,RVS161,26100000,26900000,24900000,29000000,29300000,28900000
YHR104W,GRE3,17100000,18200000,16400000,27100000,27600000,28900000
YOR310C,NOP58,29100000,30500000,31000000,26400000,27400000,28900000
YMR099C,YMR099C,39700000,39100000,37000000,31000000,27600000,28800000
YDR174W,HMO1,22500000,24900000,23300000,29600000,31600000,28700000
YGR020C,VMA7,13800000,15600000,13600000,28500000,29800000,28700000
YDL100C,GET3,36600000,36000000,34800000,31100000,29700000,28500000
YNR001C,CIT1,13400000,15000000,13000000,26200000,27300000,28300000
YML126C,ERG13,41300000,40700000,38400000,31100000,28600000,28200000
YER090W,TRP2,35700000,34100000,35400000,30100000,27900000,28000000
YPL225W,YPL225W,24600000,26300000,23900000,32800000,32200000,28000000
YDR086C,SSS1,54600000,49500000,48900000,26600000,16700000,27800000
YGL157W,ARI1,20800000,20900000,19600000,26000000,26600000,27600000
YGR231C,PHB2,29100000,29600000,29300000,25200000,24900000,27500000
YOR136W,IDH2,36700000,34300000,34800000,27000000,25900000,27500000
YDL072C,YET3,13900000,14300000,17500000,22600000,26400000,27400000
YDR533C,HSP31,6720000,7440000,5960000,25300000,30400000,27300000
YMR309C,NIP1,25300000,25000000,24400000,26800000,27100000,27300000
YOR259C,RPT4,26300000,27100000,24500000,29600000,28200000,27300000
YIL094C,LYS12,35600000,35400000,34500000,27600000,26900000,27000000
YCL040W,GLK1,14800000,16800000,15000000,27400000,29100000,26800000
YER110C,KAP123,34700000,35900000,32500000,28300000,29400000,26800000
YKL145W,RPT1,30000000,30300000,28800000,27800000,26400000,26800000
YMR300C,ADE4,59500000,57300000,57900000,23600000,25900000,26800000
YOL097C,WRS1,43700000,44500000,36800000,25600000,27500000,26800000
YKR001C,VPS1,34100000,33700000,34200000,25100000,24600000,26500000
YGL011C,SCL1,31200000,30500000,27600000,28400000,24900000,26400000
YGL137W,SEC27,22000000,23600000,20400000,28800000,28200000,26400000
YIL125W,KGD1,15500000,16400000,14800000,24200000,25400000,26400000
YPR033C,HTS1,30100000,29900000,30500000,26700000,25400000,26300000
YER136W,GDI1,27400000,26800000,27100000,25400000,24500000,26200000
YHR068W,DYS1,34900000,31700000,32800000,26700000,25300000,26100000
YGR135W,PRE9,20800000,22100000,20000000,28000000,26700000,25900000
YAL035W,FUN12,32700000,32600000,32200000,25900000,26100000,25800000
YOR317W,FAA1,19100000,19700000,20200000,24000000,24000000,25700000
YGL105W,ARC1,38300000,38800000,39000000,28100000,25500000,25600000
YFR053C,HXK1,19400000,26600000,19800000,24700000,26600000,25200000
YNL037C,IDH1,29500000,26900000,28000000,25700000,24000000,25200000
YNL138W,SRV2,21900000,22300000,20900000,27300000,25900000,25200000
YER081W,SER3,94200000,85300000,82300000,29200000,27600000,25100000
YML001W,YPT7,23800000,23100000,23200000,25600000,24500000,25100000
YML092C,PRE8,26400000,27100000,24500000,25500000,26300000,25100000
YMR092C,AIP1,24700000,25300000,25000000,24500000,25100000,25100000
YMR318C,ADH6,27200000,28900000,25300000,25800000,24500000,25100000
YPR183W,DPM1,30200000,29500000,28300000,26200000,23400000,25000000
YGL187C,COX4,8870000,10900000,8480000,23900000,24100000,24900000
YMR314W,PRE5,29200000,28500000,29500000,25200000,23600000,24800000
YPL273W,SAM4,24900000,24600000,22000000,26400000,24500000,24800000
YER069W,ARG56,23000000,22700000,19900000,32900000,25100000,24700000
YLR300W,EXG1,10600000,12200000,10400000,26000000,25500000,24500000
YPR148C,YPR148C,16400000,16700000,17000000,24800000,25400000,24500000
YDL125C,HNT1,38900000,35200000,32500000,27200000,28500000,24400000
YPR020W,ATP20,10800000,12300000,9920000,24700000,22900000,24400000
YJL055W,LOG1,18300000,19700000,17400000,27000000,26400000,24200000
YDR092W,UBC13,21200000,20900000,20100000,27100000,24600000,23900000
YDR429C,TIF35,24000000,24900000,22600000,25200000,27100000,23900000
YJL172W,CPS1,15300000,15300000,16200000,26000000,24100000,23900000
YKR014C,YPT52,16300000,16800000,15400000,23100000,22600000,23900000
YPL091W,GLR1,31100000,30500000,29400000,24700000,24300000,23900000
YDR304C,CPR5,17900000,19800000,17200000,26100000,25100000,23700000
YIR034C,LYS1,34800000,30500000,36800000,21700000,20500000,23600000
YGL125W,MET13,13600000,15100000,13500000,21000000,22700000,23500000
YIL053W,GPP1,50600000,49800000,43900000,29300000,24400000,23500000
YLR295C,ATP14,6660000,7460000,6880000,24200000,24400000,23400000
YER089C,PTC2,22600000,22400000,21800000,22700000,22600000,23300000
YOL038W,PRE6,19200000,19600000,18200000,24000000,22400000,23300000
YDR513W,GRX2,10100000,11100000,10100000,21100000,23200000,23200000
YGR087C,PDC6,46900000,40500000,53500000,17400000,56600000,23200000
YGR132C,PHB1,21100000,21100000,20600000,22600000,22400000,23100000
YDR487C,RIB3,20200000,20500000,19500000,25700000,22300000,23000000
YGR185C,TYS1,31100000,29500000,31300000,21700000,21700000,23000000
YKR043C,SHB17,21800000,22000000,19600000,23800000,21200000,23000000
YER003C,PMI40,23900000,28100000,22200000,23500000,25200000,22900000
YNL281W,HCH1,20800000,24400000,20900000,24100000,22100000,22800000
YOR128C,ADE2,35600000,35100000,33700000,20400000,20600000,22800000
YDL007W,RPT2,27300000,27400000,27800000,23200000,24200000,22700000
YER036C,ARB1,26100000,25900000,23800000,22700000,23000000,22700000
YOR176W,HEM15,19500000,23500000,19100000,21700000,24100000,22700000
YPL235W,RVB2,24200000,24800000,22700000,23900000,23000000,22400000
YJL121C,RPE1,16400000,17900000,12500000,23700000,21500000,22300000
YIL033C,BCY1,12900000,13800000,12800000,21000000,22400000,22200000
YBR084W,MIS1,20100000,20000000,19500000,22300000,22200000,22100000
YHL021C,AIM17,6390000,7050000,5250000,23000000,20800000,22100000
YGL191W,COX13,7080000,9080000,6180000,22100000,20900000,22000000
YLR438W,CAR2,26700000,26900000,27300000,19100000,20300000,21900000
YDR171W,HSP42,6360000,6760000,6250000,22000000,24700000,21800000
YHR025W,THR1,40000000,37100000,39900000,22500000,19400000,21800000
YJL014W,CCT3,32500000,33000000,31500000,21400000,22700000,21800000
YKL120W,OAC1,23800000,19400000,22400000,21700000,18100000,21700000
YJR073C,OPI3,28000000,27700000,33200000,18600000,22100000,21600000
YPL145C,KES1,21000000,22800000,20300000,20900000,22200000,21600000
YBR088C,POL30,19200000,22000000,19700000,25000000,23100000,21500000
YBR248C,HIS7,26800000,25500000,25500000,22800000,21100000,21500000
YER012W,PRE1,17000000,17700000,16600000,22000000,20900000,21500000
YMR173W,DDR48,7480000,9050000,7320000,21800000,24300000,21500000
YML094W,GIM5,17300000,18400000,15800000,22200000,22100000,21400000
YNL121C,TOM70,19000000,19100000,17900000,20800000,22200000,21400000
YPL262W,FUM1,22500000,21800000,20500000,22100000,21800000,21400000
YKL104C,GFA1,28100000,26100000,28800000,17600000,18800000,21100000
YLR060W,FRS1,28000000,28500000,26200000,22500000,21600000,21000000
YNL241C,ZWF1,26500000,25000000,25900000,22200000,21400000,21000000
YBR149W,ARA1,15200000,16500000,14600000,21900000,20600000,20900000
YDR150W,NUM1,13800000,14700000,13700000,21700000,22300000,20900000
YHR128W,FUR1,28400000,28500000,25300000,21500000,19800000,20800000
YEL024W,RIP1,5190000,6990000,4750000,18000000,21300000,20700000
YPR165W,RHO1,31500000,27900000,30600000,23600000,24100000,20700000
YJL217W,REE1,19300000,16200000,17700000,26000000,19900000,20600000
YFL005W,SEC4,24900000,22000000,24800000,21100000,20100000,20500000
YDL160C,DHH1,21700000,22100000,21700000,20400000,20800000,20300000
YOR270C,VPH1,19500000,18700000,19200000,18800000,18700000,20300000
YDR529C,QCR7,4940000,6320000,4530000,18000000,19900000,20200000
YLR025W,SNF7,13600000,14200000,13500000,20400000,19000000,20200000
YJL111W,CCT7,25400000,25900000,23500000,21600000,21600000,20000000
YKL211C,TRP3,25300000,22400000,24500000,19700000,16800000,20000000
YOR362C,PRE10,20100000,20000000,18800000,21600000,21200000,19900000
YER023W,PRO3,21800000,22000000,21100000,20600000,19500000,19500000
YNL287W,SEC21,23300000,24200000,23600000,20100000,20200000,19500000
YER025W,GCD11,28900000,26600000,28800000,18400000,20200000,19400000
YDR188W,CCT6,24800000,25700000,23800000,19700000,20100000,19300000
YEL002C,WBP1,21600000,20500000,21900000,18600000,18800000,19300000
YEL047C,FRD1,23000000,23400000,22600000,20900000,20200000,19300000
YHR163W,SOL3,19700000,20500000,17500000,21800000,20200000,19300000
YKR066C,CCP1,6310000,7950000,5680000,18300000,18900000,19100000
YOR361C,PRT1,23300000,22700000,21000000,19700000,19200000,19100000
YCL018W,LEU2,35500000,38100000,34200000,19100000,20800000,19000000
YPR103W,PRE2,20400000,21200000,21800000,21600000,19300000,19000000
YJL123C,MTC1,13900000,14100000,13800000,18800000,19000000,18900000
YOR209C,NPT1,20800000,20400000,20100000,18300000,17700000,18900000
YBR053C,YBR053C,9590000,10400000,10200000,20600000,21300000,18800000
YBL092W,RPL32,53800000,46200000,57800000,16600000,18100000,18600000
YEL021W,URA3,155000000,165000000,141000000,22400000,22900000,18600000
YOR021C,SFM1,16700000,18000000,14700000,19800000,20700000,18600000
YLR432W,IMD3,36600000,40000000,37200000,20400000,19700000,18500000
YGR253C,PUP2,19100000,19800000,16700000,20700000,20400000,18400000
YOL151W,GRE2,7870000,9220000,6930000,18200000,20800000,18400000
YDR019C,GCV1,18200000,15400000,17800000,15300000,16700000,18300000
YOR197W,MCA1,20800000,21000000,19700000,20000000,20000000,18300000
YBR143C,SUP45,23600000,23000000,21100000,21000000,21800000,18200000
YIR012W,SQT1,13500000,14500000,12200000,19300000,19100000,18200000
YJR069C,HAM1,16900000,18700000,17200000,21600000,20800000,18200000
YGR282C,BGL2,19200000,16500000,36400000,11800000,14000000,18000000
YKR080W,MTD1,39500000,40000000,37400000,15700000,16800000,18000000
YGR218W,CRM1,21600000,21200000,21300000,16800000,18100000,17800000
YFR004W,RPN11,19300000,19600000,17600000,17500000,18600000,17700000
YGR162W,TIF4631,19000000,19700000,19300000,15300000,17300000,17700000
YLR262C,YPT6,14400000,14800000,13700000,18000000,16800000,17400000
YBR154C,RPB5,19900000,18800000,17900000,18700000,18200000,17300000
YBR177C,EHT1,19200000,19900000,20200000,15400000,16700000,17300000
YFR033C,QCR6,4080000,4910000,3880000,19600000,18300000,17300000
YPR043W,RPL43A,24600000,23100000,24700000,16700000,17100000,17300000
YPR129W,SCD6,18000000,17300000,16200000,20900000,23200000,17300000
YCL057C-A,MIC10,13700000,13600000,14200000,14300000,14900000,17200000
YDL147W,RPN5,19100000,18300000,17000000,16100000,16900000,17200000
YDR264C,AKR1,31300000,21000000,31700000,19900000,15700000,17200000
YHR042W,NCP1,16600000,16200000,15900000,17200000,17200000,17100000
Q0250,COX2,7460000,8710000,6540000,16000000,17100000,17000000
YBR263W,SHM1,21600000,21500000,22200000,15800000,16200000,17000000
YCR004C,YCP4,15300000,14900000,15500000,16700000,16900000,17000000
YDR190C,RVB1,19500000,19200000,18700000,18200000,18000000,17000000
YIL133C,RPL16A,26500000,25900000,26800000,15300000,17600000,17000000
YKL196C,YKT6,18300000,18900000,17800000,14500000,14000000,17000000
YPR108W,RPN7,17800000,17900000,17500000,16700000,16500000,17000000
YER007C-A,TMA20,15400000,16200000,14700000,18800000,17800000,16900000
YJL177W,RPL17B,23800000,22000000,23200000,18600000,19200000,16900000
YNL247W,CRS1,22600000,23500000,22300000,18500000,17700000,16900000
YDR214W,AHA1,17800000,18700000,17000000,18400000,16500000,16800000
YML085C,TUB1,16200000,16500000,14300000,19300000,19100000,16700000
YOR187W,TUF1,10900000,11100000,11000000,15200000,15600000,16700000
YCL050C,APA1,24700000,24600000,22900000,18800000,18700000,16600000
YDR074W,TPS2,5040000,5400000,5560000,15700000,16800000,16600000
YBR079C,RPG1,15000000,15200000,15200000,15600000,16700000,16500000
YDL078C,MDH3,15700000,15700000,14000000,15200000,15300000,16400000
YDL171C,GLT1,13500000,18600000,13600000,12700000,15900000,16400000
YML012W,ERV25,32600000,33600000,29500000,22500000,24300000,16400000
YDR212W,TCP1,18800000,19300000,17400000,18000000,16300000,16200000
YKL002W,DID4,3370000,2200000,2580000,14900000,14300000,16200000
YLR421C,RPN13,14400000,15200000,12800000,18300000,17200000,16100000
YPR127W,YPR127W,9660000,9860000,8890000,16500000,17100000,16100000
YGL068W,MNP1,10600000,12900000,9690000,17400000,17400000,16000000
YKL080W,VMA5,13700000,15100000,14200000,15400000,15000000,15900000
YML074C,FPR3,26400000,24200000,26400000,15200000,15900000,15900000
YOL143C,RIB4,10900000,12300000,10200000,17300000,16400000,15900000
YGL195W,GCN1,20800000,20400000,20800000,14900000,15600000,15800000
YMR146C,TIF34,19400000,18900000,16600000,15600000,16000000,15800000
YHR013C,ARD1,15700000,16500000,14700000,16600000,16400000,15700000
YJL008C,CCT8,19200000,19300000,19100000,15700000,15500000,15700000
YMR074C,SDD2,11400000,12000000,10600000,15400000,15400000,15700000
YIL136W,OM45,3270000,4050000,2730000,13500000,15000000,15600000
YPL226W,NEW1,16900000,16800000,16400000,15800000,16000000,15600000
YDR063W,AIM7,10300000,11200000,10000000,16400000,15600000,15500000
YHR049W,FSH1,13900000,13500000,12400000,16100000,14600000,15500000
YLR270W,DCS1,8140000,8270000,8640000,13500000,14600000,15500000
YDR328C,SKP1,14800000,15200000,14000000,15300000,16100000,15400000
YIL142W,CCT2,19600000,19600000,18300000,16200000,15900000,15400000
YLR196W,PWP1,13900000,14200000,12600000,16600000,16000000,15300000
YOR327C,SNC2,16400000,14300000,15600000,16500000,14700000,15300000
YNL208W,YNL208W,13300000,10400000,18300000,12100000,12000000,15200000
YDL097C,RPN6,17800000,18400000,17500000,15800000,16300000,15100000
YOR117W,RPT5,14500000,15900000,14200000,16000000,15700000,15100000
YDL226C,GCS1,14200000,14200000,13500000,15600000,15600000,15000000
YGL097W,SRM1,15600000,15000000,15800000,13900000,14900000,15000000
YGR211W,ZPR1,13800000,15000000,11600000,16400000,16400000,15000000
YIL075C,RPN2,18300000,18400000,19200000,13900000,14400000,15000000
YML124C,TUB3,15200000,14600000,13300000,16400000,14400000,15000000
YBR056W,MRX18,8860000,9240000,9150000,14600000,15300000,14900000
YCR083W,TRX3,6320000,6950000,6170000,13800000,13500000,14900000
YOR046C,DBP5,18800000,18600000,17700000,15900000,14900000,14800000
YOR164C,GET4,15200000,15900000,11900000,14800000,15700000,14800000
YOR286W,RDL2,12600000,14700000,12300000,17200000,15200000,14800000
YHL011C,PRS3,19600000,19200000,17500000,15500000,14500000,14700000
YER048W-A,ISD11,24400000,22100000,20700000,14800000,13900000,14600000
YJL200C,ACO2,14300000,15800000,13300000,13000000,13900000,14600000
YMR145C,NDE1,7100000,7890000,6720000,14400000,13800000,14600000
YBL050W,SEC17,11300000,12000000,11400000,14500000,14500000,14500000
YJR025C,BNA1,18700000,17000000,19600000,14700000,12700000,14500000
YLR370C,ARC18,14200000,14200000,13000000,14200000,13200000,14500000
YBR162C,TOS1,9440000,9750000,10400000,14300000,13800000,14400000
YDL229W,SSB1,44000000,37200000,38900000,12400000,16000000,14400000
YMR140W,SIP5,13600000,14000000,16600000,16100000,14600000,14400000
YGR264C,MES1,23500000,22100000,22100000,15600000,15100000,14300000
YML048W,GSF2,18100000,18100000,17800000,14100000,13900000,14300000
YMR183C,SSO2,8230000,9040000,7900000,14700000,14400000,14300000
YAR007C,RFA1,13300000,13600000,12900000,13400000,13900000,14200000
YER021W,RPN3,19100000,18000000,18800000,14100000,13700000,14200000
YNL112W,DBP2,19400000,19500000,19100000,14400000,14400000,14200000
YBR171W,SEC66,14100000,14300000,13600000,14200000,13600000,14100000
YNL244C,SUI1,18000000,18400000,19200000,14700000,16100000,14100000
YDR168W,CDC37,13400000,13800000,12000000,15300000,14400000,14000000
YDR321W,ASP1,27400000,27700000,24700000,15000000,13600000,14000000
YIL138C,TPM2,11000000,12000000,9990000,14500000,15800000,14000000
YLR314C,CDC3,14200000,16200000,14100000,14600000,13900000,14000000
YLR244C,MAP1,16500000,17500000,15100000,15000000,12800000,13900000
YLR342W,FKS1,15400000,15500000,15300000,12600000,13300000,13900000
YMR276W,DSK2,16200000,17000000,14200000,14700000,15100000,13900000
YNR034W,SOL1,9240000,9460000,8860000,13900000,14100000,13900000
YCL057W,PRD1,15800000,15600000,14200000,13900000,13400000,13800000
YDR399W,HPT1,18900000,19500000,17900000,12000000,13100000,13800000
YML022W,APT1,12400000,12200000,10800000,15400000,14900000,13800000
YBR010W,HHT1,21100000,20700000,25900000,13800000,13700000,13700000
YGR019W,UGA1,6400000,7190000,6560000,14400000,14700000,13700000
YML010W,SPT5,16900000,17100000,16000000,14900000,14900000,13700000
YDL124W,YDL124W,12800000,12900000,11500000,14300000,15900000,13600000
YJL136C,RPS21B,14800000,17400000,14400000,15300000,13700000,13600000
YKL148C,SDH1,3930000,5090000,3490000,10600000,12200000,13600000
YNL239W,LAP3,18100000,16500000,18800000,12300000,12500000,13600000
YDR372C,VPS74,13200000,14000000,13900000,14000000,12400000,13500000
YIL070C,MAM33,8920000,9310000,8200000,13400000,14400000,13500000
YJR137C,MET5,18400000,20800000,16500000,15300000,14700000,13500000
YNR050C,LYS9,16700000,18600000,16400000,13300000,14400000,13500000
YBR145W,ADH5,19000000,15600000,18300000,15800000,13300000,13400000
YER004W,FMP52,11500000,11600000,10400000,13800000,13200000,13400000
YLR066W,SPC3,14700000,12900000,11600000,13300000,12600000,13400000
YDR091C,RLI1,15800000,16500000,16800000,13200000,13300000,13300000
YCR030C,SYP1,9060000,9110000,8550000,13800000,14200000,13200000
YFR051C,RET2,14800000,14000000,14600000,14500000,13900000,13200000
YJR074W,MOG1,9700000,10800000,8570000,14300000,14000000,13200000
YKL181W,PRS1,18900000,17800000,17200000,12300000,12400000,13200000
YOL005C,RPB11,10100000,10600000,9810000,13900000,13900000,13200000
YJL174W,KRE9,13400000,12900000,12600000,12100000,13700000,13100000
YKR003W,OSH6,11200000,10700000,10600000,11200000,11400000,13100000
YOR086C,TCB1,9730000,9920000,10000000,12200000,13500000,13100000
YDR148C,KGD2,5840000,6610000,5120000,12800000,11600000,13000000
YDR177W,UBC1,10700000,12300000,9710000,13600000,13300000,13000000
YKL033W-A,YKL033W-A,21500000,19500000,17600000,16000000,12300000,13000000
YBR111C,YSA1,10800000,11000000,9640000,14300000,13800000,12900000
YGL228W,SHE10,10900000,11600000,10800000,12300000,12500000,12900000
YNL307C,MCK1,13200000,13400000,13700000,12800000,12800000,12900000
YBR026C,ETR1,8610000,9340000,8820000,12200000,12600000,12700000
YBR052C,RFS1,10900000,10300000,9710000,11900000,13400000,12700000
YBR218C,PYC2,13700000,14100000,14300000,12300000,12800000,12700000
YDL198C,GGC1,15200000,13800000,14700000,12500000,11200000,12700000
YER112W,LSM4,15200000,15300000,14100000,13000000,12400000,12700000
YLR429W,CRN1,18100000,17500000,17400000,13100000,13000000,12700000
YBR169C,SSE2,4220000,5110000,4410000,11700000,13200000,12600000
YER175C,TMT1,9420000,6760000,8980000,18800000,11200000,12600000
YGR279C,SCW4,9590000,9600000,8320000,11600000,12500000,12600000
YDR152W,GIR2,11600000,11600000,10300000,12900000,13200000,12500000
YDR258C,HSP78,7080000,7070000,7210000,12200000,12200000,12500000
YKL007W,CAP1,8660000,9130000,8260000,12700000,11900000,12500000
YOR061W,CKA2,12900000,13200000,12100000,13100000,12100000,12500000
YDL145C,COP1,16800000,15200000,16800000,12000000,12500000,12400000
YDL195W,SEC31,11300000,11500000,10800000,12600000,13600000,12400000
YKL130C,SHE2,10300000,10800000,10000000,12400000,11200000,12400000
YNR043W,MVD1,18400000,20000000,17600000,15700000,13300000,12400000
YOR157C,PUP1,18200000,18300000,17000000,11800000,11400000,12400000
YIL074C,SER33,26200000,25300000,24500000,13500000,12500000,12300000
YJL088W,ARG3,11400000,11200000,10300000,13500000,11700000,12300000
YKL077W,PSG1,13000000,14400000,12200000,11000000,10800000,12300000
YCR084C,TUP1,9140000,9060000,8450000,12800000,13300000,12200000
YIR036C,IRC24,18700000,18200000,17500000,13500000,12800000,12200000
YKR095W,MLP1,11000000,10900000,11000000,10800000,11600000,12200000
YMR202W,ERG2,18200000,18600000,17100000,13300000,12600000,12200000
YDR098C,GRX3,13300000,14800000,11400000,13400000,13500000,12100000
YDR272W,GLO2,8730000,10400000,7900000,13300000,12800000,12100000
YJR133W,XPT1,12800000,13300000,12300000,12100000,11500000,12100000
YMR012W,CLU1,14900000,15200000,14400000,11800000,12300000,12100000
YMR315W,YMR315W,9490000,9430000,9380000,12700000,12700000,12100000
YNL189W,SRP1,13400000,12900000,12100000,12400000,12200000,12100000
YPL243W,SRP68,11200000,11700000,11500000,11200000,11900000,12100000
YPR181C,SEC23,15300000,15100000,13900000,13000000,12700000,12100000
YAL023C,PMT2,13100000,12200000,14500000,10600000,11600000,12000000
YBL032W,HEK2,11000000,11500000,10400000,11600000,13000000,11900000
YJL153C,INO1,9420000,11300000,11100000,8870000,12200000,11900000
YNL113W,RPC19,9160000,9040000,9020000,12700000,13100000,11900000
YAL060W,BDH1,13100000,11600000,12900000,12400000,11000000,11800000
YER156C,MYG1,11900000,14100000,11700000,11400000,12400000,11800000
YGL048C,RPT6,16400000,16200000,16900000,12100000,12500000,11800000
YGL054C,ERV14,10500000,10200000,11300000,9210000,11000000,11800000
YGR078C,PAC10,9780000,9650000,8670000,12300000,13700000,11800000
YIL116W,HIS5,21600000,19400000,21500000,11800000,11300000,11800000
YKL150W,MCR1,5870000,5950000,5230000,9740000,9580000,11800000
YBL024W,NCL1,13100000,12800000,12300000,12300000,12300000,11700000
YDR427W,RPN9,14100000,14900000,13600000,12800000,13500000,11700000
YPR110C,RPC40,17400000,17500000,16600000,13600000,12300000,11700000
YBL015W,ACH1,5380000,5890000,5370000,10400000,11400000,11600000
YDR346C,SVF1,14300000,14100000,13300000,14000000,13800000,11600000
YHR190W,ERG9,13300000,12500000,13000000,10700000,11100000,11600000
YDR002W,YRB1,16000000,15800000,17100000,13300000,12500000,11500000
YFR052W,RPN12,9950000,9990000,9680000,11500000,12000000,11500000
YHR146W,CRP1,13800000,13100000,14100000,10500000,11900000,11500000
YLR262C-A,TMA7,9170000,9640000,9430000,11800000,12000000,11500000
YBL041W,PRE7,13300000,13800000,12200000,12200000,11400000,11300000
YLR175W,CBF5,13200000,13100000,15100000,12100000,11300000,11300000
YER070W,RNR1,17000000,16400000,16100000,11900000,10800000,11200000
YHR201C,PPX1,11300000,12500000,10800000,11200000,11400000,11200000
YJL020C,BBC1,8910000,9320000,9040000,11400000,11600000,11200000
YJR125C,ENT3,9040000,9720000,8380000,12300000,12400000,11200000
YKL009W,MRT4,14200000,14100000,12500000,9990000,12800000,11200000
YML072C,TCB3,11500000,11100000,11900000,11100000,11500000,11200000
YBL047C,EDE1,11700000,12400000,11000000,13000000,12900000,11100000
YBR035C,PDX3,10200000,10300000,9680000,13800000,13300000,11100000
YCR028C-A,RIM1,8600000,8960000,9400000,11900000,11500000,11100000
YEL038W,UTR4,8660000,8950000,7750000,12200000,11500000,11100000
YJR048W,CYC1,4750000,6650000,4500000,9870000,10100000,11100000
YKR074W,AIM29,6570000,7580000,6420000,10800000,10600000,11100000
YLR361C-A,YLR361C-A,6770000,6650000,6360000,10700000,10200000,11000000
YML100W,TSL1,2600000,3000000,2640000,10300000,10900000,11000000
YMR229C,RRP5,14000000,13800000,13700000,10300000,11200000,11000000
YER026C,CHO1,14600000,14200000,17000000,8630000,9270000,10900000
YGR244C,LSC2,6000000,6630000,6510000,11400000,10700000,10900000
YIL043C,CBR1,14000000,13800000,13800000,10600000,10400000,10900000
YKL103C,APE1,6970000,6680000,9020000,10900000,9520000,10900000
YDR238C,SEC26,13500000,13200000,13200000,10700000,10700000,10800000
YGL120C,PRP43,15700000,14700000,15300000,10800000,10900000,10800000
YMR027W,YMR027W,12700000,11700000,13100000,11200000,10900000,10800000
YFL004W,VTC2,18200000,19000000,16600000,11000000,10700000,10700000
YJL002C,OST1,9000000,9830000,8860000,9510000,9010000,10700000
YLR059C,REX2,8880000,9090000,8520000,10100000,10400000,10700000
YLR258W,GSY2,3730000,4560000,3930000,9660000,10000000,10700000
YNL274C,GOR1,2800000,3090000,2660000,10800000,10700000,10700000
YOL111C,MDY2,15300000,13800000,13600000,10600000,10500000,10700000
YGL207W,SPT16,14500000,14500000,15000000,10600000,11300000,10600000
YIL076W,SEC28,12100000,11800000,11100000,11100000,11000000,10600000
YJR065C,ARP3,10300000,10500000,9750000,11000000,10800000,10600000
YML110C,COQ5,6830000,7310000,6380000,10100000,9970000,10600000
YFL048C,EMP47,10000000,9560000,10000000,10900000,11300000,10500000
YJL117W,PHO86,17300000,15800000,17400000,10500000,10200000,10500000
YKL024C,URA6,11300000,11700000,9830000,10300000,10300000,10500000
YAL016W,TPD3,10900000,10600000,10100000,10300000,10900000,10400000
YER042W,MXR1,10500000,11200000,9670000,10900000,11800000,10400000
YER094C,PUP3,11100000,10700000,9300000,11500000,11000000,10400000
YGL200C,EMP24,18600000,16800000,14800000,8790000,9380000,10400000
YML125C,PGA3,14200000,14000000,12100000,10100000,10600000,10400000
YDR345C,HXT3,13700000,12600000,14800000,9300000,10200000,10300000
YFR009W,GCN20,14900000,15200000,14500000,10200000,10900000,10300000
YIL109C,SEC24,12500000,12200000,12500000,10500000,11200000,10300000
YJR076C,CDC11,8100000,7900000,8070000,10200000,10500000,10300000
YKL193C,SDS22,5640000,6140000,5670000,9750000,10600000,10300000
YMR149W,SWP1,15900000,14300000,15400000,10400000,10200000,10300000
YBR080C,SEC18,10900000,10600000,10800000,10300000,10200000,10200000
YDR378C,LSM6,9390000,9150000,7860000,11300000,10600000,10200000
YGL173C,XRN1,13000000,13100000,13700000,9530000,9960000,10200000
YLR378C,SEC61,12200000,12700000,13400000,9850000,9820000,10200000
YML069W,POB3,11400000,11400000,10400000,10000000,10300000,10200000
YMR250W,GAD1,2150000,2430000,2280000,9310000,9950000,10200000
YNR021W,YNR021W,12700000,12400000,12800000,9980000,9790000,10200000
YDL135C,RDI1,7770000,8420000,7590000,11400000,10100000,10100000
YGR234W,YHB1,16900000,16600000,15000000,10700000,10600000,10100000
YIL157C,COA1,8010000,8150000,7920000,10300000,10200000,10100000
YHR027C,RPN1,14100000,15000000,13800000,10700000,10800000,10000000
YHR200W,RPN10,8100000,8870000,7310000,10200000,10500000,10000000
YOL030W,GAS5,5940000,6660000,7560000,7200000,9160000,10000000
YJR014W,TMA22,15000000,13500000,14700000,11000000,10700000,9980000
YEL037C,RAD23,9430000,9790000,8750000,10800000,10700000,9950000
YMR311C,GLC8,5290000,5700000,5450000,10600000,9710000,9940000
YOR042W,CUE5,6320000,6430000,5920000,10000000,10700000,9940000
YGL242C,YGL242C,5910000,6660000,6090000,9720000,10500000,9910000
YKL216W,URA1,6240000,7220000,6230000,10200000,9540000,9850000
YMR031C,EIS1,4620000,5270000,4680000,9660000,9830000,9840000
YDL166C,FAP7,8720000,9010000,7470000,10400000,10800000,9830000
YBR130C,SHE3,10000000,10500000,10000000,10400000,10800000,9820000
YDL029W,ARP2,9330000,9700000,8490000,9520000,9970000,9820000
YGR054W,YGR054W,14600000,13800000,14600000,10200000,11400000,9820000
YKL040C,NFU1,7180000,8500000,6650000,9390000,9550000,9820000
YOR341W,RPA190,10900000,10400000,10400000,9820000,9810000,9800000
YEL060C,PRB1,6750000,6640000,7730000,8830000,10400000,9790000
YGL252C,RTG2,9190000,8400000,9200000,8690000,9730000,9780000
YKR018C,YKR018C,7920000,8140000,8190000,9190000,9140000,9780000
YPL178W,CBC2,11700000,12000000,9740000,9930000,9680000,9740000
YPR036W,VMA13,9090000,9000000,9020000,9490000,9800000,9740000
YER063W,THO1,9090000,9640000,9420000,9950000,9340000,9700000
YOR173W,DCS2,2110000,2980000,2010000,8720000,9810000,9630000
YCL045C,EMC1,9530000,9380000,9260000,9510000,9920000,9570000
YBL036C,YBL036C,10100000,10100000,8810000,10600000,10300000,9540000
YMR246W,FAA4,10400000,10700000,10300000,10700000,10300000,9540000
YLR069C,MEF1,5580000,6360000,5260000,9700000,8980000,9530000
YPL093W,NOG1,11500000,10800000,11200000,8990000,8950000,9490000
YER048C,CAJ1,8580000,8940000,8740000,9790000,10000000,9410000
YNL132W,KRE33,12600000,12300000,12000000,9480000,9470000,9390000
YOR227W,HER1,7060000,8100000,7780000,8740000,9460000,9380000
YPL260W,CUB1,5690000,6110000,5400000,9310000,9250000,9380000
YMR109W,MYO5,10500000,10000000,10800000,8370000,8340000,9360000
YGR207C,CIR1,8920000,9450000,8870000,9070000,9230000,9340000
YKL029C,MAE1,12600000,11900000,11900000,8880000,8090000,9320000
YOR367W,SCP1,9070000,9000000,8490000,10900000,10700000,9310000
YPR156C,TPO3,6070000,6330000,5690000,9030000,8760000,9300000
YPR173C,VPS4,7840000,7990000,7880000,9140000,9470000,9300000
YNL231C,PDR16,13800000,13400000,13700000,9390000,8880000,9290000
YDR172W,SUP35,9610000,10200000,9830000,8840000,8910000,9250000
YGR130C,YGR130C,4590000,5210000,4540000,9220000,10000000,9240000
YDR211W,GCD6,10300000,10400000,9250000,9530000,8970000,9230000
YGL043W,DST1,11700000,10700000,11000000,9820000,8730000,9230000
YER122C,GLO3,10900000,11100000,10700000,7770000,8880000,9220000
YGL070C,RPB9,7720000,8310000,7540000,8610000,8340000,9200000
YOR326W,MYO2,10900000,10500000,10800000,8810000,9240000,9190000
YDR294C,DPL1,8570000,8450000,8690000,8930000,9560000,9180000
YFR030W,MET10,11900000,13000000,10100000,10700000,10400000,9170000
YOR261C,RPN8,11700000,11500000,10900000,8610000,9440000,9170000
YBR261C,TAE1,8850000,8730000,8440000,10200000,9050000,9150000
YMR196W,YMR196W,1660000,2220000,1760000,8360000,8990000,9130000
YOR089C,VPS21,8430000,8540000,7740000,9030000,8690000,9090000
YGR043C,NQM1,2090000,2070000,1660000,8120000,9900000,9080000
YDR397C,NCB2,5270000,5900000,5320000,9980000,10600000,9060000
YOR271C,FSF1,11400000,10500000,10800000,9140000,8920000,9050000
YGR119C,NUP57,7600000,7990000,7460000,9100000,9440000,8990000
YLR113W,HOG1,9330000,9520000,8660000,8970000,8540000,8990000
YOL027C,MDM38,7210000,8530000,7890000,8290000,8410000,8990000
YOR051C,ETT1,9480000,9050000,8810000,9370000,9680000,8990000
YOR151C,RPB2,11800000,11300000,11000000,8820000,9340000,8930000
YPR063C,YPR063C,11500000,11300000,10800000,10000000,9120000,8910000
YOR215C,AIM41,4200000,4730000,3870000,9260000,9240000,8890000
YCL028W,RNQ1,8090000,6870000,7740000,7960000,8730000,8880000
YFR037C,RSC8,8600000,8860000,8440000,8790000,8940000,8870000
YLR435W,TSR2,8650000,9060000,8020000,10200000,9930000,8810000
YNL044W,YIP3,12900000,12600000,12200000,8370000,8250000,8770000
YLR172C,DPH5,14200000,12000000,11800000,11200000,11300000,8760000
YDR322C-A,TIM11,4620000,4670000,4190000,7620000,8310000,8730000
YMR022W,UBC7,10100000,9900000,9680000,8710000,8640000,8720000
YBR249C,ARO4,19200000,17400000,19400000,11300000,9740000,8700000
YDR101C,ARX1,12400000,12100000,11200000,9230000,8960000,8620000
YEL031W,SPF1,12700000,11500000,12700000,8100000,8140000,8610000
YKL214C,YRA2,10100000,10100000,9520000,8140000,7260000,8600000
YPL211W,NIP7,14100000,13600000,13900000,9240000,8290000,8590000
YKR081C,RPF2,9830000,9750000,10100000,8170000,7910000,8520000
YDR531W,CAB1,7830000,8150000,7180000,9790000,8490000,8500000
YKL065C,YET1,6330000,6040000,7090000,6710000,6910000,8500000
YAL049C,AIM2,8010000,8340000,7660000,7400000,8330000,8490000
YDL201W,TRM8,10400000,10300000,9770000,8470000,8310000,8490000
YLR292C,SEC72,8330000,7820000,7540000,8850000,8310000,8490000
YBL039C,URA7,12900000,12200000,11800000,8400000,8410000,8470000
YMR297W,PRC1,8320000,8170000,7600000,7930000,9380000,8460000
YDL235C,YPD1,6370000,6650000,6430000,8780000,8910000,8430000
YER159C,BUR6,4980000,5020000,4680000,9210000,8690000,8430000
YOR099W,KTR1,13700000,13900000,12900000,8540000,8580000,8420000
YDL236W,PHO13,10300000,10100000,9480000,8700000,8640000,8410000
YHR074W,QNS1,9040000,9360000,9320000,8160000,8210000,8400000
YDL178W,DLD2,6810000,6880000,6600000,7560000,7820000,8380000
YBR092C,PHO3,4780000,5270000,4640000,7680000,7950000,8370000
YCR002C,CDC10,7180000,7990000,6960000,9230000,8140000,8360000
YPL246C,RBD2,7110000,6100000,7340000,6480000,7510000,8360000
YER027C,GAL83,7090000,7230000,6490000,8210000,8500000,8350000
YNL108C,YNL108C,9330000,8960000,8400000,8820000,8220000,8340000
YNL251C,NRD1,13600000,13600000,12400000,8680000,8510000,8340000
YDL225W,SHS1,9960000,9960000,8550000,8130000,9000000,8330000
YDL021W,GPM2,3330000,3630000,3400000,8710000,8110000,8320000
YBR115C,LYS2,13200000,12300000,13900000,8640000,8070000,8300000
YJR148W,BAT2,5920000,5260000,5770000,8310000,7740000,8290000
YPL232W,SSO1,5810000,6250000,5750000,8580000,8660000,8280000
YNL219C,ALG9,7010000,7110000,6950000,7500000,8080000,8270000
YGR196C,FYV8,5300000,5950000,4830000,7130000,7860000,8250000
YGL019W,CKB1,7810000,8840000,7180000,8220000,7960000,8190000
YER006W,NUG1,11900000,11700000,11500000,8050000,8170000,8180000
YIL062C,ARC15,4220000,4400000,3980000,6790000,7760000,8180000
YKL058W,TOA2,6060000,5610000,5650000,8370000,9270000,8180000
YIL027C,EMC5,11100000,11200000,10300000,8350000,7780000,8170000
YMR261C,TPS3,5400000,5330000,5760000,7380000,7400000,8160000
YOL061W,PRS5,8250000,7790000,7640000,9210000,9090000,8140000
YIL022W,TIM44,7080000,7250000,6480000,8500000,7840000,8130000
YHR043C,DOG2,9080000,8710000,7750000,8200000,8820000,8120000
YOR224C,RPB8,8260000,8910000,7560000,9450000,9190000,8120000
YDL168W,SFA1,7530000,7820000,7170000,7470000,6650000,8110000
YFR047C,BNA6,8190000,8200000,7780000,8040000,7680000,8100000
YIR006C,PAN1,8030000,7980000,7660000,7780000,7760000,8070000
YKR049C,FMP46,2160000,2560000,2110000,7770000,7810000,8060000
YDL120W,YFH1,13600000,13100000,11200000,10200000,10400000,8020000
YJL012C,VTC4,24300000,24400000,21800000,8230000,8340000,8020000
YPL234C,VMA11,8040000,7160000,8470000,7540000,7870000,8020000
YHR170W,NMD3,11400000,10500000,10800000,7920000,7720000,8010000
YPR113W,PIS1,8160000,7420000,8610000,7220000,7640000,8010000
YJL060W,BNA3,7770000,8170000,8110000,8120000,7500000,8000000
YDL140C,RPO21,11100000,11200000,10300000,7900000,8290000,7980000
YJR072C,NPA3,8610000,8610000,7930000,7860000,7490000,7960000
YNL308C,KRI1,9060000,8260000,8960000,7630000,7760000,7960000
YOR241W,MET7,6600000,6980000,6570000,8050000,7770000,7950000
YBL058W,SHP1,8380000,8030000,8760000,7610000,8040000,7940000
YER080W,AIM9,8420000,8520000,8340000,7830000,8270000,7940000
YPL212C,PUS1,9010000,8670000,9210000,7530000,7600000,7910000
YDR232W,HEM1,6600000,6470000,6350000,7170000,7480000,7900000
YML128C,MSC1,1030000,1430000,1030000,7120000,7550000,7900000
YLR206W,ENT2,4860000,5310000,4900000,8030000,7880000,7880000
YNL014W,HEF3,7120000,9600000,0,8360000,7860000,7860000
YGR173W,RBG2,9090000,9070000,8910000,7990000,7340000,7840000
YKL212W,SAC1,7030000,6830000,6970000,6790000,6700000,7810000
YDL040C,NAT1,9650000,9320000,9980000,7380000,7680000,7780000
YER103W,SSA4,3570000,4610000,3360000,7240000,9620000,7780000
YOL049W,GSH2,8320000,8160000,7500000,8020000,7860000,7780000
YEL058W,PCM1,8710000,9130000,9020000,8570000,7980000,7770000
YMR189W,GCV2,14000000,11900000,14000000,6860000,7730000,7760000
YDL190C,UFD2,8770000,8720000,8390000,7510000,8280000,7750000
YFR006W,YFR006W,6990000,7050000,6530000,6820000,7890000,7730000
YPR060C,ARO7,9260000,10500000,8560000,8880000,8150000,7730000
YDR293C,SSD1,7730000,7580000,7760000,7490000,7310000,7710000
YBR164C,ARL1,10100000,10500000,9720000,8270000,7010000,7700000
YDR045C,RPC11,4150000,4570000,3590000,7960000,7340000,7690000
YFR050C,PRE4,8390000,9160000,8290000,8550000,7470000,7680000
YNR032C-A,HUB1,5890000,6220000,5660000,7930000,7360000,7680000
YKR084C,HBS1,6560000,6710000,6900000,7310000,7180000,7660000
YNL052W,COX5A,2380000,2940000,2100000,5820000,6130000,7660000
YOR265W,RBL2,6180000,6780000,5220000,8060000,8150000,7630000
YOR276W,CAF20,8010000,8260000,7460000,8730000,7740000,7620000
YHR137W,ARO9,15500000,12900000,17400000,5500000,6000000,7600000
YIL034C,CAP2,5010000,5430000,4930000,8270000,7770000,7600000
YER099C,PRS2,10200000,9370000,9670000,6350000,6300000,7590000
YOL016C,CMK2,6170000,6340000,6030000,8200000,7840000,7580000
YKL142W,MRP8,4160000,4390000,3780000,7280000,7960000,7570000
YMR090W,YMR090W,1770000,2230000,1530000,7710000,8260000,7550000
YDR001C,NTH1,4070000,4230000,4040000,6920000,7130000,7540000
YHR107C,CDC12,7440000,7300000,7310000,7280000,7620000,7540000
YAR002C-A,ERP1,13100000,12300000,12000000,7680000,8460000,7520000
YHR052W,CIC1,10400000,9350000,10500000,5570000,6740000,7520000
YML086C,ALO1,8820000,8430000,8990000,7410000,7910000,7510000
YJL041W,NSP1,7790000,8100000,7580000,7020000,7520000,7460000
YPR160W,GPH1,1700000,2510000,1700000,6470000,6760000,7450000
YGR167W,CLC1,5260000,5720000,4620000,7720000,8530000,7430000
YJL186W,MNN5,6520000,6870000,6960000,6830000,7060000,7420000
YBR014C,GRX7,10200000,9700000,9100000,7530000,8050000,7400000
YPL086C,ELP3,9540000,9930000,9000000,7640000,8170000,7390000
YGL221C,NIF3,11200000,10400000,10700000,7940000,6880000,7360000
YGL115W,SNF4,8830000,8480000,8390000,7650000,7750000,7350000
YGR232W,NAS6,4590000,5260000,4650000,8090000,8320000,7340000
YJL159W,HSP150,5660000,5380000,6140000,6690000,7930000,7330000
YPR088C,SRP54,10800000,9980000,10400000,7920000,6970000,7330000
YPL266W,DIM1,11900000,10900000,11400000,7480000,7240000,7300000
YBL068W,PRS4,10000000,9830000,9580000,7830000,7550000,7270000
YDL085C-A,YDL085C-A,4500000,4240000,4700000,7300000,7210000,7270000
YKL127W,PGM1,12900000,12300000,12700000,6600000,6230000,7260000
YBR046C,ZTA1,5860000,5100000,5670000,8040000,6610000,7250000
YDR408C,ADE8,9330000,9760000,9650000,6960000,6850000,7250000
YLL048C,YBT1,6680000,6460000,7020000,6860000,6780000,7250000
YOR370C,MRS6,5230000,5450000,4710000,7780000,7380000,7240000
YLR351C,NIT3,14300000,11800000,12100000,6990000,8330000,7220000
YJR064W,CCT5,10100000,10200000,9800000,7670000,7380000,7200000
YBL091C,MAP2,8140000,7780000,7690000,7310000,6840000,7190000
YLR384C,IKI3,8500000,9510000,8320000,7140000,7390000,7190000
YHR188C,GPI16,8340000,8480000,8540000,7140000,6890000,7180000
YIL124W,AYR1,4780000,4670000,4640000,8000000,7610000,7180000
YOR120W,GCY1,1680000,1700000,1530000,7480000,7800000,7180000
YDR516C,EMI2,6040000,6370000,6230000,7250000,7250000,7170000
YGR267C,FOL2,12600000,11200000,12400000,6950000,6570000,7130000
YJR117W,STE24,10400000,10000000,11000000,6510000,7130000,7130000
YHR108W,GGA2,8420000,8850000,8600000,7790000,7320000,7120000
YJR088C,EMC2,7860000,7970000,7410000,7320000,7250000,7110000
YKR016W,MIC60,4360000,4500000,4250000,6230000,6360000,7110000
YDL174C,DLD1,7030000,6990000,6940000,6960000,7240000,7100000
R0020C,REP1,15000000,14400000,15600000,7970000,7490000,7070000
YJL148W,RPA34,7970000,7740000,7290000,7150000,6900000,7070000
YNL153C,GIM3,6250000,6700000,5490000,7730000,8020000,7070000
YFR010W,UBP6,8170000,8180000,7850000,7100000,7070000,7060000
YCL017C,NFS1,8790000,8700000,9230000,7150000,6770000,7050000
YPL239W,YAR1,5450000,5840000,5060000,7880000,7870000,7040000
YPR137W,RRP9,8220000,7600000,6580000,6680000,6550000,7020000
YDR170C,SEC7,7940000,8310000,7670000,7110000,7140000,7010000
YDL065C,PEX19,5680000,5920000,5320000,7140000,7600000,6990000
YOR239W,ABP140,6620000,6720000,6510000,6960000,7510000,6990000
YPR149W,NCE102,2290000,2110000,2420000,6110000,6770000,6960000
YDR432W,NPL3,6530000,7080000,5580000,8330000,7580000,6950000
YMR131C,RRB1,10200000,10600000,9480000,7230000,6760000,6930000
YPL050C,MNN9,7940000,8360000,7940000,8270000,9280000,6920000
YBR205W,KTR3,8010000,7710000,7920000,6620000,7050000,6910000
YOR014W,RTS1,6370000,6200000,6440000,6510000,6620000,6910000
YPL010W,RET3,9470000,9200000,8880000,7510000,6750000,6910000
YNL045W,LAP2,6840000,6640000,6850000,6780000,6490000,6890000
YNL141W,AAH1,9060000,9510000,7550000,7870000,7250000,6890000
YPL032C,SVL3,7350000,7050000,6970000,6730000,6380000,6890000
YNL115C,YNL115C,2900000,2990000,2790000,6780000,7350000,6850000
YMR308C,PSE1,9350000,9770000,8950000,7090000,6970000,6810000
YBR034C,HMT1,5920000,6350000,5380000,6680000,6930000,6800000
YLR250W,SSP120,5030000,5170000,4950000,7150000,7330000,6800000
YMR220W,ERG8,7880000,7920000,7980000,6550000,6580000,6800000
YLR257W,YLR257W,2670000,3090000,2530000,5770000,6130000,6790000
YCR035C,RRP43,5510000,6420000,5710000,8040000,7160000,6780000
YDL015C,TSC13,6480000,6190000,7110000,6060000,6380000,6780000
YOR131C,YOR131C,5100000,5420000,4320000,7140000,6540000,6780000
YOR155C,ISN1,5400000,5590000,5200000,6680000,6730000,6780000
YDR496C,PUF6,8390000,7910000,7990000,6000000,5800000,6740000
YDR070C,FMP16,957183,1100000,662906,5560000,6400000,6730000
YBR214W,SDS24,2800000,2690000,2780000,5920000,6450000,6720000
YDR483W,KRE2,9270000,9200000,8490000,6330000,7030000,6720000
YNR035C,ARC35,6550000,6300000,6650000,6150000,6330000,6720000
YLR413W,INA1,9050000,9390000,9540000,5930000,6780000,6710000
YMR110C,HFD1,5990000,5890000,5880000,6720000,6880000,6710000
YDL095W,PMT1,7380000,7480000,8050000,6420000,6910000,6690000
YOR206W,NOC2,8850000,8330000,9110000,6100000,6350000,6680000
YOR303W,CPA1,6930000,6770000,5890000,8910000,6820000,6680000
YGL078C,DBP3,8180000,7420000,8030000,6560000,6500000,6660000
YJL178C,ATG27,7210000,7280000,7280000,6740000,6740000,6660000
YIL010W,DOT5,7660000,7200000,7800000,6530000,6490000,6650000
YKR070W,YKR070W,7140000,7080000,7420000,6120000,5570000,6640000
YBL017C,PEP1,5630000,5430000,5380000,6590000,6220000,6620000
YLR347C,KAP95,8320000,8760000,7800000,7340000,6530000,6620000
YER125W,RSP5,6930000,6660000,6310000,6650000,6720000,6600000
YGR208W,SER2,9980000,9980000,9900000,7090000,6550000,6600000
YMR272C,SCS7,4770000,5890000,4940000,5500000,5370000,6600000
YHR098C,SFB3,6350000,6250000,6040000,6650000,6570000,6590000
YBR208C,DUR12,5750000,6300000,6570000,4610000,6180000,6570000
YMR304W,UBP15,4040000,4380000,3950000,6480000,6580000,6550000
YPR118W,MRI1,7420000,7580000,7350000,6720000,6140000,6530000
YEL040W,UTR2,10500000,10300000,11300000,5490000,6750000,6510000
YIL021W,RPB3,6700000,6310000,6090000,7210000,7140000,6510000
YLL001W,DNM1,4490000,5020000,4490000,6320000,6430000,6500000
YLR420W,URA4,10200000,9620000,10000000,5420000,6030000,6500000
YPL063W,TIM50,6520000,6270000,5920000,6580000,6480000,6500000
YKL143W,LTV1,5670000,5230000,4960000,6170000,5830000,6470000
YOL123W,HRP1,6470000,6930000,7000000,6940000,7390000,6470000
YOR101W,RAS1,4970000,4910000,4500000,4940000,6250000,6470000
YMR296C,LCB1,8390000,7970000,8420000,7450000,6610000,6460000
YDR035W,ARO3,10500000,8610000,9580000,6700000,5550000,6450000
YGL040C,HEM2,7670000,7220000,8230000,5810000,6040000,6440000
YGR229C,SMI1,5820000,7110000,5110000,6580000,6610000,6440000
YIL118W,RHO3,10400000,9790000,9200000,7080000,6450000,6440000
YGR103W,NOP7,12000000,11300000,11800000,6600000,6480000,6430000
YGL100W,SEH1,5190000,5140000,4970000,6020000,6300000,6420000
YAL030W,SNC1,5290000,5500000,5410000,5860000,5700000,6410000
YPL265W,DIP5,8910000,8120000,9930000,5220000,6120000,6410000
YJR144W,MGM101,5130000,5580000,4900000,6330000,6290000,6400000
YNL330C,RPD3,6850000,7010000,6970000,6640000,6610000,6390000
YBR120C,CBP6,3170000,3600000,2810000,5070000,5840000,6360000
YHR009C,TDA3,3250000,3590000,3130000,6020000,6370000,6360000
YMR125W,STO1,8110000,7760000,8280000,6510000,6150000,6360000
YIL145C,PAN6,5810000,6560000,5680000,6720000,6400000,6350000
YKR065C,PAM17,4350000,5090000,4790000,6840000,6240000,6350000
YPR010C,RPA135,7900000,7300000,7410000,6310000,6460000,6350000
YPL190C,NAB3,8620000,8750000,8190000,6690000,6390000,6330000
YIL008W,URM1,4220000,4420000,3800000,7500000,7110000,6320000
YPL078C,ATP4,2230000,2630000,1990000,6430000,6740000,6320000
YER133W,GLC7,10400000,9200000,8570000,7040000,8010000,6300000
YMR218C,TRS130,5440000,5550000,5510000,5930000,6030000,6290000
YBR279W,PAF1,5050000,4840000,4860000,6590000,6930000,6280000
YLR248W,RCK2,5620000,5410000,5440000,6890000,7570000,6260000
YHR037W,PUT2,4720000,4630000,4510000,6060000,6240000,6250000
YIL111W,COX5B,2840000,3370000,2960000,6180000,5910000,6250000
YML120C,NDI1,2710000,3200000,2710000,5370000,6080000,6250000
YAL041W,CDC24,5340000,5210000,5080000,6320000,6440000,6220000
YCR071C,IMG2,4250000,4390000,3850000,5960000,5500000,6210000
YLR186W,EMG1,7940000,7430000,7880000,5700000,5820000,6210000
YBR029C,CDS1,5660000,5580000,6030000,5360000,6140000,6200000
YBR166C,TYR1,5680000,5640000,5830000,5910000,5830000,6190000
YDL103C,QRI1,6120000,6220000,5800000,6440000,6350000,6190000
YDL143W,CCT4,8680000,8790000,7820000,6600000,6310000,6190000
YER146W,LSM5,5860000,5800000,5100000,5350000,6820000,6190000
YLR203C,MSS51,4600000,4750000,4630000,5280000,5630000,6180000
YLR380W,CSR1,6200000,6390000,6350000,6190000,6300000,6170000
YKL215C,OXP1,6730000,6810000,6620000,5760000,5870000,6150000
YCL011C,GBP2,7270000,7250000,6980000,6050000,6380000,6120000
YJL115W,ASF1,3950000,4640000,4140000,7150000,7210000,6110000
YJL011C,RPC17,5530000,5750000,5060000,6980000,6470000,6100000
YLR348C,DIC1,5270000,5340000,5330000,5800000,5440000,6100000
YMR038C,CCS1,8550000,8590000,8010000,6320000,6250000,6100000
YMR290C,HAS1,8410000,7770000,7950000,6270000,6230000,6100000
YPR062W,FCY1,4780000,4630000,3890000,7240000,6670000,6080000
YML108W,YML108W,6360000,6760000,5880000,6810000,6570000,6070000
YPL126W,NAN1,8190000,7830000,7630000,5990000,6610000,6070000
YKL092C,BUD2,4550000,4440000,4710000,4100000,5160000,6060000
YMR305C,SCW10,3480000,3930000,3180000,5080000,5160000,6050000
YCR036W,RBK1,4770000,5160000,4830000,6430000,5800000,6040000
YNL160W,YGP1,1660000,1710000,1180000,5560000,7710000,6020000
YBR135W,CKS1,4670000,4960000,4360000,6680000,5950000,6000000
YKL213C,DOA1,4080000,4250000,4180000,5680000,5700000,5990000
YHR121W,LSM12,5280000,5700000,4910000,5930000,5680000,5980000
YMR236W,TAF9,4400000,5320000,4880000,6370000,6990000,5970000
YOR153W,PDR5,8000000,7970000,7900000,5430000,5940000,5970000
YLR291C,GCD7,9060000,9140000,8260000,6180000,6020000,5960000
YLR395C,COX8,0,2450000,1740000,4340000,4720000,5960000
YBL056W,PTC3,6320000,6020000,6350000,6290000,6250000,5950000
YNL123W,NMA111,7390000,7320000,7040000,5890000,5530000,5930000
YDR145W,TAF12,5850000,5670000,5610000,6170000,6050000,5920000
YGR175C,ERG1,6400000,7650000,6090000,5120000,4990000,5910000
YLR009W,RLP24,8860000,8200000,8750000,5500000,5530000,5910000
YMR178W,FPY1,6180000,5680000,6160000,5740000,6070000,5910000
YCR073W-A,SOL2,4850000,5150000,4830000,6860000,5210000,5890000
YOR091W,TMA46,6690000,6370000,7520000,5650000,5820000,5890000
YOR095C,RKI1,9390000,8200000,8440000,6570000,6050000,5880000
YNL180C,RHO5,5810000,5710000,5190000,6130000,5960000,5870000
YGR001C,EFM5,4480000,5030000,4490000,6590000,6230000,5860000
YML127W,RSC9,6120000,5740000,6520000,5550000,5510000,5850000
YIL137C,TMA108,7180000,7500000,6770000,5560000,5790000,5830000
YJL164C,TPK1,2400000,2690000,2220000,6400000,6160000,5810000
YGL022W,STT3,6910000,7030000,7820000,5310000,6100000,5800000
YFR014C,CMK1,2080000,2260000,1920000,5730000,5820000,5790000
YPL210C,SRP72,5960000,5890000,5750000,5750000,6210000,5790000
YFR011C,MIC19,4060000,4150000,3750000,5200000,5590000,5780000
YLR163C,MAS1,4380000,4380000,4120000,5680000,5870000,5760000
YNL036W,NCE103,4890000,3990000,3740000,7200000,5440000,5750000
YGR284C,ERV29,7540000,6390000,7370000,5220000,5560000,5740000
YLR089C,ALT1,3880000,3900000,3800000,5350000,5150000,5740000
YIL155C,GUT2,3010000,3060000,2830000,5850000,5610000,5730000
YOR123C,LEO1,3560000,3590000,3170000,5920000,6150000,5730000
YPR004C,AIM45,5120000,5310000,5040000,5520000,5180000,5720000
YIL039W,TED1,6160000,5870000,6380000,5060000,5660000,5710000
YKL151C,NNR2,2070000,2140000,1980000,6060000,5590000,5710000
YHR024C,MAS2,4770000,5120000,4630000,5870000,5550000,5700000
YMR241W,YHM2,9740000,9230000,10300000,5130000,5510000,5700000
YNR026C,SEC12,5260000,5400000,5550000,5210000,5540000,5700000
YJR140C,HIR3,5900000,6160000,6320000,6140000,6300000,5690000
YDR465C,RMT2,7660000,8030000,7140000,7020000,6040000,5680000
YEL042W,GDA1,8220000,8340000,8490000,5660000,5910000,5680000
YDL215C,GDH2,4920000,5160000,4590000,5870000,5450000,5670000
YDL051W,LHP1,5120000,5560000,5050000,7010000,6430000,5660000
YNL110C,NOP15,7660000,7760000,7360000,4750000,5140000,5660000
YDL153C,SAS10,5240000,5530000,5480000,5980000,5300000,5630000
YKL192C,ACP1,2500000,2450000,2400000,5100000,5180000,5610000
YDR062W,LCB2,6310000,5850000,6130000,5320000,6180000,5600000
YJL074C,SMC3,6290000,6240000,6250000,5330000,5480000,5600000
YHR045W,YHR045W,3640000,4050000,3340000,5620000,6040000,5590000
YOL098C,SDD3,5800000,6020000,5490000,5510000,5720000,5580000
YHR007C,ERG11,9290000,9510000,8130000,5350000,5610000,5570000
YBR191W,RPL21A,11000000,10300000,10700000,5440000,5510000,5550000
YBR252W,DUT1,6350000,6510000,5990000,5420000,5470000,5550000
YGR082W,TOM20,6170000,5720000,6100000,4950000,4750000,5530000
YOL064C,MET22,10800000,10100000,10100000,6770000,5720000,5530000
YNL216W,RAP1,4300000,4260000,3950000,6110000,5880000,5520000
YDR481C,PHO8,8420000,7520000,8440000,5190000,4820000,5510000
YDL212W,SHR3,6560000,6120000,6690000,5350000,5530000,5490000
YOL057W,YOL057W,6290000,6570000,6130000,5390000,5400000,5470000
YGR090W,UTP22,5570000,5340000,5420000,4890000,5290000,5460000
YOR108W,LEU9,5820000,5910000,5680000,6010000,5030000,5460000
YBR247C,ENP1,7090000,6920000,6920000,5380000,5080000,5450000
YER134C,YER134C,3580000,3560000,3110000,6040000,5830000,5450000
YJR075W,HOC1,5320000,5210000,5020000,6300000,5350000,5450000
YOR043W,WHI2,3440000,4050000,4110000,4890000,6240000,5450000
YCR017C,CWH43,4480000,4430000,5270000,5310000,4840000,5440000
YMR307W,GAS1,4360000,4560000,4390000,4910000,4950000,5430000
YPL084W,BRO1,4840000,4710000,4620000,5570000,5740000,5420000
YDL219W,DTD1,4150000,3950000,3620000,5770000,5590000,5410000
YKL057C,NUP120,6160000,5700000,6240000,5350000,5490000,5410000
YGR199W,PMT6,4660000,4920000,4460000,5010000,4930000,5390000
YLR201C,COQ9,3190000,3270000,2760000,5360000,5520000,5380000
YLR330W,CHS5,5600000,5310000,5200000,5340000,5390000,5370000
YLR287C,YLR287C,4940000,4980000,4710000,5160000,4840000,5360000
YDR044W,HEM13,6060000,5760000,5070000,4770000,5420000,5340000
YKL190W,CNB1,6130000,5800000,5420000,5630000,6610000,5330000
YHR029C,YHI9,7530000,7050000,7870000,5210000,5310000,5320000
YOR122C,PFY1,6010000,6120000,5910000,5120000,5030000,5320000
YHR039C,MSC7,5160000,4460000,5060000,4870000,5390000,5310000
YGR088W,CTT1,88938.1,153958,106631,3840000,4150000,5300000
YDR011W,SNQ2,4760000,4770000,4880000,5370000,5000000,5290000
YNL229C,URE2,5430000,4910000,5030000,5430000,4970000,5290000
YBR123C,TFC1,4360000,4310000,4470000,5090000,5330000,5270000
YJR104C,SOD1,5230000,5070000,3750000,6080000,6280000,5270000
YNL154C,YCK2,6780000,6820000,6890000,5520000,5560000,5260000
YDR441C,APT2,3240000,3390000,2850000,5510000,5230000,5250000
YMR237W,BCH1,6640000,6690000,6240000,5250000,4980000,5250000
YOR251C,TUM1,6030000,6230000,5820000,5150000,5300000,5250000
YDL181W,INH1,1080000,1470000,847637,5440000,5810000,5240000
YPL127C,HHO1,4490000,4320000,5010000,4640000,4780000,5240000
YNL243W,SLA2,5370000,5130000,4960000,5340000,5610000,5230000
YEL066W,HPA3,4600000,3710000,5520000,4140000,4580000,5220000
YHR005C,GPA1,4620000,4650000,4610000,5460000,5320000,5220000
YOL088C,MPD2,4850000,5180000,4650000,5130000,5240000,5220000
YIL115C,NUP159,4810000,4960000,4490000,5460000,5360000,5210000
YKL172W,EBP2,5500000,5290000,5110000,4590000,4300000,5200000
YJR010W,MET3,12400000,14200000,11400000,6530000,7180000,5190000
YOR040W,GLO4,2940000,7750000,3030000,8860000,10200000,5180000
YNL248C,RPA49,6010000,5790000,6100000,4720000,4780000,5170000
YCR043C,YCR043C,5740000,5220000,4910000,5220000,5250000,5160000
YER049W,TPA1,5880000,5880000,5850000,5580000,5220000,5160000
YLL029W,FRA1,4010000,3680000,3750000,6210000,5070000,5130000
YPL129W,TAF14,6690000,6380000,6030000,6100000,5790000,5130000
YLR328W,NMA1,3990000,3770000,4110000,5030000,4550000,5120000
YKL140W,TGL1,4070000,3770000,3950000,4340000,4780000,5100000
YLR178C,TFS1,1250000,1600000,1420000,4280000,4510000,5090000
YDR477W,SNF1,4440000,4330000,4580000,4740000,5170000,5080000
YIL083C,CAB2,5150000,4670000,5180000,4890000,4670000,5080000
YBR283C,SSH1,5560000,5480000,6650000,4380000,4880000,5070000
YBR234C,ARC40,5300000,4860000,5420000,4520000,4550000,5060000
YGR106C,VOA1,5990000,6810000,5520000,5660000,5460000,5060000
YBR222C,PCS60,4950000,5230000,4810000,4950000,5110000,5050000
YGR116W,SPT6,6540000,6470000,6510000,5110000,5320000,5040000
YIL035C,CKA1,5060000,4910000,5400000,5210000,5130000,5040000
YNL061W,NOP2,6030000,5360000,5610000,4700000,4990000,5040000
YLR146C,SPE4,4630000,4520000,3900000,5240000,5540000,5030000
YBR041W,FAT1,4230000,4020000,4740000,4350000,4560000,5020000
YLR389C,STE23,6110000,6140000,6140000,5300000,5390000,5020000
YCR034W,ELO2,9800000,9440000,11200000,4070000,4400000,5000000
YLR003C,CMS1,7540000,7830000,7170000,5730000,5060000,5000000
YMR129W,POM152,4740000,4700000,5040000,4770000,4900000,4990000
YBR245C,ISW1,5420000,5480000,5620000,4620000,5070000,4980000
YOR347C,PYK2,4530000,4070000,4320000,4990000,4570000,4980000
YPL067C,HTC1,2940000,3200000,2500000,5660000,5020000,4980000
YLL008W,DRS1,6390000,6120000,5710000,4500000,4890000,4970000
YKL017C,HCS1,4660000,5210000,4060000,5570000,4890000,4950000
YLR195C,NMT1,5050000,4720000,4950000,4650000,5120000,4950000
YAL036C,RBG1,7640000,6900000,7100000,5680000,5680000,4940000
YMR033W,ARP9,6420000,5600000,5830000,5100000,5150000,4940000
YGR080W,TWF1,5070000,4930000,5240000,5070000,4600000,4920000
YIL065C,FIS1,3640000,3860000,3300000,5290000,4870000,4920000
YJL068C,YJL068C,6270000,5880000,6220000,4880000,4860000,4920000
YLL034C,RIX7,4940000,4880000,4820000,4900000,5000000,4920000
YGR193C,PDX1,5080000,5410000,5000000,5150000,4920000,4910000
YBR049C,REB1,3610000,3610000,3440000,4840000,4930000,4900000
YLR449W,FPR4,9590000,8970000,9630000,4700000,5030000,4880000
YLR387C,REH1,6470000,5030000,6560000,4700000,4610000,4870000
YIL106W,MOB1,3630000,3680000,3920000,4870000,4460000,4860000
YLR268W,SEC22,5830000,4570000,4970000,5670000,6120000,4860000
YOR254C,SEC63,5860000,5660000,5700000,4990000,5050000,4860000
YCR093W,CDC39,4370000,4520000,4540000,4460000,4890000,4850000
YIL052C,RPL34B,9220000,7670000,7520000,4700000,4230000,4850000
YKL206C,ADD66,3770000,4350000,3410000,4480000,3930000,4850000
YKR095W-A,PCC1,4460000,4510000,3970000,4590000,4400000,4830000
YMR049C,ERB1,7900000,7450000,7800000,5090000,5110000,4830000
YDR121W,DPB4,2790000,2970000,2740000,5370000,4850000,4820000
YGL156W,AMS1,1210000,1210000,1060000,4470000,4760000,4810000
YPR034W,ARP7,4950000,4780000,4420000,5790000,5420000,4800000
YML075C,HMG1,5070000,5250000,5000000,5180000,5200000,4790000
YOR243C,PUS7,4900000,4880000,4710000,4480000,4330000,4780000
YDR452W,PPN1,4640000,4690000,4810000,4420000,4620000,4770000
YLR100W,ERG27,7700000,6630000,7710000,4830000,4420000,4770000
YKR067W,GPT2,2880000,2870000,2920000,3570000,4040000,4760000
YMR043W,MCM1,3510000,3320000,3020000,3990000,4400000,4760000
YDL092W,SRP14,7530000,6380000,6510000,6570000,6230000,4750000
YML017W,PSP2,5300000,5250000,5380000,4430000,4580000,4750000
YML105C,SEC65,5210000,5400000,5450000,5010000,5020000,4750000
YOR340C,RPA43,5730000,5190000,5710000,5080000,4900000,4750000
YMR089C,YTA12,3480000,3530000,3740000,4810000,4780000,4720000
YBR256C,RIB5,3520000,3410000,3280000,5260000,4490000,4710000
YDL144C,YDL144C,4220000,3980000,4100000,5030000,4460000,4700000
YJL155C,FBP26,3360000,3530000,3390000,4350000,4680000,4700000
YNR013C,PHO91,4970000,4590000,4640000,4650000,4350000,4700000
YBR160W,CDC28,4260000,4150000,4170000,4490000,4690000,4680000
YJL124C,LSM1,6530000,5750000,5560000,4790000,4210000,4680000
YOR125C,CAT5,4170000,4690000,3920000,5090000,5280000,4680000
YBR096W,YBR096W,8440000,6020000,8390000,4210000,4570000,4650000
YDR388W,RVS167,4920000,4910000,5170000,4480000,4630000,4650000
YGL001C,ERG26,5600000,5470000,5230000,4210000,4800000,4640000
YCR005C,CIT2,5280000,4800000,5390000,3810000,3890000,4630000
YNR051C,BRE5,4440000,4040000,4860000,4060000,4240000,4630000
YPL237W,SUI3,8930000,7260000,7720000,4850000,5500000,4630000
YBR015C,MNN2,4270000,4310000,3990000,4580000,4630000,4620000
YOL147C,PEX11,5030000,4940000,4640000,3450000,4630000,4620000
YPR189W,SKI3,4710000,5000000,4580000,4580000,4730000,4620000
YBR265W,TSC10,4140000,4190000,4130000,4190000,4390000,4610000
YDL122W,UBP1,4400000,4440000,4300000,4580000,4590000,4590000
YGL238W,CSE1,5860000,5720000,6080000,4240000,4500000,4580000
YLR243W,GPN3,4190000,4440000,3840000,4990000,5010000,4580000
YDL205C,HEM3,4020000,4280000,3840000,3770000,4110000,4570000
YHR046C,INM1,3790000,3690000,3530000,4980000,4550000,4570000
YDR189W,SLY1,4290000,4430000,4050000,4790000,4960000,4550000
YGR205W,TDA10,4100000,4360000,4090000,4680000,4840000,4550000
YLR410W,VIP1,6230000,5720000,5480000,4160000,4300000,4550000
YDR457W,TOM1,5050000,5220000,5310000,4370000,4580000,4540000
YKL010C,UFD4,3990000,3940000,3870000,3970000,4670000,4540000
YOR393W,ERR1,0,0,0,4630000,3690000,4530000
YGL099W,LSG1,5590000,5550000,5560000,4560000,4760000,4520000
YGR286C,BIO2,5180000,7710000,5850000,3700000,4010000,4510000
YIL105C,SLM1,2570000,2710000,2420000,4360000,4250000,4510000
YCL059C,KRR1,6710000,6280000,6820000,4220000,3830000,4500000
YDR234W,LYS4,5150000,6000000,4970000,4540000,4630000,4500000
YJR096W,YJR096W,1000000,1090000,946216,4820000,5160000,4490000
YCR046C,IMG1,3380000,3380000,2860000,4400000,4270000,4480000
YPL012W,RRP12,6460000,6340000,6600000,3860000,4290000,4480000
YDR453C,TSA2,955876,1180000,901794,4160000,4410000,4470000
YKR082W,NUP133,4070000,3920000,3910000,4090000,4180000,4470000
YOL140W,ARG8,3180000,2880000,2520000,6020000,4790000,4470000
YDL213C,NOP6,7030000,6340000,6550000,4630000,4390000,4460000
YHR063C,PAN5,6390000,6280000,6090000,5210000,5140000,4460000
YMR091C,NPL6,4110000,4360000,4180000,4590000,4670000,4450000
YGL027C,CWH41,4830000,4730000,4500000,4670000,4520000,4430000
YHL031C,GOS1,4450000,4450000,4100000,3900000,3370000,4430000
YGR157W,CHO2,5140000,5110000,5710000,3770000,4280000,4420000
YPL271W,ATP15,1960000,1930000,1810000,4100000,4110000,4420000
YDR518W,EUG1,4770000,4560000,4450000,4780000,4900000,4410000
YHR148W,IMP3,4890000,4680000,4270000,4580000,4430000,4400000
YKR025W,RPC37,4360000,4760000,3770000,4880000,4750000,4400000
YDR395W,SXM1,5810000,5880000,5880000,4420000,4590000,4390000
YEL011W,GLC3,777522,985091,578786,4590000,4510000,4390000
YOR220W,RCN2,3810000,4250000,3930000,4040000,4370000,4380000
YFL028C,CAF16,5300000,5030000,4940000,4760000,4420000,4370000
YPR029C,APL4,3960000,3700000,4000000,3920000,4140000,4360000
R0030W,RAF1,7960000,8800000,7660000,4620000,4710000,4350000
YBR101C,FES1,5170000,5370000,4760000,5220000,5300000,4350000
YNL312W,RFA2,5590000,5470000,5320000,4940000,4650000,4340000
YGL065C,ALG2,4410000,4340000,4390000,4440000,4430000,4330000
YIL020C,HIS6,4440000,4660000,4100000,4900000,4170000,4330000
YER019C-A,SBH2,7090000,6710000,8580000,3800000,4610000,4300000
YIR035C,NRE1,4020000,4280000,3430000,4100000,4820000,4300000
YAR014C,BUD14,3140000,3340000,3140000,4180000,4300000,4290000
YGR200C,ELP2,5180000,4990000,5010000,4160000,4120000,4290000
YKL088W,CAB3,3290000,3480000,3100000,4190000,4030000,4290000
YPL051W,ARL3,4530000,4150000,4020000,4510000,4440000,4290000
YIL121W,QDR2,5680000,5190000,6400000,3590000,3650000,4270000
YOR272W,YTM1,6920000,6700000,6140000,4490000,4370000,4270000
YDL223C,HBT1,0,175825,0,3450000,3800000,4260000
YDR120C,TRM1,6060000,5290000,5500000,4400000,3950000,4260000
YBR137W,YBR137W,4180000,4960000,5070000,3970000,4580000,4250000
YBR199W,KTR4,3960000,4180000,3750000,4450000,4600000,4250000
YGR261C,APL6,4590000,4730000,4640000,4210000,4520000,4230000
YGL167C,PMR1,5320000,4970000,5340000,4110000,4130000,4210000
YHR047C,AAP1,6360000,6010000,5830000,4580000,4030000,4210000
YMR157C,AIM36,2640000,3190000,2720000,4050000,4120000,4210000
YPR159W,KRE6,4410000,4660000,4790000,4010000,3920000,4210000
YDL031W,DBP10,4790000,4510000,4730000,3940000,4010000,4200000
YFR025C,HIS2,2340000,2260000,2030000,4730000,4750000,4200000
YHR012W,VPS29,3950000,3790000,3990000,4110000,4010000,4200000
YGR178C,PBP1,4460000,4750000,4750000,4300000,4250000,4190000
YBL007C,SLA1,4480000,4630000,4350000,4040000,4280000,4180000
YGL092W,NUP145,4030000,4050000,4070000,4080000,4150000,4180000
YKR035W-A,DID2,3210000,3120000,3200000,3890000,4210000,4180000
YPR133C,SPN1,4220000,4100000,3930000,3870000,4240000,4180000
YGR048W,UFD1,3580000,3460000,3460000,3880000,4110000,4170000
YHR026W,VMA16,3160000,3020000,3400000,3540000,4030000,4170000
YOL004W,SIN3,3440000,3620000,3430000,3910000,4240000,4170000
YOR357C,SNX3,4200000,3740000,3930000,4120000,3920000,4170000
YNL185C,MRPL19,3170000,3600000,3150000,3970000,4240000,4160000
YHR158C,KEL1,3560000,3750000,3680000,4440000,4530000,4150000
YLL041C,SDH2,1330000,2370000,1810000,3060000,3710000,4150000
YFR016C,AIP5,3360000,3550000,3310000,4640000,4670000,4140000
YKL005C,BYE1,3590000,3670000,3500000,3920000,4260000,4140000
YPR162C,ORC4,7000000,7150000,6450000,4960000,5000000,4140000
YCL034W,LSB5,3880000,4540000,3640000,4440000,4730000,4130000
YOL059W,GPD2,8390000,7410000,7620000,4810000,4350000,4130000
YDR165W,TRM82,6850000,6580000,6500000,4140000,4260000,4110000
YPL009C,RQC2,5560000,5280000,5490000,4180000,4170000,4110000
YPL207W,TYW1,3790000,4020000,3330000,3530000,4050000,4100000
YDL112W,TRM3,5130000,5120000,5060000,3560000,3990000,4090000
YGL112C,TAF6,4100000,4120000,4140000,4150000,4470000,4090000
YMR054W,STV1,3650000,3260000,3780000,4520000,4600000,4090000
YNL084C,END3,3360000,3500000,3260000,4100000,4120000,4090000
YNR034W-A,EGO4,783922,1220000,746954,4140000,5070000,4080000
YAL014C,SYN8,2650000,2800000,2440000,4170000,4320000,4070000
YJR017C,ESS1,4960000,5090000,4680000,4410000,4040000,4070000
YOR163W,DDP1,5080000,5160000,5190000,4470000,4200000,4070000
YBL026W,LSM2,4550000,4550000,4050000,4800000,4440000,4060000
YJL053W,PEP8,4330000,4310000,4220000,4210000,3900000,4060000
YKL100C,YPF1,3040000,2930000,3460000,3480000,3660000,4060000
YEL051W,VMA8,3510000,3520000,3140000,4530000,4130000,4050000
YER068W,MOT2,3820000,3430000,3710000,4040000,3990000,4050000
YFL016C,MDJ1,2360000,2260000,2400000,3530000,3520000,4050000
YKL019W,RAM2,2980000,3100000,2710000,4290000,3950000,4050000
YPR143W,RRP15,6330000,5910000,5640000,4550000,4670000,4050000
YDR116C,MRPL1,3030000,3320000,3310000,3860000,3870000,4040000
YDR380W,ARO10,10200000,8100000,11400000,2270000,2860000,4040000
YJL145W,SFH5,7030000,6070000,6110000,5140000,4330000,4040000
YNL002C,RLP7,6060000,5980000,5960000,3850000,4200000,4030000
YNL118C,DCP2,4050000,4000000,3770000,4000000,3720000,4030000
YMR208W,ERG12,5140000,4760000,4890000,4150000,3930000,4020000
YPL085W,SEC16,4590000,4480000,4340000,3900000,4050000,4020000
YGR195W,SKI6,4930000,4690000,4360000,4120000,3990000,4010000
YOL012C,HTZ1,7470000,6110000,7040000,3840000,3650000,4010000
YOL022C,TSR4,5200000,5190000,4750000,4090000,4050000,4010000
YHR081W,LRP1,4310000,4480000,4200000,4020000,4420000,4000000
YJL042W,MHP1,2670000,2720000,2790000,3860000,4000000,4000000
YOR074C,CDC21,3340000,3380000,3270000,4010000,4050000,4000000
YOR145C,PNO1,6100000,5920000,5640000,4100000,4010000,4000000
YJL101C,GSH1,3610000,3980000,3740000,4090000,4240000,3970000
YMR015C,ERG5,4530000,4670000,4630000,3610000,3920000,3970000
YOR222W,ODC2,5690000,6280000,6020000,4110000,4080000,3960000
YNL313C,EMW1,5460000,5210000,5300000,4060000,3800000,3950000
YGL044C,RNA15,3260000,3360000,3060000,4110000,3990000,3940000
YGL055W,OLE1,5830000,5130000,5520000,3990000,3840000,3940000
YJL184W,GON7,2930000,3050000,2610000,3900000,4180000,3940000
YKR072C,SIS2,3030000,2860000,2960000,3500000,3720000,3940000
YLR045C,STU2,4390000,4640000,4300000,3940000,4070000,3940000
YML036W,CGI121,3230000,3240000,3310000,4510000,4170000,3930000
YNL157W,IGO1,2500000,2810000,2100000,3940000,3510000,3930000
YLR114C,AVL9,3130000,3360000,2990000,4380000,4050000,3920000
YOR260W,GCD1,3930000,3970000,4010000,3730000,3850000,3920000
YJL076W,NET1,6010000,5540000,5810000,3650000,3850000,3910000
YFR001W,LOC1,4980000,3990000,4820000,3140000,3600000,3890000
YML035C,AMD1,4530000,4630000,4490000,3630000,3800000,3890000
YNR030W,ALG12,3270000,3110000,3020000,3460000,3540000,3890000
YGL039W,YGL039W,8890000,7460000,8090000,4190000,3450000,3880000
YHR001W,OSH7,3410000,3420000,3430000,3910000,3780000,3880000
YDL128W,VCX1,4280000,3940000,4910000,0,4190000,3870000
YIL162W,SUC2,4320000,4200000,4120000,3870000,3740000,3870000
YMR093W,UTP15,4950000,4800000,4770000,3660000,3670000,3870000
YNL062C,GCD10,4880000,4430000,4640000,3390000,3750000,3870000
YBL057C,PTH2,4540000,4310000,4010000,4330000,4240000,3860000
YIR008C,PRI1,4240000,4420000,4490000,4240000,3990000,3860000
YJR143C,PMT4,4900000,4450000,4950000,3510000,3630000,3860000
YDR047W,HEM12,2850000,3030000,2730000,3640000,3600000,3850000
YHR065C,RRP3,5420000,5170000,5150000,3890000,3880000,3850000
YMR212C,EFR3,5890000,4450000,4740000,3900000,4030000,3850000
YPL169C,MEX67,3960000,4250000,3440000,3660000,3830000,3850000
YBR106W,SND3,10500000,8540000,8020000,3940000,3620000,3840000
YDL060W,TSR1,4890000,4950000,4860000,4220000,3840000,3840000
YGR008C,STF2,980726,980538,891690,3490000,3580000,3840000
YMR244C-A,COA6,2760000,2730000,2870000,3310000,3300000,3840000
YOR126C,IAH1,2890000,3050000,2770000,4230000,4040000,3840000
YDR347W,MRP1,2820000,2860000,2630000,3650000,3790000,3830000
YER020W,GPA2,2820000,2620000,2830000,3750000,3680000,3830000
YLL021W,SPA2,4550000,4620000,4580000,3860000,3870000,3830000
YOL092W,YPQ1,5530000,4710000,6360000,3650000,3880000,3820000
YBR212W,NGR1,2770000,2880000,3290000,3820000,3920000,3810000
YDL161W,ENT1,3760000,3860000,3730000,4080000,3940000,3810000
YEL032W,MCM3,5460000,5760000,5650000,3960000,4150000,3810000
YDL052C,SLC1,4910000,4390000,4820000,3420000,3520000,3800000
YGL082W,YGL082W,4520000,4450000,4360000,3780000,3890000,3800000
YLR017W,MEU1,5040000,4780000,4610000,4160000,3930000,3800000
YKL179C,COY1,3970000,3710000,3880000,3160000,3410000,3790000
YMR008C,PLB1,2180000,2050000,2550000,3200000,3290000,3780000
YDR365C,ESF1,3640000,3470000,3370000,3520000,3740000,3770000
YOL071W,SDH5,1610000,2160000,1750000,3630000,3600000,3770000
YDR060W,MAK21,5080000,4540000,4890000,3600000,3820000,3760000
YJL061W,NUP82,3590000,3460000,3420000,3720000,3730000,3760000
YML117W,NAB6,3730000,3250000,3240000,3410000,3210000,3760000
YPL184C,MRN1,4530000,4050000,3920000,3860000,3540000,3760000
YPR024W,YME1,3480000,3660000,3470000,3530000,3810000,3760000
YKL128C,PMU1,4410000,4710000,4680000,4000000,3700000,3750000
YKR028W,SAP190,2580000,2700000,2470000,3220000,3590000,3750000
YOR280C,FSH3,3400000,2980000,3710000,4500000,3790000,3750000
YPL043W,NOP4,4690000,4510000,4890000,3520000,3680000,3750000
YBR159W,IFA38,5930000,4960000,6460000,3820000,3850000,3730000
YCR011C,ADP1,2440000,2520000,2540000,3710000,3930000,3730000
YNL001W,DOM34,3650000,3530000,3540000,3920000,3540000,3730000
YNL215W,IES2,2770000,2740000,2610000,3570000,3630000,3730000
YDL224C,WHI4,2600000,2740000,2540000,4060000,4220000,3720000
YFL007W,BLM10,4540000,4370000,4460000,3320000,3490000,3720000
YOR138C,RUP1,2410000,2510000,2170000,3680000,3860000,3720000
YBR139W,ATG42,2460000,2670000,2800000,3960000,3550000,3710000
YNL207W,RIO2,4180000,4160000,4100000,3550000,3580000,3710000
YBL022C,PIM1,3670000,3860000,3720000,3640000,3750000,3700000
YDR280W,RRP45,4900000,4720000,4980000,3730000,3610000,3700000
YLR083C,EMP70,4580000,4070000,4800000,3550000,3860000,3700000
YOL093W,TRM10,3500000,3550000,3150000,3450000,3920000,3690000
YMR174C,PAI3,1510000,1790000,1380000,3520000,3940000,3680000
YLR118C,TML25,5630000,5580000,4760000,3800000,4200000,3670000
YMR161W,HLJ1,4490000,4300000,4400000,3270000,3640000,3670000
YOR130C,ORT1,2990000,2800000,2980000,3680000,3430000,3670000
YPR072W,NOT5,3620000,3620000,3370000,3440000,3770000,3650000
YGL190C,CDC55,2580000,2550000,2480000,3370000,3680000,3630000
YLR274W,MCM5,3850000,3930000,3690000,3820000,3920000,3620000
YMR302C,YME2,2450000,2410000,2370000,3430000,3490000,3620000
YPR019W,MCM4,3550000,3470000,3510000,3640000,3620000,3620000
YGR255C,COQ6,1940000,2030000,1900000,3640000,3600000,3610000
YJR099W,YUH1,2660000,2730000,2660000,4290000,4390000,3610000
YKL014C,URB1,4540000,4170000,4530000,3090000,3410000,3610000
YGR203W,YCH1,2280000,2440000,2250000,3630000,3480000,3600000
YJL104W,PAM16,3000000,3430000,2780000,3600000,3490000,3590000
YOR221C,MCT1,2970000,3170000,2960000,3750000,3720000,3590000
YGR245C,SDA1,5930000,6010000,5530000,3210000,3390000,3580000
YKL110C,KTI12,4150000,3810000,4110000,3350000,3030000,3580000
YKL114C,APN1,3140000,3360000,3320000,3160000,3090000,3580000
YNL323W,LEM3,6200000,5580000,6260000,3320000,3400000,3580000
YPL019C,VTC3,17100000,17900000,14900000,3880000,3560000,3580000
YDL132W,CDC53,4040000,3670000,3990000,3370000,3500000,3570000
YHR016C,YSC84,3050000,2770000,3290000,2880000,3300000,3570000
YJR068W,RFC2,4300000,4350000,4330000,3340000,3520000,3570000
YKL073W,LHS1,4100000,4160000,4070000,3100000,3230000,3570000
YMR024W,MRPL3,3540000,3510000,3500000,3690000,3390000,3570000
YGL117W,YGL117W,5430000,4550000,4840000,3680000,2920000,3560000
YIL126W,STH1,3690000,3760000,3500000,3610000,3490000,3560000
YKL173W,SNU114,2880000,2630000,2940000,2920000,2980000,3560000
YLR200W,YKE2,3700000,3680000,3570000,3550000,3520000,3560000
YLR418C,CDC73,3860000,4140000,3830000,3820000,3650000,3550000
YMR170C,ALD2,2940000,3120000,3070000,3370000,3530000,3550000
YPL094C,SEC62,4150000,3810000,4030000,3260000,3580000,3550000
YNL181W,PBR1,5720000,4440000,5070000,3370000,3620000,3540000
YKL039W,PTM1,3790000,3290000,3160000,3920000,3630000,3530000
YCR087C-A,YCR087C-A,6030000,5170000,6280000,2950000,3150000,3520000
YDR434W,GPI17,3850000,3640000,3650000,3200000,3110000,3520000
YMR214W,SCJ1,4220000,4120000,3790000,3960000,3540000,3520000
YBL075C,SSA3,698145,723485,539303,3620000,4850000,3510000
YMR029C,FAR8,3500000,3320000,3460000,3440000,3460000,3510000
YPL228W,CET1,3680000,3460000,3700000,3370000,3440000,3510000
YGL244W,RTF1,3500000,3830000,3550000,3510000,3170000,3500000
YDL047W,SIT4,4130000,4240000,4120000,3510000,3500000,3490000
YNL290W,RFC3,4030000,4030000,3960000,3350000,3010000,3480000
YPL203W,TPK2,2300000,2310000,2000000,3410000,3530000,3480000
YHR028C,DAP2,2460000,2460000,2760000,3360000,3330000,3470000
YHR113W,APE4,3240000,3470000,3250000,2750000,3360000,3470000
YMR275C,BUL1,4080000,3650000,3760000,3570000,3540000,3470000
YNL048W,ALG11,3130000,3200000,3410000,2880000,3070000,3470000
YPL135W,ISU1,2590000,2630000,2740000,4240000,3360000,3470000
YGL255W,ZRT1,21500000,20000000,27800000,3280000,2800000,3460000
YPR184W,GDB1,1270000,1430000,1050000,3170000,3620000,3460000
YDL002C,NHP10,2080000,2210000,1870000,3640000,3540000,3450000
YHR038W,RRF1,2390000,2670000,2370000,3300000,3190000,3450000
YMR153W,NUP53,3030000,3210000,2140000,2370000,3070000,3450000
YGL153W,PEX14,3090000,2990000,2600000,3500000,3610000,3440000
YNL166C,BNI5,3080000,3190000,2950000,3560000,3490000,3440000
YGR128C,UTP8,4630000,4610000,4530000,3650000,3740000,3430000
YDR248C,YDR248C,3090000,3000000,3010000,3490000,3190000,3420000
YKL113C,RAD27,3200000,3220000,3120000,3020000,2980000,3420000
YNR052C,POP2,6160000,6030000,4890000,4080000,4260000,3420000
YAL042W,ERV46,5190000,4800000,4650000,2950000,3270000,3410000
YBR086C,IST2,2370000,2370000,2440000,3230000,3560000,3410000
YGR198W,YPP1,2770000,2650000,2730000,3230000,3290000,3410000
YGR277C,CAB4,3760000,3670000,3630000,3790000,3580000,3410000
YDR361C,BCP1,4440000,4440000,4110000,3510000,3510000,3400000
YJL082W,IML2,2200000,2220000,2550000,2810000,3060000,3400000
YJL171C,TOH1,3300000,2980000,3470000,2780000,3310000,3400000
YOR171C,LCB4,4190000,4230000,4190000,3660000,4040000,3400000
YBL069W,AST1,2950000,2660000,2990000,2960000,2990000,3390000
YBL079W,NUP170,3300000,3280000,3080000,3170000,3400000,3390000
YDR028C,REG1,2910000,2700000,2800000,3220000,3300000,3390000
YDR093W,DNF2,3650000,3580000,3730000,3410000,3300000,3390000
YOR281C,PLP2,2710000,2690000,2560000,3520000,3400000,3390000
YBR170C,NPL4,3340000,3380000,3210000,3350000,3180000,3370000
YNR006W,VPS27,2410000,2350000,2340000,3320000,3330000,3370000
YIL007C,NAS2,2260000,2210000,2100000,3780000,3710000,3360000
YBR151W,APD1,2590000,2620000,2680000,2990000,3160000,3350000
YGL172W,NUP49,2610000,2960000,2600000,3470000,3530000,3350000
YOR119C,RIO1,3510000,4120000,3550000,3540000,3970000,3350000
YOR165W,SEY1,3590000,3620000,3540000,3250000,3370000,3350000
YHR135C,YCK1,3510000,3490000,3440000,3190000,3400000,3340000
YOR267C,HRK1,2990000,2670000,2610000,3360000,3370000,3340000
YNL088W,TOP2,4770000,4600000,4840000,3220000,3350000,3330000
YAL043C,PTA1,3220000,3160000,3300000,3380000,3600000,3320000
YJL179W,PFD1,2910000,2880000,2670000,3590000,3190000,3320000
YML057W,CMP2,2700000,2750000,2740000,3260000,3320000,3320000
YPL116W,HOS3,3050000,3190000,2710000,3120000,3160000,3320000
YGL049C,TIF4632,3720000,3870000,3810000,3090000,3460000,3290000
YGR123C,PPT1,6010000,5860000,5530000,3080000,3280000,3290000
YHR106W,TRR2,1680000,1860000,1710000,2850000,3150000,3290000
YKL218C,SRY1,3870000,3510000,4150000,3700000,3280000,3290000
YMR061W,RNA14,2620000,2460000,2460000,3340000,3270000,3290000
YCR057C,PWP2,3840000,3710000,3770000,3110000,3220000,3280000
YLR133W,CKI1,3290000,3390000,3410000,3270000,3390000,3280000
YOR006C,TSR3,2630000,2960000,2670000,3370000,3160000,3280000
YHR169W,DBP8,3570000,3440000,3550000,3280000,3240000,3270000
YKL018W,SWD2,3140000,2990000,2740000,3260000,3160000,3270000
YNR037C,RSM19,2510000,2660000,2270000,3310000,3070000,3270000
YDR515W,SLF1,3270000,3140000,3100000,2970000,3020000,3260000
YJR032W,CPR7,3630000,3840000,3720000,3420000,2950000,3260000
YGL041W-A,DPC13,2580000,3240000,2590000,3110000,3260000,3250000
YLR220W,CCC1,2300000,2580000,2110000,2930000,3430000,3250000
YOR075W,UFE1,3200000,3270000,3160000,2780000,2980000,3250000
YPL023C,MET12,3640000,3480000,3240000,3640000,3510000,3250000
YDR039C,ENA2,4130000,3870000,3830000,3110000,3020000,3240000
YLR078C,BOS1,2920000,3220000,2690000,3260000,3570000,3240000
YAL059W,ECM1,4050000,3910000,3660000,2880000,2650000,3230000
YDL165W,CDC36,2470000,2300000,1590000,3100000,3140000,3230000
YHR051W,COX6,733662,938404,645226,3320000,3630000,3230000
YLR106C,REA1,4250000,4300000,4220000,2980000,3150000,3230000
YLR285W,NNT1,3010000,3060000,2670000,3390000,3590000,3230000
YLR433C,CNA1,3720000,3820000,3900000,3000000,3200000,3230000
YKL144C,RPC25,3490000,3400000,3160000,3120000,2910000,3210000
YNL232W,CSL4,4050000,4070000,3750000,3660000,3450000,3210000
YAL021C,CCR4,3730000,3370000,3490000,3210000,3400000,3200000
YML103C,NUP188,4170000,4030000,4230000,2820000,3340000,3200000
YMR278W,PRM15,3050000,3270000,2800000,3420000,3380000,3200000
YNL175C,NOP13,6380000,6160000,6060000,3290000,3620000,3200000
YOR109W,INP53,2730000,2690000,2820000,2870000,2930000,3200000
YPL217C,BMS1,4530000,4270000,4360000,3310000,3310000,3200000
YGR194C,XKS1,1370000,1460000,1390000,3070000,3030000,3190000
YLR372W,ELO3,4280000,4440000,5310000,3950000,4140000,3190000
YOR356W,CIR2,1380000,1710000,1230000,2800000,2960000,3190000
YDR135C,YCF1,3750000,3600000,3980000,3090000,3100000,3180000
YDR330W,UBX5,1740000,1910000,1710000,3210000,3190000,3180000
YGL058W,RAD6,4230000,3800000,3310000,3630000,4340000,3180000
YKL112W,ABF1,3540000,3480000,3370000,3410000,3440000,3180000
YKR062W,TFA2,2660000,2710000,2590000,2510000,2760000,3170000
YML067C,ERV41,5330000,4770000,4930000,3070000,2700000,3170000
YMR219W,ESC1,2340000,2350000,2210000,3230000,3230000,3170000
YBR155W,CNS1,4510000,4270000,4180000,3620000,3150000,3160000
YDR391C,YDR391C,1250000,1350000,1230000,3200000,3060000,3160000
YNL197C,WHI3,2760000,2920000,2780000,3010000,3120000,3160000
YOR110W,TFC7,2880000,2860000,2650000,3140000,3310000,3160000
YDL116W,NUP84,2990000,3060000,2750000,2990000,2890000,3150000
YDR201W,SPC19,1660000,1680000,1750000,3590000,3770000,3150000
YDR335W,MSN5,3770000,3450000,3740000,2830000,3030000,3150000
YER151C,UBP3,3720000,3250000,3730000,2990000,3230000,3150000
YGR129W,SYF2,4960000,5130000,5980000,4040000,3690000,3150000
YHR030C,SLT2,2000000,1950000,1850000,3060000,3120000,3150000
YNL263C,YIF1,4320000,4190000,4780000,2530000,3500000,3150000
YEL036C,ANP1,2180000,2230000,2190000,3040000,3310000,3140000
YER141W,COX15,1870000,2120000,2070000,2520000,2850000,3140000
YML131W,YML131W,5110000,5130000,5600000,2620000,3770000,3130000
YDR299W,BFR2,3590000,3660000,3470000,3200000,3070000,3120000
YJL030W,MAD2,3620000,3690000,3230000,3000000,2780000,3120000
YJR080C,AIM24,2610000,2740000,2640000,2410000,2480000,3110000
YKL068W,NUP100,3400000,3460000,3240000,2910000,2820000,3110000
YDR236C,FMN1,2280000,2190000,1960000,3030000,3140000,3100000
YKL175W,ZRT3,8100000,7540000,9320000,2760000,2690000,3100000
YBR094W,PBY1,3240000,3160000,3100000,3160000,3120000,3090000
YDR376W,ARH1,2780000,2840000,2740000,3230000,3350000,3090000
YFR024C-A,LSB3,4810000,3980000,4540000,3590000,3290000,3090000
YDR497C,ITR1,3590000,3630000,3610000,2270000,2890000,3080000
YEL015W,EDC3,3000000,3060000,2950000,3350000,3260000,3080000
YGR083C,GCD2,3970000,3770000,3650000,3220000,3100000,3080000
YHR127W,YHR127W,4470000,4650000,4340000,3360000,3270000,3080000
YIL002W-A,CMI7,4200000,4460000,4000000,2980000,3440000,3080000
YLR126C,YLR126C,4700000,3280000,4210000,4260000,3510000,3080000
YMR152W,YIM1,2520000,2440000,2550000,3020000,2770000,3080000
YOR112W,CEX1,3070000,3100000,3150000,2920000,2900000,3080000
YBR229C,ROT2,2790000,2760000,2650000,3050000,3210000,3070000
YDR292C,SRP101,3720000,3570000,3500000,3050000,3010000,3070000
YGL129C,RSM23,2350000,2580000,2580000,2660000,2610000,3070000
YHL030W,ECM29,5550000,5350000,5430000,2940000,2930000,3070000
YKL021C,MAK11,4190000,3860000,4400000,2680000,2840000,3070000
YLR221C,RSA3,2330000,2610000,2030000,3040000,2890000,3070000
YPR180W,AOS1,3580000,3370000,3420000,3600000,3120000,3070000
YGL014W,PUF4,3340000,3720000,3380000,3140000,3010000,3060000
YJL109C,UTP10,4430000,4200000,4380000,2870000,3120000,3060000
YOL076W,MDM20,3810000,3700000,3810000,3040000,3180000,3060000
YGL012W,ERG4,4860000,4200000,5220000,3050000,3440000,3050000
YGL164C,YRB30,2700000,2780000,2690000,3000000,3270000,3050000
YPL249C,GYP5,449925,599138,481400,3040000,3340000,3050000
YDL164C,CDC9,3590000,3420000,3300000,3340000,3230000,3040000
YEL012W,UBC8,1750000,1760000,1660000,3140000,3400000,3040000
YHR041C,SRB2,3020000,3330000,2790000,3490000,3190000,3040000
YIR001C,SGN1,2680000,2890000,2890000,2960000,3110000,3040000
YGL246C,RAI1,3360000,3000000,3040000,2930000,3170000,3030000
YKR071C,DRE2,3530000,4600000,3400000,2710000,2770000,3030000
YLL040C,VPS13,3350000,3240000,3340000,3150000,3130000,3030000
YAL029C,MYO4,2850000,2950000,2850000,2840000,3020000,3020000
YGR012W,MCY1,3210000,3200000,3330000,2950000,2730000,3020000
YDR358W,GGA1,2020000,1930000,2240000,2860000,2950000,3010000
YBR017C,KAP104,5490000,5830000,4960000,3480000,3320000,3000000
YGL119W,COQ8,2480000,2330000,2210000,2710000,3230000,3000000
YKL135C,APL2,2650000,2730000,2770000,2990000,3010000,3000000
YMR267W,PPA2,2740000,2830000,2670000,3050000,3130000,3000000
YOR065W,CYT1,931178,1120000,1080000,2440000,2840000,3000000
YOR085W,OST3,6040000,5220000,5980000,2770000,3160000,3000000
YGR063C,SPT4,2810000,2940000,2450000,3550000,3010000,2990000
YOL090W,MSH2,3460000,3460000,3300000,2980000,3030000,2990000
YML130C,ERO1,4540000,4400000,4500000,2960000,3280000,2970000
YLR219W,MSC3,2230000,2180000,1990000,2930000,2850000,2960000
YNL035C,YNL035C,2260000,2210000,1990000,3110000,3000000,2960000
YOR289W,YOR289W,1080000,1140000,1020000,2940000,2960000,2960000
YPR188C,MLC2,2830000,2760000,2150000,3020000,3030000,2950000
YDR144C,MKC7,3090000,2690000,3130000,2620000,2680000,2940000
YJL140W,RPB4,2840000,2840000,2490000,2740000,2910000,2940000
YNL256W,FOL1,3480000,3420000,3460000,3020000,3100000,2940000
YGR111W,YGR111W,2550000,2510000,2750000,2620000,2590000,2930000
YGR210C,YGR210C,3180000,3420000,3430000,2290000,2510000,2930000
YHR076W,PTC7,2830000,3050000,2820000,3150000,2970000,2930000
YJR103W,URA8,5340000,5560000,5330000,2780000,2830000,2930000
YLR335W,NUP2,4780000,4440000,4860000,2980000,2870000,2930000
YNL222W,SSU72,2340000,2920000,2650000,3770000,3270000,2930000
YGR266W,YGR266W,2780000,2730000,2890000,2570000,2810000,2920000
YHR060W,VMA22,2040000,1530000,1680000,3390000,3550000,2920000
YIR004W,DJP1,2520000,2150000,2660000,2690000,2560000,2920000
YMR286W,MRPL33,2860000,2640000,2670000,2540000,2590000,2920000
YDR300C,PRO1,4550000,4220000,4640000,2930000,2980000,2910000
YHR001W-A,QCR10,560669,482835,0,3070000,3310000,2910000
YLR215C,CDC123,2360000,2610000,2380000,3360000,3190000,2910000
YML030W,RCF1,2290000,2240000,2210000,2650000,2380000,2910000
YDR161W,ACL4,3000000,3050000,3040000,3280000,3680000,2900000
YHR114W,BZZ1,2760000,2730000,2660000,3120000,3020000,2900000
YHR138C,YHR138C,1010000,1120000,1100000,2840000,3050000,2900000
YLR225C,YLR225C,3790000,3770000,3800000,2690000,3170000,2900000
YMR112C,MED11,3220000,2800000,2960000,3210000,3270000,2900000
YNL005C,MRP7,2400000,2350000,2370000,2600000,2740000,2900000
YOR057W,SGT1,3320000,3370000,3170000,3120000,3040000,2900000
YPL195W,APL5,3210000,3220000,3030000,2640000,3090000,2900000
YER172C,BRR2,2860000,2880000,2810000,3080000,3160000,2890000
YJL097W,PHS1,5840000,5320000,6970000,1830000,2270000,2890000
YKR083C,DAD2,1570000,1810000,1550000,2950000,2970000,2890000
YMR041C,ARA2,1460000,1480000,1280000,3040000,2890000,2890000
YBL101C,ECM21,2780000,2640000,2960000,2480000,2690000,2870000
YBR057C,MUM2,1360000,1530000,1180000,3130000,3070000,2870000
YDR051C,DET1,2520000,2760000,2580000,2900000,2660000,2870000
YDR153C,ENT5,3040000,3100000,3110000,2460000,2720000,2870000
YGL159W,YGL159W,3350000,3050000,2980000,2960000,2840000,2870000
YKL091C,YKL091C,1480000,1370000,1190000,2460000,2360000,2870000
YPR073C,LTP1,3470000,3470000,3490000,3120000,2410000,2870000
YNL098C,RAS2,4030000,3780000,3460000,3110000,3230000,2860000
YPL125W,KAP120,3240000,3330000,3190000,2540000,2720000,2860000
YER127W,LCP5,3690000,3550000,3480000,2820000,2860000,2850000
YER155C,BEM2,3370000,3240000,3300000,2780000,2990000,2850000
YJR059W,PTK2,2190000,2270000,2280000,2670000,2790000,2850000
YML082W,YML082W,2710000,2670000,2640000,2810000,2870000,2850000
YNL173C,MDG1,2920000,3210000,3070000,2720000,2710000,2850000
YFL041W,FET5,3090000,2590000,2860000,2980000,2540000,2840000
YHR198C,AIM18,1540000,1640000,1620000,2880000,2940000,2840000
YJL047C,RTT101,2610000,3130000,2380000,2350000,2600000,2840000
YER166W,DNF1,2700000,2680000,2910000,2700000,2830000,2830000
YML004C,GLO1,2570000,2690000,2420000,2790000,2830000,2830000
YPL128C,TBF1,2270000,2370000,2310000,2480000,2610000,2830000
YGR125W,VSB1,2070000,2240000,2210000,2840000,2770000,2820000
YAL017W,PSK1,2040000,1950000,2010000,2670000,2600000,2810000
YJL081C,ARP4,3360000,3570000,3500000,2560000,2620000,2810000
YLR310C,CDC25,1990000,1960000,1920000,2900000,2890000,2810000
YNR053C,NOG2,3730000,3560000,3320000,2520000,2770000,2810000
YEL022W,GEA2,3500000,3380000,3530000,2710000,2790000,2800000
YMR188C,MRPS17,1640000,1700000,1680000,2550000,2680000,2800000
YOR141C,ARP8,2630000,2620000,2630000,2830000,2700000,2790000
YPR097W,LEC1,3470000,3510000,3390000,2550000,2540000,2790000
YDR449C,UTP6,3050000,3230000,3360000,2590000,2580000,2780000
YJL208C,NUC1,4080000,3840000,3560000,2850000,2630000,2780000
YNL021W,HDA1,2480000,2540000,2610000,2390000,2500000,2780000
YNR054C,ESF2,3600000,3750000,3650000,2970000,2900000,2780000
YEL003W,GIM4,2510000,2660000,2500000,3220000,3020000,2770000
YGR017W,YGR017W,1930000,2030000,2030000,2850000,2670000,2770000
YHR132C,ECM14,2920000,2830000,3010000,2690000,2930000,2770000
YLR038C,COX12,1060000,1290000,1060000,2180000,2530000,2770000
YKL165C,MCD4,2870000,2830000,3100000,2160000,2360000,2760000
YNL265C,IST1,2260000,2320000,2500000,3000000,3090000,2760000
YNL298W,CLA4,2480000,2480000,2350000,2930000,2890000,2760000
YDL058W,USO1,2810000,2860000,2660000,2730000,2890000,2750000
YDL141W,BPL1,4180000,3920000,4030000,2810000,3330000,2750000
YJL183W,MNN11,3370000,3240000,3300000,2590000,2600000,2750000
YJL050W,MTR4,3850000,3850000,3590000,2800000,2940000,2740000
YNR008W,LRO1,2130000,2110000,2120000,2580000,2820000,2740000
YHL013C,OTU2,3700000,3490000,3230000,2760000,2760000,2730000
YNL107W,YAF9,2640000,2540000,2390000,2950000,2580000,2730000
YNL292W,PUS4,3230000,3340000,3230000,2580000,2620000,2730000
YOL041C,NOP12,3920000,3530000,4120000,2680000,2580000,2730000
YDL150W,RPC53,3150000,3180000,2830000,2660000,2530000,2710000
YER101C,AST2,2040000,2060000,1890000,2920000,2780000,2710000
YJR034W,PET191,1560000,1610000,1690000,3020000,2910000,2710000
YNL147W,LSM7,2650000,2940000,2590000,2810000,2490000,2710000
YPL105C,SYH1,2550000,2460000,2520000,2640000,2540000,2710000
YAL039C,CYC3,2090000,1950000,1890000,2710000,2730000,2700000
YBL023C,MCM2,3090000,2880000,3180000,2690000,2720000,2700000
YBR236C,ABD1,2970000,2820000,2890000,2780000,2660000,2700000
YER139C,RTR1,1950000,2050000,1810000,2720000,2680000,2700000
YDR462W,MRPL28,1780000,2010000,1750000,2390000,2240000,2690000
YER010C,YER010C,6310000,5280000,4780000,3790000,4600000,2690000
YGL006W,PMC1,1520000,1660000,1990000,2330000,2940000,2690000
YGR024C,THG1,2970000,2950000,3240000,2510000,2380000,2690000
YJL176C,SWI3,2270000,2400000,2180000,2820000,3020000,2690000
YJR042W,NUP85,3340000,3290000,3000000,3370000,3270000,2690000
YER126C,NSA2,3990000,3480000,3840000,2660000,2470000,2680000
YGR120C,COG2,1980000,1950000,1650000,2860000,3130000,2680000
YOL077C,BRX1,3810000,3670000,3450000,2550000,2520000,2680000
YGR092W,DBF2,2480000,2350000,2480000,2540000,2410000,2670000
YJL158C,CIS3,3370000,3600000,3200000,2150000,2880000,2670000
YPL030W,TRM44,3390000,3080000,3250000,2520000,2660000,2670000
YPL079W,RPL21B,4990000,4500000,4850000,2840000,2920000,2670000
YCL001W,RER1,3430000,3140000,3370000,2570000,2790000,2660000
YDR117C,TMA64,2480000,2690000,2700000,2500000,2560000,2650000
YHL025W,SNF6,2000000,2010000,1760000,2690000,2890000,2650000
YHR117W,TOM71,3230000,3290000,3320000,2350000,2270000,2650000
YJL005W,CYR1,1800000,1890000,1730000,2410000,2460000,2650000
YLR276C,DBP9,3500000,3380000,3350000,2800000,2760000,2650000
YOR211C,MGM1,2190000,1950000,1900000,2460000,2730000,2650000
YDR164C,SEC1,2490000,2520000,2590000,2420000,2680000,2640000
YFL008W,SMC1,2300000,2280000,2330000,2590000,2590000,2640000
YGR271W,SLH1,2420000,2330000,2360000,2440000,2760000,2640000
YGR281W,YOR1,1880000,1830000,1970000,2150000,2490000,2640000
YKR038C,KAE1,2350000,2360000,2170000,2790000,2630000,2640000
YLL028W,TPO1,1340000,1470000,1130000,2090000,2820000,2640000
YHL039W,EFM1,3240000,3330000,3170000,2670000,2760000,2630000
YNR029C,ZNG1,2670000,2720000,2420000,2720000,2730000,2630000
YGL130W,CEG1,2340000,2240000,2380000,2510000,2680000,2620000
YIL038C,NOT3,2110000,2340000,2070000,2500000,2760000,2620000
YNL182C,IPI3,2910000,2870000,2710000,2510000,2580000,2620000
YKL028W,TFA1,2630000,2580000,2350000,2710000,2660000,2610000
YKL191W,DPH2,2600000,2700000,2490000,2400000,2310000,2610000
YDR324C,UTP4,2810000,2920000,2760000,2550000,2510000,2600000
YLR321C,SFH1,3750000,3490000,3310000,2700000,2650000,2600000
YOL006C,TOP1,2450000,2250000,2630000,2250000,2700000,2600000
YFR002W,NIC96,2620000,2590000,2700000,2440000,2750000,2590000
YKL041W,VPS24,1980000,2030000,1810000,2510000,2470000,2590000
YMR080C,NAM7,3250000,3250000,3340000,2380000,2560000,2590000
YBL105C,PKC1,2550000,2620000,2500000,2450000,2640000,2580000
YDR390C,UBA2,2420000,2390000,2410000,2320000,2500000,2580000
YNL212W,VID27,2920000,2750000,2780000,2590000,2590000,2580000
YER008C,SEC3,2520000,2540000,2420000,2370000,2470000,2570000
YHR070W,TRM5,2250000,2220000,2080000,2500000,2650000,2570000
YDL067C,COX9,1020000,1360000,1140000,2010000,2240000,2560000
YDR049W,VMS1,1950000,1830000,2000000,2450000,2340000,2560000
YLR290C,COQ11,1960000,1920000,1920000,2510000,2460000,2560000
YJR083C,ACF4,2040000,1750000,2220000,2580000,2490000,2550000
YLR312W-A,MRPL15,2250000,2270000,2070000,2360000,2430000,2550000
YOR069W,VPS5,1760000,1730000,1780000,2610000,2620000,2550000
YKL106W,AAT1,2550000,2310000,2370000,2480000,2200000,2540000
YLR222C,UTP13,2980000,2940000,2660000,2700000,2780000,2540000
YBR002C,RER2,2860000,2550000,2560000,2340000,2420000,2530000
YGL151W,NUT1,2340000,2240000,2340000,2470000,2460000,2530000
YGL213C,SKI8,3090000,3060000,3090000,2410000,2400000,2530000
YKL137W,CMC1,1340000,1610000,1160000,2350000,2510000,2530000
YNR018W,RCF2,4240000,3970000,4160000,1710000,2270000,2530000
YNR074C,AIF1,2360000,2270000,2540000,2390000,2260000,2530000
YDL157C,DMO2,4490000,3770000,4140000,2570000,2230000,2520000
YDR296W,MHR1,2060000,2090000,1960000,2390000,2330000,2520000
YIL063C,YRB2,2600000,2480000,2920000,2350000,2520000,2520000
YJL033W,HCA4,3810000,3590000,3500000,2440000,2430000,2520000
YOL126C,MDH2,979609,867791,830848,2000000,2210000,2520000
YPR055W,SEC8,2270000,2240000,2020000,2710000,2800000,2520000
YBL004W,UTP20,3820000,3730000,3840000,2350000,2320000,2510000
YER030W,CHZ1,3050000,3460000,3140000,2590000,2460000,2510000
YGL080W,MPC1,2090000,2180000,1950000,2610000,2180000,2510000
YGL087C,MMS2,3280000,3360000,3050000,3070000,3120000,2510000
YGR186W,TFG1,2980000,2960000,3230000,2310000,2330000,2510000
YIL130W,ASG1,3470000,2690000,3570000,2730000,2430000,2510000
YJR113C,RSM7,2100000,2230000,1860000,2530000,2270000,2510000
YML115C,VAN1,2240000,2530000,2350000,2500000,2320000,2510000
YMR009W,ADI1,1950000,2140000,1820000,2630000,2610000,2510000
YPL146C,NOP53,2770000,2690000,2580000,2070000,2660000,2510000
YAL026C,DRS2,2580000,2240000,2140000,2440000,2590000,2500000
YEL007W,MIT1,1730000,1700000,1550000,2530000,2580000,2500000
YGR095C,RRP46,2540000,2840000,2020000,2880000,2210000,2500000
R0040C,REP2,6670000,6610000,7240000,2500000,2400000,2490000
YGL094C,PAN2,2000000,1940000,1940000,2410000,2440000,2490000
YLR369W,SSQ1,2170000,2070000,2110000,2310000,2310000,2490000
YMR243C,ZRC1,2250000,2180000,2940000,2330000,2740000,2490000
YOR174W,MED4,1630000,1720000,1470000,2870000,2780000,2490000
YOR354C,MSC6,1720000,1780000,1400000,2410000,2400000,2490000
YPL152W,RRD2,2910000,2640000,2860000,2480000,2240000,2490000
YPL206C,PGC1,2300000,2340000,2490000,2390000,2770000,2490000
YDL019C,OSH2,1810000,1730000,1750000,2320000,2510000,2480000
YER029C,SMB1,2790000,2420000,2580000,2300000,2420000,2480000
YGL133W,ITC1,1430000,1560000,1350000,2410000,2240000,2470000
YGL232W,TAN1,3420000,3230000,3740000,2500000,2280000,2470000
YNL004W,HRB1,2380000,2540000,2240000,2930000,2630000,2470000
YHR196W,UTP9,2560000,2710000,2430000,2250000,2250000,2460000
YIL103W,DPH1,3170000,3170000,2990000,2600000,2320000,2460000
YLR441C,RPS1A,13700000,10900000,11300000,2070000,2320000,2460000
YML052W,SUR7,3610000,3510000,3360000,2840000,2530000,2450000
YDR268W,MSW1,1730000,1810000,1450000,2310000,2210000,2440000
YGL095C,VPS45,2460000,2340000,2400000,2520000,2510000,2440000
YML025C,YML6,2080000,2300000,2150000,2060000,1950000,2440000
YMR222C,FSH2,1960000,2160000,1710000,2850000,2660000,2440000
YAL031C,GIP4,1880000,1720000,1860000,2190000,2120000,2430000
YBR200W,BEM1,2460000,2410000,2310000,2400000,2390000,2430000
YFR041C,ERJ5,4580000,4200000,4970000,1930000,2100000,2430000
YMR058W,FET3,16400000,8390000,17300000,7090000,2130000,2430000
YMR291W,TDA1,2060000,1910000,2060000,2740000,2600000,2430000
YBL102W,SFT2,1560000,1360000,1780000,2220000,2510000,2420000
YCR067C,SED4,3040000,3010000,3030000,2480000,2380000,2420000
YER082C,UTP7,3090000,3320000,3140000,2630000,2510000,2420000
YKL063C,YKL063C,2010000,1830000,1600000,2640000,2940000,2420000
YGR065C,VHT1,2890000,2400000,3450000,2860000,1910000,2410000
YJL024C,APS3,3820000,3560000,3640000,2330000,2000000,2410000
YJL039C,NUP192,3100000,3030000,2990000,2380000,2560000,2410000
YKR042W,UTH1,1070000,1540000,1170000,2130000,2080000,2410000
YML034W,SRC1,2320000,2320000,2200000,2240000,2350000,2410000
YDR428C,BNA7,3620000,3910000,2990000,2610000,1890000,2400000
YGL050W,TYW3,2610000,2590000,2490000,2420000,2440000,2400000
YML107C,PML39,209426,224070,0,0,2200000,2400000
YOL087C,DUF1,1840000,1700000,1780000,2170000,2320000,2400000
YJR041C,URB2,2170000,2200000,2330000,2100000,2150000,2390000
YEL001C,IRC22,1670000,1270000,1530000,2540000,2580000,2380000
YLR209C,PNP1,2670000,2480000,2710000,2470000,2320000,2380000
YNL102W,POL1,2820000,2760000,2750000,2320000,2300000,2380000
YCR021C,HSP30,322425,252526,322498,1940000,3050000,2370000
YGR009C,SEC9,3160000,3030000,2950000,2440000,2210000,2370000
YIR022W,SEC11,4330000,3550000,3630000,2450000,2310000,2370000
YNL148C,ALF1,2500000,2300000,2190000,2280000,2400000,2370000
YPL199C,YPL199C,1800000,1860000,1890000,2560000,2240000,2370000
YNL288W,CAF40,2420000,2310000,2650000,2130000,2520000,2360000
YOL021C,DIS3,2790000,2780000,3000000,2260000,2410000,2360000
YBR281C,DUG2,3390000,3730000,3340000,2770000,2460000,2350000
YJR142W,YJR142W,2860000,2950000,2840000,2440000,2410000,2350000
YLR181C,VTA1,1690000,1900000,1800000,2480000,2440000,2350000
YLR309C,IMH1,2480000,2460000,2480000,2220000,2340000,2350000
YML062C,MFT1,1760000,1770000,1750000,1970000,1930000,2350000
YML071C,COG8,2330000,2240000,2010000,2280000,1970000,2350000
YGR189C,CRH1,2110000,2200000,2220000,2250000,2390000,2340000
YKL129C,MYO3,1900000,1900000,2060000,2110000,2130000,2340000
YNL090W,RHO2,3310000,3060000,2790000,2230000,2270000,2340000
YOL067C,RTG1,1660000,1650000,1430000,2620000,2540000,2340000
YOL149W,DCP1,2970000,3080000,2900000,2740000,2580000,2340000
YOR048C,RAT1,2590000,2560000,2350000,2320000,2400000,2340000
YBL055C,YBL055C,1950000,1960000,1860000,2440000,2240000,2330000
YGR030C,POP6,1660000,1310000,964684,2550000,2490000,2330000
YGR163W,GTR2,2130000,2140000,1910000,2590000,2390000,2330000
YGR241C,YAP1802,2290000,2130000,2080000,2530000,2480000,2330000
YJL133C-A,DPI8,1650000,1960000,1540000,2580000,2210000,2330000
YPR111W,DBF20,1460000,1690000,1440000,2060000,2190000,2330000
YHR181W,SVP26,4510000,3400000,4290000,2240000,2390000,2320000
YJL189W,RPL39,4080000,3430000,3920000,1730000,2530000,2320000
YLR056W,ERG3,5500000,4570000,5860000,2730000,2390000,2320000
YBL086C,YBL086C,1170000,1290000,1260000,2200000,2060000,2310000
YBR059C,AKL1,2250000,2170000,2170000,2500000,2370000,2310000
YGR152C,RSR1,3310000,3250000,3230000,2620000,2620000,2310000
YKL166C,TPK3,2240000,2140000,2080000,2170000,2490000,2310000
YKR002W,PAP1,2140000,2180000,2280000,1940000,1790000,2310000
YLR397C,AFG2,2550000,2420000,2500000,2200000,2060000,2310000
YLR399C,BDF1,2250000,2270000,2520000,2000000,1970000,2310000
YMR004W,MVP1,2470000,2550000,2450000,2300000,2470000,2310000
YDL202W,MRPL11,2110000,2260000,2020000,2030000,1750000,2300000
YEL055C,POL5,3150000,3200000,3100000,2080000,2230000,2300000
YFR040W,SAP155,2260000,2080000,1850000,1990000,2330000,2300000
YOR216C,RUD3,2150000,2110000,1940000,2360000,2590000,2300000
YDL208W,NHP2,2290000,2240000,1860000,1730000,2030000,2290000
YPL119C,DBP1,969142,1010000,1160000,2000000,2660000,2290000
YPL263C,KEL3,4340000,4130000,4450000,2260000,2050000,2290000
YPR091C,NVJ2,2240000,2040000,2210000,2330000,2260000,2290000
YNL059C,ARP5,2270000,2210000,2090000,2140000,2210000,2280000
YNL075W,IMP4,3650000,3590000,3670000,2330000,2510000,2280000
YDR041W,RSM10,1650000,1760000,1420000,2350000,2360000,2270000
YER120W,SCS2,3480000,3790000,3070000,2250000,1950000,2270000
YGL101W,YGK1,2220000,2250000,2110000,2520000,2660000,2270000
YGL111W,NSA1,3060000,2850000,3000000,2270000,2250000,2270000
YLR095C,IOC2,1850000,2120000,2560000,2290000,2570000,2270000
YBR227C,MCX1,2190000,2080000,2170000,2200000,2020000,2260000
YDL173W,PAR32,2250000,2010000,2030000,2400000,1900000,2260000
YGL224C,SDT1,3210000,3050000,2850000,1900000,1580000,2260000
YJR057W,CDC8,2060000,2060000,1870000,2430000,2290000,2260000
YKL194C,MST1,1320000,1260000,1220000,1880000,1880000,2260000
YLL015W,BPT1,1560000,1670000,1650000,2420000,2210000,2260000
YML007W,YAP1,1940000,1930000,1770000,2210000,2320000,2260000
YPR112C,MRD1,2970000,3010000,2930000,2210000,2310000,2260000
YBR003W,COQ1,2600000,2380000,2310000,2130000,2400000,2250000
YBR006W,UGA2,1340000,1840000,1500000,1960000,2230000,2250000
YHR034C,PIH1,2510000,2460000,2510000,2410000,2300000,2250000
YJL036W,SNX4,1730000,1790000,1790000,2120000,2040000,2250000
YOL086W-A,MHF1,1580000,1640000,1470000,2320000,2550000,2250000
YMR215W,GAS3,2110000,2260000,2480000,1750000,2260000,2240000
YNL129W,NRK1,2900000,3510000,2830000,2770000,2480000,2240000
YBR172C,SMY2,3220000,2840000,2830000,2640000,2360000,2230000
YGL017W,ATE1,1770000,1840000,1920000,2070000,1980000,2230000
YAR002W,NUP60,3260000,3070000,2930000,2260000,2300000,2220000
YIR003W,AIM21,1650000,1860000,1690000,2380000,2490000,2220000
YOR321W,PMT3,2840000,2270000,3020000,2140000,3250000,2220000
YJL165C,HAL5,1940000,1960000,1820000,1980000,2040000,2210000
YKL003C,MRP17,2230000,2510000,2080000,2040000,1920000,2210000
YMR277W,FCP1,1700000,1700000,1670000,2360000,2480000,2210000
YOR294W,RRS1,3670000,3540000,2960000,2250000,1980000,2210000
YDR430C,CYM1,1740000,1900000,1690000,2150000,2210000,2200000
YMR067C,UBX4,2100000,2090000,2120000,2390000,2170000,2200000
YDR394W,RPT3,2590000,2580000,2230000,2350000,2390000,2190000
YOR207C,RET1,2920000,2740000,2860000,2110000,1870000,2190000
YDR075W,PPH3,2270000,2260000,1880000,1760000,2880000,2180000
YDR221W,GTB1,2260000,2320000,2360000,1860000,1890000,2180000
YDR517W,GRH1,2200000,2520000,2340000,2800000,2570000,2180000
YGR117C,YGR117C,3000000,2790000,2930000,2230000,2200000,2180000
YDR508C,GNP1,4520000,4370000,4720000,1910000,2090000,2170000
YLR055C,SPT8,1880000,2050000,1640000,2550000,2570000,2170000
YOR116C,RPO31,2500000,2450000,2320000,2360000,2160000,2170000
YBL061C,SKT5,2190000,2210000,2100000,2180000,2040000,2160000
YIL107C,PFK26,1770000,1820000,1870000,2090000,2180000,2160000
YML029W,USA1,1610000,1610000,1520000,2190000,2300000,2160000
YHR003C,TCD1,2290000,2020000,2150000,2200000,1910000,2150000
YHR197W,RIX1,3370000,3010000,3390000,2110000,2450000,2150000
YIL095W,PRK1,1810000,1800000,1860000,2270000,2390000,2150000
YIL135C,VHS2,1500000,1600000,1470000,2350000,2250000,2150000
YOR124C,UBP2,2350000,2510000,2340000,2370000,2190000,2150000
YAL034C,FUN19,0,0,0,0,0,2140000
YBR103W,SIF2,1830000,1910000,1810000,2490000,2440000,2140000
YDL076C,RXT3,1700000,1710000,1700000,2210000,2160000,2140000
YGR247W,CPD1,2520000,2060000,2000000,2190000,2480000,2130000
YHL020C,OPI1,2270000,2320000,2120000,2020000,1940000,2130000
YNL087W,TCB2,4550000,4310000,4410000,2150000,2100000,2130000
YAL025C,MAK16,2870000,2750000,2480000,2030000,2050000,2120000
YIL005W,EPS1,2620000,2470000,2740000,2020000,2260000,2120000
YLR277C,YSH1,2450000,2620000,2300000,2050000,2260000,2120000
YMR139W,RIM11,1680000,1710000,1740000,2090000,2230000,2120000
YOR212W,STE4,2780000,2520000,2280000,2180000,2440000,2120000
YPR172W,YPR172W,2820000,2760000,2750000,2620000,2200000,2120000
YBL035C,POL12,2010000,2170000,2130000,2130000,2030000,2110000
YBR142W,MAK5,3280000,3120000,3140000,2050000,1980000,2110000
YLR356W,ATG33,2060000,1830000,0,2250000,1860000,2110000
YBR140C,IRA1,1830000,1780000,1820000,1920000,2210000,2100000
YDL010W,GRX6,5870000,4630000,5110000,2800000,2150000,2100000
YEL043W,GTA1,2210000,2200000,2010000,2080000,2070000,2100000
YKL051W,SFK1,1270000,1280000,1430000,2030000,1950000,2100000
YLL031C,GPI13,2030000,2090000,2010000,1920000,2240000,2100000
YMR285C,NGL2,2390000,2290000,2540000,1910000,2030000,2100000
YBR125C,PTC4,1980000,2150000,2120000,1980000,1880000,2090000
YFR028C,CDC14,2390000,2090000,2380000,1980000,1870000,2090000
YHR084W,STE12,2160000,1990000,1970000,2340000,2150000,2090000
YHR199C,AIM46,2340000,2140000,2100000,1990000,2240000,2090000
YKL167C,MRP49,1370000,1380000,1030000,2360000,2300000,2090000
YLR129W,DIP2,2510000,2380000,2450000,1920000,2100000,2090000
YML021C,UNG1,2730000,2470000,2520000,1890000,1800000,2090000
YNL315C,ATP11,1910000,2070000,1730000,2510000,2460000,2090000
YOR288C,MPD1,2670000,2420000,2610000,2000000,2120000,2090000
YEL052W,AFG1,1670000,1700000,1440000,1950000,2080000,2080000
YJR019C,TES1,1520000,1500000,1540000,2170000,2030000,2080000
YKR008W,RSC4,1880000,2000000,1880000,1900000,1960000,2080000
YPL001W,HAT1,2090000,2220000,2220000,2300000,2300000,2080000
YAL019W,FUN30,2180000,2060000,2000000,2050000,2330000,2070000
YGL005C,COG7,2010000,2200000,1610000,1440000,1980000,2070000
YGR028W,MSP1,1980000,2050000,2030000,2030000,1950000,2070000
YGR040W,KSS1,2180000,2240000,2050000,2330000,2220000,2070000
YGR187C,HGH1,2440000,2200000,2270000,1980000,2140000,2070000
YJR003C,MRX12,2360000,2450000,2410000,1970000,2040000,2070000
YOL070C,NBA1,2140000,1990000,1940000,2070000,2090000,2070000
YPR098C,TMH18,0,0,0,1070000,0,2070000
YDL237W,AIM6,2040000,2100000,1920000,1770000,1910000,2060000
YHR083W,SAM35,2220000,2160000,2120000,2200000,2300000,2060000
YLL011W,SOF1,2820000,2720000,2560000,1880000,1900000,2060000
YLR305C,STT4,2150000,2120000,2300000,1830000,1990000,2060000
YNR017W,TIM23,2460000,2200000,2270000,2170000,1920000,2060000
YPL245W,YPL245W,2400000,2580000,2450000,2100000,2050000,2060000
YDR194C,MSS116,2400000,2280000,2420000,1890000,1870000,2050000
YGR158C,MTR3,2070000,2170000,1940000,2410000,2440000,2050000
YGR275W,RTT102,2310000,2570000,2220000,2170000,2000000,2050000
YIL128W,MET18,1660000,1800000,1830000,1670000,1950000,2050000
YKL032C,IXR1,2200000,2090000,2230000,2190000,2280000,2050000
YMR158W,MRPS8,1870000,1900000,1710000,1890000,1730000,2050000
YPR018W,RLF2,1810000,1890000,1640000,2080000,2330000,2050000
YDL045C,FAD1,1980000,2010000,1870000,2010000,2040000,2040000
YDR119W,VBA4,1900000,1770000,1990000,1680000,1800000,2040000
YDR322W,MRPL35,1750000,1690000,1600000,2140000,2250000,2040000
YER014W,HEM14,1940000,1760000,2020000,1810000,2050000,2040000
YGL161C,YIP5,2120000,1720000,2300000,1550000,707362,2040000
YGL203C,KEX1,2110000,2140000,1920000,2000000,1990000,2040000
YOL135C,MED7,1430000,1560000,997605,2160000,2520000,2040000
YOL145C,CTR9,2400000,2300000,2360000,1880000,2120000,2040000
YOR036W,PEP12,1440000,1340000,1330000,2120000,2390000,2040000
YER164W,CHD1,2480000,2320000,2540000,1990000,2140000,2030000
YFL047W,RGD2,1810000,1860000,1700000,1780000,2000000,2030000
YLR398C,SKI2,2730000,2490000,2730000,1890000,1990000,2030000
YNL049C,SFB2,2900000,2640000,2710000,2190000,2010000,2030000
YOL055C,THI20,1660000,1770000,1560000,1520000,2200000,2030000
YOR115C,TRS33,1690000,1690000,1730000,1970000,2160000,2030000
YBR110W,ALG1,1890000,1760000,2100000,1820000,1780000,2020000
YCL037C,SRO9,3540000,3640000,3610000,1840000,1960000,2020000
YDR301W,CFT1,2130000,2160000,2130000,1730000,1650000,2020000
YGL201C,MCM6,2480000,2420000,2150000,2330000,2110000,2020000
YHR187W,IKI1,1990000,2210000,1820000,1420000,2090000,2020000
YIL088C,AVT7,3240000,2820000,3460000,1890000,1870000,2020000
YLL023C,POM33,1170000,1050000,1420000,1610000,1880000,2020000
YMR184W,ADD37,3280000,3480000,3120000,2660000,2510000,2020000
YNL032W,SIW14,1480000,1520000,1460000,2210000,2250000,2020000
YOR111W,YOR111W,1410000,1520000,1220000,2270000,2210000,2020000
YDR505C,PSP1,1480000,1400000,1450000,2030000,1940000,2010000
YGL023C,PIB2,2300000,2270000,2340000,2070000,2070000,2010000
YGL231C,EMC4,3840000,3370000,3660000,1920000,1880000,2010000
YGR145W,ENP2,3030000,2980000,2860000,2040000,2260000,2010000
YJR060W,CBF1,1740000,2090000,1760000,2360000,2210000,2010000
YCR054C,CTR86,1910000,1980000,1850000,1880000,2030000,2000000
YER079W,YER079W,1110000,960457,1250000,1770000,1950000,2000000
YFL013C,IES1,1380000,1630000,1400000,1890000,2010000,2000000
YGR026W,YGR026W,3110000,3430000,3230000,2380000,2240000,2000000
YGL150C,INO80,1620000,1570000,1660000,1880000,1980000,1990000
YIL016W,SNL1,0,1630000,1760000,1970000,1770000,1990000
YKL141W,SDH3,1190000,1140000,996616,1460000,1590000,1990000
YKR085C,MRPL20,2510000,2590000,2130000,2020000,1720000,1990000
YMR313C,TGL3,1410000,1460000,1430000,1880000,1900000,1990000
YNL137C,NAM9,1550000,1520000,1520000,1630000,1720000,1990000
YOR283W,YOR283W,2950000,2710000,3050000,1550000,2270000,1990000
YPR048W,TAH18,2150000,1950000,2030000,1710000,1840000,1990000
YBR095C,RXT2,1610000,1600000,1480000,1890000,1770000,1980000
YER171W,RAD3,1740000,1920000,1520000,1990000,2010000,1980000
YIL108W,YIL108W,2220000,2130000,2420000,1930000,2080000,1980000
YKL126W,YPK1,1920000,1760000,1930000,1750000,1760000,1980000
YKL139W,CTK1,1470000,1520000,1710000,1530000,1580000,1980000
YLR393W,ATP10,1430000,1380000,1310000,2040000,1930000,1980000
YMR135C,GID8,1120000,982934,1120000,1880000,1880000,1980000
YOR250C,CLP1,2010000,2150000,1890000,1990000,2000000,1980000
YBR108W,AIM3,1500000,1660000,1880000,1690000,1840000,1970000
YHL007C,STE20,3030000,2680000,2320000,1880000,1940000,1970000
YLR051C,FCF2,2990000,2710000,2850000,1920000,1890000,1970000
YLR455W,PDP3,1990000,1860000,1710000,2090000,2020000,1970000
YOR175C,ALE1,2960000,2980000,3210000,1970000,2010000,1970000
YPL144W,POC4,1930000,1980000,1900000,2100000,2010000,1970000
YBL033C,RIB1,2800000,2720000,2550000,1950000,1840000,1960000
YCL052C,PBN1,1750000,1640000,1680000,1840000,1870000,1960000
YML093W,UTP14,2630000,2530000,2420000,2060000,1910000,1960000
YOR094W,ARF3,2070000,1690000,1940000,1960000,1870000,1960000
YBR193C,MED8,1110000,1440000,896544,1920000,2140000,1950000
YBR202W,MCM7,1280000,1370000,1490000,1990000,2040000,1950000
YDR251W,PAM1,1670000,1670000,1580000,2020000,1820000,1950000
YGL086W,MAD1,1670000,1690000,1490000,1870000,1810000,1950000
YHR056C,RSC30,2440000,2510000,2300000,1850000,2300000,1950000
YIL091C,UTP25,2250000,2170000,2210000,1910000,1890000,1950000
YLR409C,UTP21,2620000,2530000,2420000,1860000,1810000,1950000
YNR027W,BUD17,2160000,2060000,1860000,2400000,2150000,1950000
YPL111W,CAR1,4670000,3500000,4450000,1510000,1910000,1950000
YGL047W,ALG13,1500000,1740000,1570000,2140000,2150000,1940000
YGL181W,GTS1,1900000,1850000,1860000,2130000,1950000,1940000
YGR084C,MRP13,1940000,2190000,1810000,2010000,2040000,1940000
YMR193W,MRPL24,1500000,1670000,1580000,1500000,1720000,1940000
YPR176C,BET2,1380000,1720000,1510000,2030000,1920000,1940000
YBR272C,HSM3,1600000,1650000,1430000,2080000,1970000,1930000
YLR199C,PBA1,3000000,3640000,3190000,2320000,2300000,1930000
YNL163C,RIA1,2180000,2120000,2010000,2130000,2100000,1930000
YOR304W,ISW2,1580000,1530000,1620000,1680000,1780000,1930000
YDR511W,SDH7,1620000,1610000,1340000,1460000,1440000,1920000
YER024W,YAT2,1340000,1170000,1410000,2300000,1810000,1920000
YML013W,UBX2,1800000,1690000,1760000,1890000,1910000,1920000
YML016C,PPZ1,1720000,1570000,1720000,1740000,1770000,1920000
YMR044W,IOC4,1840000,1790000,2000000,1560000,1740000,1920000
YNL297C,MON2,2200000,2100000,2150000,1660000,1720000,1920000
YPL101W,ELP4,2440000,2420000,2280000,1910000,1810000,1920000
YPL123C,RNY1,1030000,1120000,1190000,1680000,1960000,1920000
YDR287W,INM2,1580000,1700000,1580000,2220000,2020000,1900000
YKR031C,SPO14,1000000,1070000,1040000,1560000,1650000,1900000
YNL201C,PSY2,1860000,1910000,2000000,1950000,1920000,1900000
YPR037C,ERV2,2380000,2620000,2090000,1800000,1900000,1900000
YBR102C,EXO84,1430000,1500000,1440000,1920000,1920000,1890000
YDR470C,UGO1,1370000,1360000,1450000,1820000,2080000,1890000
YKL053C-A,MDM35,639330,693588,633188,1290000,1680000,1890000
YKL204W,EAP1,2080000,1940000,2310000,1550000,1510000,1890000
YOR001W,RRP6,1970000,1990000,1960000,1900000,1860000,1890000
YOR189W,IES4,1500000,1580000,1220000,1950000,2180000,1890000
YDR404C,RPB7,2030000,1750000,2060000,1760000,2030000,1880000
YFR013W,IOC3,1610000,1610000,1510000,1600000,1880000,1880000
YNL306W,MRPS18,1320000,1440000,1350000,1770000,1810000,1880000
YOL031C,SIL1,2050000,2130000,1950000,1920000,2050000,1880000
YPL122C,TFB2,1900000,1790000,1730000,1930000,2050000,1880000
YPL204W,HRR25,2100000,2210000,2020000,1860000,1780000,1880000
YPR178W,PRP4,1380000,1450000,1470000,1980000,2050000,1880000
YDR195W,REF2,1960000,1920000,1890000,1760000,1820000,1870000
YDR331W,GPI8,2240000,2200000,1950000,2190000,2120000,1870000
YER001W,MNN1,1420000,1550000,1500000,1570000,1910000,1870000
YMR216C,SKY1,1410000,1350000,1350000,1550000,1870000,1870000
YNL264C,PDR17,2140000,2180000,2080000,2020000,1980000,1870000
YNR067C,DSE4,1720000,1630000,1760000,1530000,1730000,1870000
YDR375C,BCS1,1350000,1370000,1340000,1770000,1690000,1860000
YGR237C,YGR237C,1270000,1230000,1120000,1640000,1870000,1860000
YKL203C,TOR2,1710000,1620000,1560000,1590000,1760000,1860000
YPR032W,SRO7,2200000,2100000,2350000,1790000,1840000,1860000
YDR141C,DOP1,2260000,2180000,2160000,1680000,1840000,1850000
YGR174C,CBP4,852098,0,1170000,1950000,1960000,1850000
YIL044C,AGE2,969482,1100000,1160000,1700000,2100000,1850000
YLR241W,CSC1,2570000,2380000,2520000,1340000,1580000,1850000
YBR288C,APM3,1950000,2290000,1940000,1740000,1770000,1840000
YDR333C,RQC1,2110000,2040000,2060000,1690000,2060000,1840000
YGL227W,VID30,1050000,1020000,1190000,1730000,1870000,1840000
YGR184C,UBR1,2080000,2180000,2160000,1910000,1950000,1840000
YHR132W-A,IGO2,1610000,1690000,1400000,1550000,1350000,1840000
YLR388W,RPS29A,2730000,2120000,2800000,1220000,2060000,1840000
YNL262W,POL2,2040000,2080000,2190000,1770000,2010000,1840000
YOL066C,RIB2,1350000,1580000,1280000,1620000,1640000,1840000
YOL094C,RFC4,2920000,2640000,2730000,1780000,1710000,1840000
YPR166C,MRP2,2160000,2230000,1770000,1840000,1750000,1840000
YDR055W,PST1,832725,960164,904551,1640000,1930000,1830000
YFL001W,DEG1,1900000,1800000,2050000,1750000,1610000,1830000
YGL241W,KAP114,1870000,1860000,1860000,1920000,1850000,1830000
YHR099W,TRA1,1990000,1950000,2120000,1710000,1830000,1830000
YNL246W,VPS75,1180000,1290000,1060000,1930000,1870000,1830000
YDR138W,HPR1,1320000,1440000,1520000,1580000,1640000,1820000
YDR229W,IVY1,1160000,1260000,1110000,1980000,2000000,1820000
YGR165W,MRPS35,2040000,2090000,1870000,1940000,1970000,1820000
YPL015C,HST2,1470000,1230000,1320000,1630000,2080000,1820000
YDR424C,DYN2,1760000,1910000,2010000,1810000,1880000,1810000
YIR026C,YVH1,3420000,2860000,3300000,1690000,1920000,1810000
YLR364W,GRX8,1930000,2090000,1720000,1820000,2690000,1810000
YML059C,NTE1,2280000,2170000,2340000,1610000,1760000,1810000
YNR038W,DBP6,2780000,2660000,2730000,1800000,1780000,1810000
YHR073W,OSH3,1730000,1700000,1900000,1620000,1870000,1800000
YJL098W,SAP185,1820000,1720000,1670000,2310000,2180000,1800000
YKL013C,ARC19,1860000,1870000,1610000,2370000,1970000,1800000
YLR119W,SRN2,1580000,1730000,1390000,2420000,2040000,1800000
YLR187W,SKG3,1410000,1420000,1390000,1520000,1770000,1800000
YOR229W,WTM2,1570000,1510000,1360000,1780000,1650000,1800000
YPR089W,YPR089W,1540000,1600000,1570000,1700000,1700000,1800000
YBR198C,TAF5,1880000,1990000,1930000,1810000,1730000,1790000
YDR017C,KCS1,1650000,1530000,1670000,1750000,1800000,1790000
YDR305C,HNT2,2080000,2050000,2330000,1670000,1450000,1790000
YDR351W,SBE2,0,0,0,0,0,1790000
YER087C-B,SBH1,3250000,3560000,3670000,1710000,2090000,1790000
YGR262C,BUD32,1690000,1500000,1520000,1840000,1770000,1790000
YER105C,NUP157,2050000,2090000,2100000,1790000,1910000,1780000
YHR069C,RRP4,1580000,1450000,1470000,1670000,1600000,1780000
YJR051W,OSM1,2180000,2270000,2220000,2100000,1970000,1780000
YLR345W,YLR345W,1320000,1140000,1130000,1810000,1810000,1780000
YLR419W,YLR419W,1960000,1770000,1940000,1500000,1780000,1780000
YMR005W,TAF4,1940000,1820000,1870000,1720000,1860000,1780000
YNL272C,SEC2,1770000,1770000,1700000,1750000,1850000,1780000
YOL042W,NGL1,1780000,0,0,1960000,2000000,1780000
YBL107C,MIX23,1690000,1660000,1380000,1850000,1870000,1770000
YBR058C,UBP14,2080000,2020000,2140000,1640000,1690000,1770000
YBR117C,TKL2,542172,0,0,1840000,2030000,1770000
YCR072C,RSA4,2650000,2720000,2810000,1900000,1680000,1770000
YER114C,BOI2,1760000,1670000,1750000,1790000,1770000,1770000
YIL143C,SSL2,1400000,1360000,1590000,1730000,1810000,1770000
YJR093C,FIP1,1420000,1330000,1200000,1830000,2110000,1770000
YNL225C,CNM67,1190000,1260000,1230000,1590000,1750000,1770000
YBL016W,FUS3,1590000,1540000,1570000,1470000,1530000,1760000
YBL051C,PIN4,1980000,1840000,1820000,1770000,1790000,1760000
YBL074C,AAR2,1390000,1430000,1140000,1550000,1560000,1760000
YHR205W,SCH9,1490000,1560000,1330000,2020000,1990000,1760000
YKL079W,SMY1,1390000,1160000,1350000,1530000,1570000,1760000
YMR128W,ECM16,3350000,3090000,3370000,1770000,1920000,1760000
YOR078W,BUD21,1640000,1550000,1620000,1530000,1850000,1760000
YBR074W,PFF1,2570000,2320000,2590000,1460000,1620000,1750000
YDL167C,NRP1,2350000,2270000,2170000,1730000,1510000,1750000
YGR068C,ART5,1430000,1420000,1610000,1740000,1700000,1750000
YHR072W,ERG7,2800000,2580000,2510000,1800000,2110000,1750000
YHR088W,RPF1,3400000,3010000,3480000,1580000,1610000,1750000
YJR001W,AVT1,1930000,1770000,1740000,1770000,1850000,1750000
YLR093C,NYV1,2140000,2290000,2130000,1780000,1890000,1750000
YML097C,VPS9,1420000,1660000,1550000,1460000,1510000,1750000
YMR115W,MGR3,2010000,1910000,1810000,1820000,1630000,1750000
YPL059W,GRX5,1520000,1750000,1990000,2090000,2260000,1750000
YPL186C,UIP4,312853,330650,0,1750000,2100000,1750000
YHR062C,RPP1,2400000,2340000,2530000,1720000,1500000,1740000
YPL259C,APM1,2050000,2040000,1980000,1660000,1570000,1740000
YAR042W,SWH1,1440000,1450000,1430000,1840000,1620000,1730000
YDL148C,NOP14,2250000,2320000,2170000,1710000,1820000,1730000
YDR122W,KIN1,1390000,1210000,1430000,1590000,1730000,1730000
YDR289C,RTT103,1500000,1520000,1460000,1740000,1750000,1730000
YGL061C,DUO1,1860000,1950000,2210000,1720000,1780000,1730000
YJL031C,BET4,1890000,1850000,1980000,1880000,1740000,1730000
YJL201W,ECM25,1870000,1590000,1730000,1560000,1700000,1730000
YMR239C,RNT1,1920000,2000000,1740000,1700000,1780000,1730000
YNR022C,MRPL50,1200000,1190000,1010000,1610000,1660000,1730000
YPR051W,MAK3,2540000,3030000,2510000,1790000,1640000,1730000
YBR289W,SNF5,1360000,1350000,1350000,1640000,1800000,1720000
YCL054W,SPB1,1790000,1650000,1800000,1560000,1890000,1720000
YDL204W,RTN2,0,78799,0,1590000,1510000,1720000
YDR245W,MNN10,1670000,1590000,1740000,1680000,1810000,1720000
YDR367W,KEI1,2250000,1950000,2970000,1690000,2560000,1720000
YHR147C,MRPL6,1600000,1640000,1490000,1730000,1580000,1720000
YJR049C,UTR1,1710000,1670000,1830000,1880000,1730000,1720000
YKL001C,MET14,1880000,2300000,1680000,2060000,2720000,1720000
YOL010W,RCL1,2180000,1950000,2070000,1700000,1610000,1720000
YOL045W,PSK2,1320000,1470000,1480000,1700000,1600000,1720000
YOR210W,RPB10,2550000,2320000,2350000,1360000,1740000,1720000
YGL067W,NPY1,1400000,1380000,1340000,1780000,1620000,1710000
YHL004W,MRP4,1380000,1460000,1400000,1540000,1700000,1710000
YMR039C,SUB1,788897,853011,877565,1160000,1650000,1710000
YOR056C,NOB1,1820000,1720000,1700000,1580000,1670000,1710000
YBR112C,CYC8,1850000,1860000,1750000,1720000,1920000,1700000
YJL087C,TRL1,1720000,1700000,1680000,1610000,1660000,1700000
YNR041C,COQ2,2280000,2070000,2260000,1440000,1680000,1700000
YPR190C,RPC82,2500000,2340000,2420000,1650000,1690000,1700000
YDR005C,MAF1,1630000,2110000,1780000,2070000,2090000,1690000
YDR231C,COX20,1420000,1390000,1380000,1280000,1530000,1690000
YDR257C,RKM4,1490000,1450000,1570000,1700000,1770000,1690000
YER056C,FCY2,2710000,2710000,2970000,1080000,1510000,1690000
YGL077C,HNM1,1830000,2030000,2030000,1490000,1520000,1690000
YGR201C,YGR201C,749909,682891,0,1940000,1880000,1690000
YIL147C,SLN1,1630000,1540000,1700000,1690000,1720000,1690000
YJL141C,YAK1,1060000,861452,955815,1490000,1880000,1690000
YLR286C,CTS1,0,0,0,1150000,1500000,1690000
YMR197C,VTI1,1860000,1650000,1670000,2200000,1720000,1690000
YPL002C,SNF8,1210000,1250000,1090000,1710000,1700000,1690000
YPR131C,NAT3,2210000,2460000,2180000,1670000,1650000,1690000
YBR122C,MRPL36,1320000,1560000,1540000,1440000,1680000,1680000
YDL088C,ASM4,1400000,1250000,1290000,1510000,1500000,1680000
YDL111C,RRP42,2130000,2300000,2430000,1830000,1760000,1680000
YDR083W,RRP8,1890000,2070000,2100000,1320000,1510000,1680000
YDR354W,TRP4,2960000,2310000,2580000,1930000,1870000,1680000
YML031W,NDC1,1690000,1610000,1700000,1480000,1610000,1680000
YMR247C,RKR1,1820000,1840000,1850000,1600000,1670000,1680000
YOL069W,NUF2,1580000,1560000,1530000,1610000,1780000,1680000
YPR040W,TIP41,1280000,1320000,1270000,1580000,1630000,1680000
YDR162C,NBP2,2450000,2290000,1990000,1730000,1400000,1670000
YER095W,RAD51,1260000,1390000,937948,1790000,1900000,1670000
YJL197W,UBP12,1410000,1400000,1360000,1640000,1720000,1670000
YKL195W,MIA40,984093,903460,786159,1520000,1480000,1670000
YLR143W,DPH6,1820000,1720000,1770000,1770000,1710000,1670000
YLR430W,SEN1,2030000,2030000,1890000,1700000,1700000,1670000
YOL025W,LAG2,1290000,1240000,1290000,1840000,1750000,1670000
YOR337W,TEA1,1450000,1420000,1620000,1700000,1590000,1670000
YPL222W,FMP40,649386,879022,604570,1780000,1850000,1670000
YCR052W,RSC6,1490000,1500000,1360000,1810000,1770000,1660000
YDR329C,PEX3,1510000,1430000,1320000,1630000,1630000,1660000
YDR507C,GIN4,2020000,2080000,1980000,1760000,1800000,1660000
YGR007W,ECT1,1640000,1740000,1640000,1680000,1650000,1660000
YIL149C,MLP2,1730000,1700000,1530000,1620000,1760000,1660000
YJR101W,RSM26,2220000,1630000,1770000,1840000,1670000,1660000
YKL155C,RSM22,1200000,1120000,1300000,1560000,1590000,1660000
YLR154C,RNH203,1750000,1700000,1570000,2020000,2050000,1660000
YMR228W,MTF1,1800000,1680000,1620000,1840000,1630000,1660000
YPL227C,ALG5,2100000,2070000,1940000,1680000,1760000,1660000
YBL090W,MRP21,1370000,1210000,1220000,1520000,1370000,1650000
YCL008C,STP22,1880000,1970000,1640000,1760000,1500000,1650000
YCR047C,BUD23,2130000,1620000,1490000,0,0,1650000
YDL108W,KIN28,1490000,1790000,1740000,1800000,1760000,1650000
YFL030W,AGX1,0,360066,0,1020000,1260000,1650000
YLR090W,XDJ1,1390000,1580000,1320000,2020000,2100000,1650000
YML055W,SPC2,2260000,2300000,2080000,1930000,2110000,1650000
YPL100W,ATG21,1310000,1450000,1390000,1650000,1890000,1650000
YPR067W,ISA2,1170000,1140000,1120000,0,1570000,1650000
YDR342C,HXT7,2020000,2250000,2170000,1330000,1570000,1640000
YER019W,ISC1,1940000,1880000,2020000,1550000,1650000,1640000
YJL122W,ALB1,3600000,3030000,2470000,1500000,1480000,1640000
YNL206C,RTT106,2090000,2100000,1920000,1690000,1620000,1640000
YNL224C,SQS1,1600000,1660000,1550000,1560000,1740000,1640000
YPL070W,MUK1,1260000,1230000,1250000,1660000,1730000,1640000
YPL215W,CBP3,1750000,1930000,1660000,1890000,1910000,1640000
YGR126W,YGR126W,1220000,1200000,1210000,1480000,1620000,1630000
YJR046W,TAH11,1450000,1340000,1370000,1550000,1590000,1630000
YNL138W-A,YSF3,1500000,1420000,1440000,1670000,1610000,1630000
YPL058C,PDR12,1340000,1550000,1940000,940501,1070000,1630000
YAL022C,FUN26,1570000,1440000,1720000,1520000,1510000,1620000
YJL168C,SET2,1740000,1730000,1760000,1470000,1560000,1620000
YKL025C,PAN3,1970000,1840000,1730000,2050000,1650000,1620000
YDL121C,EXP1,2430000,2070000,2680000,1410000,1280000,1610000
YDR490C,PKH1,1350000,1370000,1540000,1390000,1520000,1610000
YOR217W,RFC1,2280000,2050000,2130000,1480000,1450000,1610000
YDL074C,BRE1,1450000,1450000,1430000,1480000,1590000,1600000
YDR246W,TRS23,2060000,2060000,2180000,1550000,1440000,1600000
YLR336C,SGD1,2880000,2800000,2800000,1560000,1660000,1600000
YMR289W,ABZ2,1880000,1530000,1610000,1800000,1670000,1600000
YNR023W,SNF12,1490000,1440000,1360000,1410000,1460000,1600000
YDR383C,NKP1,630007,701061,613348,1720000,1610000,1590000
YFL044C,OTU1,1450000,1510000,1420000,1460000,1580000,1590000
YGR248W,SOL4,295200,413327,0,1450000,1460000,1590000
YKR088C,TVP38,2340000,2280000,2840000,1360000,1400000,1590000
YLL013C,PUF3,1370000,1360000,1310000,1330000,1600000,1590000
YLR324W,PEX30,1270000,1130000,1410000,1340000,1480000,1590000
YNL183C,NPR1,993803,1010000,1100000,1660000,1650000,1590000
YOR278W,HEM4,1600000,1690000,1570000,1590000,1590000,1590000
YDL053C,PBP4,2120000,2140000,2000000,1600000,1600000,1580000
YDR021W,FAL1,1600000,1600000,1380000,1810000,1580000,1580000
YDR283C,GCN2,1480000,1390000,1560000,1670000,1780000,1580000
YER174C,GRX4,1390000,2180000,1240000,1360000,1880000,1580000
YFL023W,BUD27,1500000,1400000,1520000,1380000,1590000,1580000
YHR112C,YHR112C,1640000,1780000,1470000,1710000,1600000,1580000
YHR171W,ATG7,1530000,1250000,1260000,1350000,1620000,1580000
YNL124W,NAF1,1520000,1620000,1270000,1500000,1670000,1580000
YNL258C,DSL1,1580000,1570000,1540000,1610000,1720000,1580000
YPR135W,CTF4,1730000,1660000,1620000,1780000,1740000,1580000
YAL013W,DEP1,1230000,1310000,1150000,1700000,1730000,1570000
YCR077C,PAT1,1660000,1600000,1770000,1390000,1780000,1570000
YGR060W,ERG25,2850000,2830000,3050000,1640000,1790000,1570000
YIL129C,TAO3,1590000,1670000,1670000,1510000,1540000,1570000
YKL087C,CYT2,1120000,1010000,1060000,1390000,1390000,1570000
YDR319C,YFT2,2580000,1850000,2570000,1480000,0,1560000
YGR250C,RIE1,860479,859716,881963,1430000,1560000,1560000
YIL093C,RSM25,1220000,1250000,1100000,1660000,1390000,1560000
YLR026C,SED5,1650000,1830000,1640000,1730000,1640000,1560000
YPL208W,RKM1,1590000,1780000,1780000,1700000,1770000,1560000
YBR251W,MRPS5,1550000,1450000,1680000,1380000,1480000,1550000
YDL043C,PRP11,1970000,2030000,2020000,1400000,1150000,1550000
YDL106C,PHO2,1180000,1130000,1100000,1240000,1270000,1550000
YDR261C,EXG2,1910000,1840000,1890000,1240000,1310000,1550000
YHR192W,LNP1,1500000,1310000,1690000,1870000,1310000,1550000
YIR032C,DAL3,245476,298126,306409,1360000,1700000,1550000
YKR079C,TRZ1,1010000,1090000,947927,1530000,1610000,1550000
YMR192W,GYL1,1380000,1310000,1270000,1660000,1450000,1550000
YMR231W,PEP5,1380000,1370000,1460000,1460000,1520000,1550000
YPL255W,BBP1,0,1610000,689736,1500000,977205,1550000
YCL014W,BUD3,1590000,1670000,1570000,1380000,1290000,1540000
YDR303C,RSC3,2170000,2330000,2240000,1760000,1760000,1540000
YER163C,GCG1,2590000,2340000,2600000,1750000,1620000,1540000
YGL110C,CUE3,1470000,1650000,1620000,1490000,1720000,1540000
YLR022C,SDO1,2120000,2130000,2080000,1630000,1500000,1540000
YLR033W,RSC58,1900000,2070000,1920000,1400000,1480000,1540000
YPL183C,RTT10,1760000,1580000,1780000,1490000,1470000,1540000
YBR192W,RIM2,1170000,1120000,1070000,1240000,1310000,1530000
YBR216C,YBP1,1320000,1250000,1470000,1470000,1530000,1530000
YFL021W,GAT1,1180000,916643,895033,1300000,1340000,1530000
YGL171W,ROK1,2370000,2320000,2390000,1420000,1390000,1530000
YMR264W,CUE1,1510000,1460000,1420000,1620000,1440000,1530000
YOR336W,KRE5,1630000,1540000,1730000,1550000,1650000,1530000
YJR066W,TOR1,1200000,1380000,1280000,1390000,1590000,1520000
YLR108C,YLR108C,2110000,1940000,1980000,1460000,1490000,1520000
YPL254W,HFI1,1400000,1260000,1180000,1410000,1370000,1520000
YBL046W,PSY4,1500000,1310000,1470000,1510000,1950000,1510000
YBR213W,MET8,2170000,2170000,2070000,1630000,1940000,1510000
YDL230W,PTP1,1210000,1160000,1360000,1390000,1440000,1510000
YDR006C,SOK1,1170000,1160000,1110000,1560000,1430000,1510000
YDR097C,MSH6,2340000,2200000,2240000,1650000,1610000,1510000
YDR156W,RPA14,1670000,1660000,1450000,2040000,1570000,1510000
YER061C,CEM1,1810000,1670000,1660000,1570000,1220000,1510000
YGL028C,SCW11,777803,774683,775063,1250000,1350000,1510000
YGL064C,MRH4,1740000,0,1690000,1410000,1460000,1510000
YGL079W,KXD1,1100000,1080000,1060000,1490000,1580000,1510000
YHR077C,NMD2,1650000,1610000,1710000,1320000,1420000,1510000
YJL049W,CHM7,1120000,1150000,1100000,1400000,1520000,1510000
YJL125C,GCD14,1610000,1590000,1450000,1550000,1520000,1510000
YNL257C,SIP3,1210000,1170000,1050000,1200000,1400000,1510000
YPR058W,YMC1,4330000,3690000,3950000,2050000,2140000,1510000
YBR246W,RRT2,2530000,2450000,2560000,1310000,1410000,1500000
YCL039W,GID7,945371,1030000,1120000,1490000,1530000,1500000
YDR379W,RGA2,786302,646410,727762,1100000,1160000,1500000
YHR066W,SSF1,1940000,1710000,2000000,1170000,1210000,1500000
YIL153W,RRD1,1340000,1440000,1410000,1570000,1650000,1500000
YKL096W,CWP1,589676,984930,810939,1360000,1250000,1500000
YOR132W,VPS17,1980000,1930000,1960000,1600000,1910000,1500000
YOR316C,COT1,3070000,1750000,3360000,2160000,1550000,1500000
YAL020C,ATS1,0,728644,0,1240000,1160000,1490000
YGL107C,RMD9,1330000,1330000,1240000,1820000,1470000,1490000
YGL250W,RMR1,0,288380,0,1190000,1650000,1490000
YLR116W,MSL5,1390000,1350000,1290000,1380000,1530000,1490000
YML005W,TRM12,1650000,1650000,1910000,1690000,1590000,1490000
YMR060C,SAM37,1510000,1680000,1610000,1830000,1650000,1490000
YPL132W,COX11,1190000,934633,975837,1430000,1350000,1490000
YFR039C,OSW7,1400000,1490000,1410000,1470000,1670000,1480000
YGL038C,OCH1,1410000,1590000,1530000,1120000,1360000,1480000
YGL233W,SEC15,1450000,1490000,1420000,1410000,1360000,1480000
YKR026C,GCN3,1870000,1860000,1700000,1620000,1420000,1480000
YLR319C,BUD6,1450000,1440000,1360000,1530000,1590000,1480000
YOR090C,PTC5,1150000,1200000,1180000,1600000,1540000,1480000
YBR176W,ECM31,1680000,2150000,1890000,1770000,1360000,1470000
YER176W,ECM32,1710000,1660000,1790000,1570000,1630000,1470000
YGR013W,SNU71,1140000,1330000,1160000,1280000,1350000,1470000
YJR112W,NNF1,1180000,1240000,1100000,1410000,1550000,1470000
YNL116W,DMA2,1880000,1990000,1960000,1650000,1460000,1470000
YNL161W,CBK1,1480000,1190000,1330000,1310000,1450000,1470000
YOR195W,SLK19,1890000,2000000,1910000,1690000,1770000,1470000
YAR003W,SWD1,1390000,1320000,1230000,1140000,1350000,1460000
YDL130W,RPP1B,496417,437334,0,1100000,1470000,1460000
YDL193W,NUS1,1590000,1490000,1620000,1440000,1500000,1460000
YDR089W,VTC5,2370000,2050000,2170000,1510000,1440000,1460000
YDR175C,RSM24,1180000,1250000,1100000,1390000,1550000,1460000
YJR047C,ANB1,3340000,2900000,3230000,1940000,1660000,1460000
YLR417W,VPS36,1130000,1110000,1060000,1380000,1580000,1460000
YNL100W,MIC27,1730000,1670000,1710000,1850000,1550000,1460000
YOR290C,SNF2,1240000,1260000,1280000,1310000,1450000,1460000
YPL096W,PNG1,1420000,1270000,1670000,1330000,1320000,1460000
YPL110C,GDE1,1150000,1130000,1250000,1340000,1310000,1460000
YGR156W,PTI1,1610000,1450000,1400000,1280000,1360000,1450000
YJL084C,ALY2,895033,859209,938411,1300000,1410000,1450000
YKL027W,TCD2,1400000,1380000,1330000,1260000,1320000,1450000
YML080W,DUS1,1630000,1510000,1480000,1500000,1410000,1450000
YDR198C,RKM2,1440000,1290000,1360000,1400000,1400000,1440000
YFL017C,GNA1,878603,950610,834717,1640000,1350000,1440000
YGL073W,HSF1,1200000,1290000,1320000,1390000,1390000,1440000
YGL189C,RPS26A,1500000,1490000,1660000,1320000,1330000,1440000
YKL045W,PRI2,1390000,1430000,1350000,1380000,1420000,1440000
YLR337C,VRP1,1350000,1390000,1380000,1400000,1350000,1440000
YNL271C,BNI1,1130000,1140000,1170000,1260000,1330000,1440000
YOR179C,SYC1,1100000,1080000,978028,1380000,1320000,1440000
YCL010C,SGF29,1360000,1350000,1380000,1320000,1360000,1430000
YDR411C,DFM1,1390000,1350000,1510000,1240000,1410000,1430000
YDR472W,TRS31,1690000,1570000,1580000,1400000,1410000,1430000
YGL004C,RPN14,1100000,1110000,1140000,1330000,1270000,1430000
YGL145W,TIP20,1450000,1380000,1440000,1410000,1600000,1430000
YMR095C,SNO1,1720000,1200000,1670000,1570000,1070000,1430000
YBL103C,RTG3,1050000,947929,1100000,1280000,1200000,1420000
YBR262C,MIC12,830219,960293,787064,1150000,1180000,1420000
YDL001W,RMD1,1480000,1510000,1500000,1320000,1400000,1420000
YDL234C,GYP7,815368,697934,792484,1560000,1580000,1420000
YDR176W,NGG1,1390000,1390000,1460000,1360000,1490000,1420000
YKR069W,MET1,1610000,1880000,1480000,1500000,1570000,1420000
YLR074C,BUD20,3230000,3220000,3000000,1520000,1080000,1420000
YNL126W,SPC98,1460000,1400000,1440000,1700000,1220000,1420000
YNL293W,MSB3,962396,999577,960104,1100000,1150000,1420000
YNR012W,URK1,1310000,1240000,1270000,1420000,1460000,1420000
YOR244W,ESA1,1220000,1460000,1340000,1210000,1100000,1420000
YDR267C,CIA1,914066,880904,727208,1440000,1410000,1410000
YDR310C,SUM1,1430000,1370000,1330000,1260000,1870000,1410000
YDR527W,RBA50,1250000,1270000,1290000,1250000,1470000,1410000
YFL002C,SPB4,1920000,1700000,1940000,1430000,1400000,1410000
YGR177C,ATF2,3330000,3120000,2740000,1420000,1660000,1410000
YLL036C,PRP19,1680000,1620000,1600000,1420000,1490000,1410000
YMR086W,SEG1,1110000,1060000,1170000,1400000,1370000,1410000
YPL006W,NCR1,508967,628486,675119,1300000,1390000,1410000
YAL053W,FLC2,996693,688189,869808,1360000,1570000,1400000
YBR211C,AME1,883481,758107,753246,1750000,1600000,1400000
YCL044C,MGR1,1840000,1830000,1950000,1520000,1280000,1400000
YCR016W,YCR016W,1630000,1410000,1840000,1130000,1200000,1400000
YDL188C,PPH22,1270000,1260000,1170000,1640000,1730000,1400000
YIL017C,VID28,552934,650584,699612,1370000,1460000,1400000
YJR006W,POL31,1560000,1540000,1710000,1500000,1390000,1400000
YOR092W,ECM3,2420000,2240000,2070000,1610000,1650000,1400000
YPL270W,MDL2,890556,876281,1110000,1280000,1400000,1400000
YBR077C,SLM4,1930000,1980000,1790000,1740000,2050000,1390000
YCR076C,FUB1,1630000,1520000,1550000,1420000,1380000,1390000
YGR256W,GND2,479380,588861,358061,1190000,1730000,1390000
YIL068C,SEC6,1110000,1170000,1070000,1360000,1330000,1390000
YNL085W,MKT1,2550000,2470000,2230000,1450000,1410000,1390000
YOR246C,ENV9,1610000,1410000,1600000,1430000,1500000,1390000
YOR322C,LDB19,1160000,1110000,1190000,1260000,1230000,1390000
YPL196W,OXR1,834032,973540,798804,1400000,1250000,1390000
YDR244W,PEX5,965790,976850,946800,1330000,1470000,1380000
YGR202C,PCT1,1550000,1520000,1640000,1280000,1330000,1380000
YHR191C,CTF8,1110000,1130000,973300,1510000,1450000,1380000
YJL137C,GLG2,700104,760606,723555,984321,1100000,1380000
YJR058C,APS2,1420000,1320000,1200000,1110000,1200000,1380000
YJR102C,VPS25,1170000,1190000,1200000,1370000,1170000,1380000
YKL018C-A,MCO12,1110000,970276,1120000,1040000,1160000,1380000
YOR275C,RIM20,978658,1100000,1030000,1380000,1330000,1380000
YBR081C,SPT7,1130000,1210000,1130000,1280000,1330000,1370000
YBR269C,SDH8,660094,658144,575124,1210000,1460000,1370000
YCL029C,BIK1,1380000,1180000,1230000,1340000,1490000,1370000
YDR266C,HEL2,1630000,1520000,1590000,1390000,1440000,1370000
YFR019W,FAB1,942861,825079,968244,1250000,1190000,1370000
YLR315W,NKP2,671012,639002,537645,1440000,1290000,1370000
YNL076W,MKS1,995393,1110000,910231,1200000,1430000,1370000
YNR003C,RPC34,2480000,2010000,2630000,1480000,1220000,1370000
YOL148C,SPT20,1100000,1140000,1040000,1280000,1520000,1370000
YOR201C,MRM1,909630,848555,834258,1520000,1190000,1370000
YCL031C,RRP7,1460000,1520000,1310000,1350000,1360000,1360000
YCL032W,STE50,701950,786991,669935,1300000,1600000,1360000
YKL022C,CDC16,1510000,1410000,1340000,1190000,1230000,1360000
YLR072W,LAM6,1150000,1150000,1130000,1330000,1310000,1360000
YMR269W,TMA23,1110000,988141,942585,1570000,1460000,1360000
YNL022C,RCM1,1900000,1710000,1710000,1290000,1300000,1360000
YDL098C,SNU23,1330000,1420000,1220000,1490000,1400000,1350000
YDR356W,SPC110,1220000,1330000,1210000,1280000,1440000,1350000
YER053C,PIC2,685059,677254,609462,1410000,1640000,1350000
YGR005C,TFG2,1250000,1250000,1240000,1710000,1500000,1350000
YJR008W,MHO1,690679,845299,581566,1390000,1490000,1350000
YJR091C,JSN1,1340000,1100000,1270000,1170000,1160000,1350000
YMR258C,ROY1,1230000,1090000,1140000,1410000,1320000,1350000
YMR266W,RSN1,2490000,2360000,2580000,1270000,1420000,1350000
YNL139C,THO2,1400000,1280000,1340000,1250000,1400000,1350000
YNR049C,MSO1,1770000,1630000,1600000,1340000,1400000,1350000
YOL018C,TLG2,1450000,1380000,1480000,1380000,1490000,1350000
YOR160W,MTR10,1240000,1130000,1220000,1260000,1150000,1350000
YBL085W,BOI1,1270000,1310000,1340000,1270000,1300000,1340000
YCL047C,POF1,1320000,1330000,1200000,1210000,1000000,1340000
YCR086W,CSM1,594888,772990,849828,1370000,1200000,1340000
YFR018C,YFR018C,815426,808280,744316,1190000,1280000,1340000
YHR097C,PAL2,1010000,1010000,1090000,1270000,1280000,1340000
YHR129C,ARP1,1240000,1190000,1110000,1440000,1470000,1340000
YHR186C,KOG1,1460000,1340000,1310000,1190000,1220000,1340000
YLR373C,VID22,1300000,1360000,1450000,1230000,1500000,1340000
YNR058W,BIO3,809084,1380000,1120000,815582,1260000,1340000
YOL082W,ATG19,1030000,1160000,1040000,1400000,1390000,1340000
YPR125W,YLH47,1580000,1420000,1430000,1310000,1260000,1340000
YBR204C,LDH1,1230000,1280000,1360000,1200000,1270000,1330000
YGR283C,UPA1,1550000,1450000,1660000,1390000,1330000,1330000
YIL131C,FKH1,2000000,2080000,1440000,1450000,1210000,1330000
YLR260W,LCB5,1020000,925562,1010000,1300000,1200000,1330000
YLR442C,SIR3,1130000,1010000,972226,1270000,1340000,1330000
YOL096C,COQ3,767378,703341,785994,1390000,1250000,1330000
YDL077C,VAM6,1260000,1210000,1040000,1310000,1230000,1320000
YDR058C,TGL2,687010,847667,693265,1350000,1140000,1320000
YER157W,COG3,1020000,984915,1010000,1290000,1400000,1320000
YFR015C,GSY1,857629,1130000,1030000,1280000,1340000,1320000
YFR034C,PHO4,847040,968253,893539,1470000,1340000,1320000
YHR023W,MYO1,1410000,1370000,1320000,1490000,1520000,1320000
YLR082C,SRL2,661776,655623,707951,1210000,1270000,1320000
YNL223W,ATG4,581474,597797,557613,1390000,1360000,1320000
YER168C,CCA1,2490000,2230000,2220000,1300000,1330000,1310000
YGL056C,SDS23,1440000,1160000,1190000,1430000,1400000,1310000
YJL069C,UTP18,1430000,1440000,1310000,0,1900000,1310000
YOL124C,TRM11,2010000,1910000,1810000,1760000,1230000,1310000
YBR188C,NTC20,984862,1140000,933710,1450000,1430000,1300000
YDL102W,POL3,1330000,1450000,1380000,1180000,1250000,1300000
YEL029C,BUD16,1310000,1150000,1010000,1420000,1430000,1300000
YLR120C,YPS1,1330000,1290000,1450000,1180000,1160000,1300000
YNL056W,OCA2,1070000,1040000,995108,1650000,1830000,1300000
YOR150W,MRPL23,1380000,1570000,1370000,1180000,879547,1300000
YPR155C,NCA2,824603,903806,830555,1200000,1310000,1300000
YBR264C,YPT10,1810000,1510000,1580000,1170000,1060000,1290000
YDR067C,OCA6,1260000,1170000,1310000,1210000,1250000,1290000
YDR200C,VPS64,613592,858126,928888,1450000,1300000,1290000
YER148W,SPT15,2630000,2610000,2640000,1450000,1410000,1290000
YGR147C,NAT2,2290000,1680000,2470000,1030000,1360000,1290000
YJL180C,ATP12,1080000,924140,955956,1120000,1090000,1290000
YLR386W,VAC14,1140000,1240000,1030000,1200000,1270000,1290000
YML091C,RPM2,663489,740386,737592,1000000,1220000,1290000
YMR165C,PAH1,1110000,1130000,1110000,1600000,1360000,1290000
YNL131W,TOM22,1020000,1000000,1010000,1360000,1250000,1290000
YOL051W,GAL11,1220000,1320000,1300000,1460000,1490000,1290000
YBL010C,LAA2,974743,1060000,993315,1140000,1470000,1280000
YGL141W,HUL5,1540000,1350000,1280000,1270000,1440000,1280000
YGR252W,GCN5,1100000,1070000,1170000,1150000,1290000,1280000
YHR133C,NSG1,1540000,1460000,2040000,1040000,1360000,1280000
YJR002W,MPP10,1410000,1390000,1280000,1420000,1450000,1280000
YOR196C,LIP5,1070000,1200000,1100000,1130000,1120000,1280000
YOR257W,CDC31,588893,681288,528488,1540000,1730000,1280000
YPL112C,PEX25,2070000,1800000,1880000,1530000,1350000,1280000
YDR398W,UTP5,1610000,1460000,1540000,1230000,1280000,1270000
YJR040W,GEF1,1360000,1140000,1360000,1070000,1130000,1270000
YKL069W,YKL069W,1190000,1130000,1170000,1200000,1220000,1270000
YLR396C,VPS33,1590000,1580000,1450000,1410000,1730000,1270000
YNL133C,FYV6,945816,825125,995395,1150000,1270000,1270000
YER107C,GLE2,1720000,1440000,1790000,998094,1220000,1260000
YGL216W,KIP3,1060000,1060000,947681,874264,1130000,1260000
YHL038C,CBP2,1010000,947585,990528,1190000,1250000,1260000
YKR039W,GAP1,1090000,1130000,941156,1500000,1460000,1260000
YLR361C,DCR2,1400000,1490000,1510000,1530000,1580000,1260000
YLR401C,DUS3,1300000,1350000,1270000,1180000,1210000,1260000
YER182W,FMP10,925803,1190000,812581,1160000,1160000,1250000
YGR031W,IMO32,961164,970871,929957,1140000,1100000,1250000
YGR033C,TIM21,1850000,1880000,2040000,1500000,1020000,1250000
YGR222W,PET54,887538,1340000,942410,1530000,1480000,1250000
YJR031C,GEA1,1210000,1230000,1300000,1200000,1270000,1250000
YKL042W,SPC42,1270000,1180000,1210000,1160000,1140000,1250000
YLR088W,GAA1,1790000,1580000,1600000,1250000,1930000,1250000
YMR176W,ECM5,233418,283577,278486,0,0,1250000
YOL142W,RRP40,1620000,1530000,1730000,1380000,1260000,1250000
YPL053C,KTR6,1430000,1650000,1370000,1070000,1280000,1250000
YBL104C,SEA4,1040000,1020000,1040000,1070000,1040000,1240000
YBR104W,YMC2,1990000,1790000,1800000,1220000,1240000,1240000
YCR061W,TVS1,665725,553834,851379,846015,920642,1240000
YDR460W,TFB3,1360000,1370000,1380000,1130000,1090000,1240000
YDR494W,RSM28,925250,948119,930997,1140000,1140000,1240000
YHR111W,UBA4,1370000,1180000,1370000,963497,1120000,1240000
YIL090W,ICE2,2430000,2020000,2490000,1290000,1500000,1240000
YJL128C,PBS2,1320000,1130000,1290000,1220000,1150000,1240000
YJL203W,PRP21,1240000,1240000,1210000,1150000,1220000,1240000
YKR036C,CAF4,1400000,1260000,1260000,1190000,1120000,1240000
YLR096W,KIN2,1580000,1600000,1500000,1300000,1320000,1240000
YLR128W,DCN1,1110000,1030000,990314,1220000,1500000,1240000
YLR357W,RSC2,1300000,1290000,1230000,1360000,1300000,1240000
YMR016C,SOK2,1640000,1570000,1310000,1290000,1070000,1240000
YPL082C,MOT1,1370000,1250000,1350000,1270000,1110000,1240000
YPL213W,LEA1,1200000,1100000,1030000,1300000,1240000,1240000
YPR161C,SGV1,1910000,1660000,1900000,1090000,1210000,1240000
YFL027C,GYP8,1270000,966122,1030000,0,0,1230000
YGR097W,ASK10,1010000,1030000,1030000,1050000,1040000,1230000
YIL156W-B,MCO8,1940000,1740000,1960000,1400000,0,1230000
YNL316C,PHA2,1290000,1310000,1260000,1290000,1300000,1230000
YPL017C,IRC15,0,0,0,1170000,1170000,1230000
YPR179C,HDA3,1030000,1090000,1090000,1280000,1290000,1230000
YBR282W,MRPL27,900779,964418,903310,1150000,1050000,1220000
YCR094W,CDC50,1660000,1370000,1660000,1070000,1500000,1220000
YDR288W,NSE3,721743,664671,561621,901038,924312,1220000
YER071C,TDA2,2210000,2130000,2130000,1440000,1360000,1220000
YFL042C,LAM5,916191,864356,918204,1210000,1160000,1220000
YHR005C-A,TIM10,785768,871783,797138,1230000,1220000,1220000
YJL010C,NOP9,1960000,1800000,1860000,1260000,1200000,1220000
YJR092W,BUD4,1330000,1370000,1320000,1490000,1320000,1220000
YMR037C,MSN2,750251,791189,798693,1130000,1240000,1220000
YMR322C,SNO4,516963,587891,478731,1320000,1380000,1220000
YOR359W,VTS1,1230000,1210000,1160000,1250000,1280000,1220000
YBR195C,MSI1,945566,984901,868022,1260000,1100000,1210000
YDR183W,PLP1,1350000,1290000,1340000,1100000,1200000,1210000
YDR435C,PPM1,1260000,1240000,1300000,1200000,1090000,1210000
YEL056W,HAT2,1010000,985667,911275,1640000,1470000,1210000
YER149C,PEA2,1220000,1250000,1110000,1340000,1300000,1210000
YGL083W,SCY1,1150000,1020000,1200000,1370000,1280000,1210000
YGR100W,MDR1,896500,973805,994321,1190000,1150000,1210000
YHL003C,LAG1,964031,857190,1120000,1040000,1000000,1210000
YIL030C,SSM4,1910000,2020000,2090000,1180000,1220000,1210000
YJL062W,LAS21,1370000,1330000,1480000,1140000,1220000,1210000
YKL006C-A,SFT1,1000000,994813,876991,1000000,1190000,1210000
YLL058W,HSU1,913220,1000000,954207,926951,1110000,1210000
YLR080W,EMP46,837519,734420,817757,1110000,1090000,1210000
YLR223C,IFH1,687992,858364,713162,948517,1080000,1210000
YLR422W,DCK1,847161,796090,903555,1080000,1250000,1210000
YMR056C,AAC1,595196,148976,0,538393,1030000,1210000
YNL119W,NCS2,896039,1020000,931925,1050000,919142,1210000
YDR308C,SRB7,722805,846047,775148,1280000,1180000,1200000
YHR165C,PRP8,1270000,1200000,1270000,1140000,1380000,1200000
YKR087C,OMA1,1290000,1170000,1210000,1110000,1030000,1200000
YLL006W,MMM1,1360000,0,1650000,1340000,0,1200000
YLR007W,NSE1,1220000,1390000,1190000,1190000,1390000,1200000
YLR239C,LIP2,886232,835813,876266,1190000,946101,1200000
YLR299W,ECM38,542830,577651,453046,1130000,1120000,1200000
YNL091W,NST1,1010000,1120000,1080000,1630000,1610000,1200000
YPR139C,LOA1,1380000,1350000,1660000,985803,1020000,1200000
YBR091C,TIM12,799285,1140000,938233,1390000,0,1190000
YDL113C,ATG20,706706,741871,742176,1140000,1170000,1190000
YDR173C,ARG82,0,21145,0,1430000,1440000,1190000
YDR228C,PCF11,1150000,1060000,1260000,1080000,980867,1190000
YDR476C,YDR476C,1910000,1580000,1830000,1380000,1140000,1190000
YFR031C,SMC2,940393,978912,922797,1070000,1230000,1190000
YLR253W,CQD2,1020000,975172,1120000,1230000,1290000,1190000
YLR454W,FMP27,1100000,1020000,1060000,1200000,1260000,1190000
YOR252W,TMA16,1670000,1590000,1600000,1050000,1140000,1190000
YBR280C,SAF1,565642,586026,784668,912920,1180000,1180000
YDR087C,RRP1,1320000,1240000,1220000,979954,1080000,1180000
YDR096W,GIS1,617762,573976,0,889308,1010000,1180000
YDR182W,CDC1,1050000,1330000,1300000,1130000,1010000,1180000
YGL197W,MDS3,938626,971317,1060000,1040000,1140000,1180000
YIL098C,FMC1,908589,939780,789999,1280000,1140000,1180000
YJL207C,LAA1,1310000,1330000,1350000,1060000,1160000,1180000
YJR134C,SGM1,974898,1020000,905034,1350000,1320000,1180000
YKL154W,SRP102,955649,1060000,939057,1020000,1050000,1180000
YLR207W,HRD3,1220000,1230000,1270000,1190000,1210000,1180000
YLR326W,YLR326W,876556,787708,778231,939308,958332,1180000
YNL006W,LST8,1380000,1430000,1440000,1320000,1290000,1180000
YNL254C,RTC4,0,1910000,1360000,1200000,1490000,1180000
YOR039W,CKB2,1450000,1390000,1280000,1310000,1250000,1180000
YPL115C,BEM3,952688,910221,975546,1150000,982323,1180000
YBR242W,YBR242W,1020000,1110000,795918,1110000,1150000,1170000
YDR412W,RRP17,1280000,1190000,1470000,1460000,1280000,1170000
YIL110W,HPM1,1650000,1510000,1440000,1140000,1360000,1170000
YJL099W,CHS6,817157,806093,727655,1150000,1220000,1170000
YLR231C,BNA5,1350000,1300000,1240000,1100000,1200000,1170000
YMR073C,IRC21,1240000,1280000,1220000,1190000,958042,1170000
YMR177W,MMT1,879319,800869,831583,943782,799378,1170000
YNL050C,YNL050C,1090000,1120000,1110000,1120000,1040000,1170000
YNR033W,ABZ1,1260000,1270000,1190000,1030000,1110000,1170000
YPL247C,YPL247C,813322,738658,722462,1200000,1220000,1170000
YPR167C,MET16,1540000,1720000,1410000,1510000,1330000,1170000
YBR028C,YPK3,933083,1050000,898271,1040000,1060000,1160000
YBR037C,SCO1,967510,1070000,985519,1100000,1140000,1160000
YDR179C,CSN9,662419,655542,617042,1240000,1270000,1160000
YKL047W,ANR2,1590000,1570000,1310000,971748,932476,1160000
YLR148W,PEP3,1180000,1230000,1480000,1240000,1290000,1160000
YMR113W,FOL3,1550000,1280000,1310000,1550000,1450000,1160000
YNL026W,SAM50,1220000,1280000,1390000,1270000,1240000,1160000
YNL149C,PGA2,2040000,2120000,1650000,1140000,1090000,1160000
YPL173W,MRPL40,1790000,1970000,1870000,1210000,1390000,1160000
YPR104C,FHL1,897121,800473,901479,1200000,1140000,1160000
YDR311W,TFB1,1170000,1150000,1160000,1320000,1390000,1150000
YGL208W,SIP2,623600,710474,675833,1130000,1150000,1150000
YGL212W,VAM7,933516,864982,881010,1220000,1080000,1150000
YJL147C,SMT1,1110000,1250000,1060000,1100000,0,1150000
YKL116C,PRR1,764988,808130,779561,988773,985887,1150000
YLR064W,PER33,1190000,1130000,1140000,1120000,1190000,1150000
YMR097C,MTG1,1050000,1110000,1010000,1220000,1280000,1150000
YOL052C,SPE2,1710000,1840000,1690000,1420000,1320000,1150000
YOR016C,ERP4,1440000,1380000,1780000,1150000,981257,1150000
YDR464W,SPP41,764051,861796,855256,1060000,1140000,1140000
YGL084C,GUP1,1140000,1010000,1230000,1000000,1170000,1140000
YGR010W,NMA2,755996,698025,602823,1210000,1190000,1140000
YJR138W,IML1,813881,607347,791505,955520,945065,1140000
YMR259C,TRM732,1230000,1280000,1310000,1030000,1010000,1140000
YMR295C,YMR295C,1110000,1130000,924832,0,0,1140000
YPL219W,PCL8,748766,741107,567482,1130000,1020000,1140000
YDL101C,DUN1,751773,684223,758913,893849,1050000,1130000
YDR320C,SWA2,1110000,1230000,1100000,1210000,1450000,1130000
YDR448W,ADA2,938616,1180000,961347,1190000,1150000,1130000
YER113C,TMN3,521111,497235,524088,0,614538,1130000
YGR270W,YTA7,1040000,981476,942834,1070000,1170000,1130000
YJL066C,MPM1,760804,840494,643014,1220000,1170000,1130000
YMR076C,PDS5,1210000,1220000,1390000,1070000,1140000,1130000
YNL097C,PHO23,677452,844338,724597,1060000,990668,1130000
YOL144W,NOP8,1030000,1030000,1110000,1060000,1070000,1130000
YCR020W-B,HTL1,670441,736820,547805,1140000,1230000,1120000
YDR166C,SEC5,1020000,985024,989458,1060000,1130000,1120000
YJL063C,MRPL8,912427,1030000,913579,1240000,1040000,1120000
YLR189C,ATG26,727099,739894,802243,1160000,1190000,1120000
YMR078C,CTF18,899271,837728,810163,931378,1120000,1120000
YPR124W,CTR1,2500000,1970000,2690000,1170000,1380000,1120000
YBR273C,UBX7,1460000,1330000,1490000,1080000,1040000,1110000
YDL107W,MSS2,0,696891,633182,893724,740821,1110000
YKL160W,ELF1,1010000,1080000,1050000,1060000,1040000,1110000
YNR010W,CSE2,751069,940162,783977,1160000,1100000,1110000
YOL053W,AIM39,838311,975924,754775,1000000,1070000,1110000
YOR360C,PDE2,943773,859406,876236,1200000,1060000,1110000
YDR313C,PIB1,455016,544226,455386,992720,1060000,1100000
YDR466W,PKH3,888872,842772,893289,1380000,1450000,1100000
YER022W,SRB4,1080000,998086,1120000,995107,1040000,1100000
YER067W,RGI1,1420000,1920000,1080000,1250000,1230000,1100000
YHR207C,SET5,1060000,1090000,1130000,1090000,1040000,1100000
YLR228C,ECM22,1730000,1450000,1640000,941735,1100000,1100000
YPL031C,PHO85,1040000,770952,877510,1120000,1050000,1100000
YAL062W,GDH3,656247,1160000,839165,832997,1080000,1090000
YHL023C,NPR3,763354,798228,730250,1000000,1150000,1090000
YHR082C,KSP1,1240000,1210000,1170000,1020000,1030000,1090000
YNL236W,SIN4,1090000,1070000,1070000,1020000,1110000,1090000
YOR358W,HAP5,652827,582706,618216,981764,1180000,1090000
YPR042C,PUF2,1170000,1060000,1060000,979292,799237,1090000
YGR136W,LSB1,746336,889940,976971,1210000,1100000,1080000
YHL029C,OCA5,881018,947160,806038,934545,1120000,1080000
YIL004C,BET1,1620000,1370000,1480000,1100000,1250000,1080000
YIL084C,SDS3,1000000,1030000,919522,1010000,1220000,1080000
YJR033C,RAV1,1080000,1070000,1090000,1000000,1070000,1080000
YJR130C,STR2,988990,974292,1050000,1090000,1010000,1080000
YLR071C,RGR1,1520000,1290000,1380000,1010000,1060000,1080000
YLR166C,SEC10,1600000,1630000,1410000,1020000,991283,1080000
YMR071C,TVP18,1470000,1220000,1390000,1090000,1030000,1080000
YNL054W,VAC7,1120000,1160000,1050000,1230000,1530000,1080000
YNL130C,CPT1,2340000,2420000,2200000,1160000,1170000,1080000
YOR018W,ROD1,929415,830266,953389,1040000,1120000,1080000
YPL097W,MSY1,867134,937841,1020000,1060000,1040000,1080000
YPL118W,MRP51,904282,1030000,842366,904515,891860,1080000
YDR291W,HRQ1,965729,836996,798758,1000000,1190000,1070000
YKL082C,RRP14,1360000,1280000,1370000,771458,869212,1070000
YOL062C,APM4,931042,956543,948943,951275,1050000,1070000
YOR213C,SAS5,1040000,1090000,938474,1190000,1170000,1070000
YOR219C,STE13,991645,916148,965221,933156,998957,1070000
YOR236W,DFR1,465129,477127,474673,1220000,1470000,1070000
YBR260C,RGD1,1290000,1230000,1380000,1150000,1120000,1060000
YER078C,ICP55,1110000,1140000,1070000,1120000,1040000,1060000
YGR074W,SMD1,1330000,884566,1150000,1160000,1350000,1060000
YHL002W,HSE1,1290000,1190000,1330000,998987,1120000,1060000
YJL154C,VPS35,1180000,1160000,1100000,949223,976559,1060000
YKL055C,OAR1,601341,574944,656753,960262,1290000,1060000
YKR023W,RQT4,710892,824247,619837,704290,724526,1060000
YKR089C,TGL4,802264,715406,839851,1060000,984805,1060000
YML049C,RSE1,1360000,1070000,1300000,1020000,1020000,1060000
YPL143W,RPL33A,638918,500873,572883,700186,821750,1060000
YPR026W,ATH1,380614,0,382849,903628,971526,1060000
YBL011W,SCT1,1170000,1270000,1200000,961027,1130000,1050000
YBR133C,HSL7,1410000,1390000,1460000,1020000,1050000,1050000
YDL056W,MBP1,1020000,1080000,960370,1190000,1160000,1050000
YER059W,PCL6,908154,1010000,898982,1320000,1010000,1050000
YGL098W,USE1,909162,838535,1170000,958455,982962,1050000
YGR220C,MRPL9,1030000,941706,917554,1070000,1060000,1050000
YKR024C,DBP7,1670000,1640000,1630000,948209,946194,1050000
YKR027W,BCH2,822718,875672,784449,905029,918816,1050000
YLL022C,HIF1,847605,852910,752149,1230000,1030000,1050000
YNL011C,YNL011C,886413,846408,670001,765810,975474,1050000
YOL102C,TPT1,1430000,1590000,1560000,1190000,1230000,1050000
YPL049C,DIG1,1610000,1520000,1600000,1440000,1380000,1050000
YBR087W,RFC5,1410000,1570000,1340000,1370000,1270000,1040000
YCL026C-B,HBN1,1890000,1870000,1710000,1000000,1150000,1040000
YDL006W,PTC1,1260000,1300000,1270000,1000000,1110000,1040000
YDL089W,NUR1,1020000,1200000,1200000,1070000,878862,1040000
YDR484W,VPS52,798094,713779,971862,878263,857002,1040000
YKL205W,LOS1,1570000,1250000,1530000,950455,1040000,1040000
YLR214W,FRE1,3380000,1620000,3320000,2020000,1010000,1040000
YML011C,RAD33,748959,656949,708353,1060000,1310000,1040000
YOR054C,VHS3,682488,466054,451935,885061,1000000,1040000
YPL188W,POS5,1890000,1790000,1670000,1360000,1160000,1040000
YBR058C-A,TSC3,1370000,1230000,1270000,751268,826241,1030000
YBR179C,FZO1,880397,818307,864176,1010000,983905,1030000
YCR048W,ARE1,980120,879427,983163,1180000,1040000,1030000
YHR209W,CRG1,366222,0,389799,789269,965922,1030000
YJL072C,PSF2,849241,1090000,862511,1090000,1320000,1030000
YJL204C,RCY1,1230000,1130000,1090000,887767,1130000,1030000
YMR169C,ALD3,0,166818,0,1320000,1020000,1030000
YMR225C,MRPL44,1510000,1430000,0,0,931381,1030000
YOL056W,GPM3,1010000,930872,1020000,1050000,925688,1030000
YOL115W,PAP2,1180000,1170000,1210000,948721,946679,1030000
YOR118W,RTC5,1090000,1190000,1120000,1120000,983642,1030000
YPL087W,YDC1,636829,674581,663203,972287,1020000,1030000
Q0105,COB,294744,360046,380755,932391,948282,1020000
YAL034W-A,MTW1,723300,759104,680859,1180000,1130000,1020000
YAR008W,SEN34,1450000,1420000,1220000,961379,859286,1020000
YDL017W,CDC7,800775,803241,759356,847543,900824,1020000
YDR068W,DOS2,835955,899430,746365,1010000,1090000,1020000
YDR371W,CTS2,728188,654950,663346,957469,794760,1020000
YDR482C,CWC21,692234,677177,531952,1050000,914757,1020000
YER183C,FAU1,1110000,1180000,1100000,1060000,1030000,1020000
YHR110W,ERP5,1430000,1400000,1290000,1120000,1150000,1020000
YNL074C,MLF3,1180000,1140000,1190000,1110000,1140000,1020000
Q0140,VAR1,1120000,918113,1070000,1090000,1220000,1010000
YDL044C,MTF2,901514,860338,807745,986476,1030000,1010000
YER143W,DDI1,1410000,1470000,1440000,973597,980059,1010000
YHR100C,GEP4,987016,985338,832817,1300000,1170000,1010000
YJL029C,VPS53,948847,883254,940886,997084,1130000,1010000
YKR029C,SET3,850691,886545,768833,846613,871718,1010000
YLR440C,SEC39,1150000,1100000,996311,1220000,1170000,1010000
YOR274W,MOD5,1110000,953691,1150000,1030000,1080000,1010000
YBL059C-A,CMC2,724804,720340,684032,837246,763553,1000000
YDR493W,MZM1,834622,749955,1320000,635356,604598,1000000
YHR075C,PPE1,475837,608218,484919,1050000,1070000,1000000
YKR017C,HEL1,0,0,0,929716,0,1000000
YOR352W,TFB6,416613,397951,363482,989294,949422,1000000
YPL180W,TCO89,794149,768578,771094,951892,942332,1000000
YNL106C,INP52,736767,763482,647535,1020000,1190000,998409
YFR049W,YMR31,850263,970519,765723,1060000,1180000,998304
YGR169C,PUS6,571034,565421,513126,0,0,998240
YDR348C,PAL1,1530000,1380000,1400000,1110000,1030000,996936
YFR021W,ATG18,1090000,1150000,1140000,924610,1070000,996132
YNL214W,PEX17,1240000,1080000,1160000,790414,611672,996000
YIL047C,SYG1,1090000,904988,1080000,1040000,1050000,995867
YOR181W,LAS17,995386,1080000,956383,1190000,1140000,995673
YDR337W,MRPS28,875884,1020000,942172,1020000,925483,994737
YGL016W,KAP122,2440000,2290000,2370000,812190,828457,994710
YER123W,YCK3,951366,843101,830003,909318,812277,994150
YML065W,ORC1,1180000,1100000,1220000,976433,979195,994072
YNL027W,CRZ1,626492,674559,635976,865591,1030000,990925
YLR275W,SMD2,0,1010000,1110000,871167,957565,988221
YLR018C,POM34,1690000,1650000,1740000,1120000,814045,987499
YPL045W,VPS16,1360000,1400000,1500000,1170000,1340000,987383
YIL048W,NEO1,1050000,930353,1040000,744222,821945,987330
YMR047C,NUP116,1250000,1180000,1160000,866096,961752,987299
YKL184W,SPE1,2700000,1950000,2020000,1040000,661702,987175
YJL134W,LCB3,1660000,1110000,1460000,939767,1040000,986590
YML102W,CAC2,990795,963002,1010000,894706,990336,986040
YKL164C,PIR1,1010000,1070000,881416,849708,988452,985010
YML112W,CTK3,765038,677842,824880,1010000,884474,984046
YDR147W,EKI1,909647,880096,863647,811040,918545,981947
YDR530C,APA2,850928,929622,763336,979529,926934,981099
YGL059W,PKP2,438848,434856,360468,1080000,953534,980199
YER111C,SWI4,991659,960271,1040000,1110000,1070000,979429
YJR055W,HIT1,1060000,1120000,946879,1020000,1140000,979275
YJL218W,YJL218W,1110000,994474,1030000,1290000,937247,978396
YOR231W,MKK1,642494,0,686417,960988,1460000,978138
YDR027C,VPS54,686912,680711,787893,889599,963443,977966
YNL127W,FAR11,969063,899975,955947,960144,902819,977629
YMR294W,JNM1,692162,695102,648581,1120000,972836,976436
YIR021W,MRS1,656481,892752,896796,1100000,933634,975325
YDR061W,YDR061W,885490,918919,881534,1010000,984694,974650
YNR019W,ARE2,2070000,2020000,1870000,943887,951621,972579
YPR047W,MSF1,695631,555992,623300,1250000,973556,972570
YDR103W,STE5,832884,744610,956845,938799,1080000,970884
YJL073W,JEM1,1310000,955394,1090000,1480000,1230000,970234
YMR301C,ATM1,932093,880859,915591,997382,1040000,968644
YCL061C,MRC1,1170000,1180000,1150000,795520,828993,968245
YNL186W,UBP10,940818,988850,927068,772173,930494,968243
YHR154W,RTT107,1420000,1400000,1340000,876735,1110000,967025
YOR319W,HSH49,679112,890957,668674,1070000,1010000,964779
YNL252C,MRPL17,150467,96292.6,43882,66731.2,47799.1,964019
YDR206W,EBS1,1150000,1100000,1020000,999981,1180000,963463
YFR017C,IGD1,0,233701,0,817947,888040,962864
YNR031C,SSK2,631185,674031,686725,960164,1000000,961146
YML032C,RAD52,863951,823219,859119,980152,912926,961000
YML009C,MRPL39,688091,659236,687469,863156,668135,960777
YLR115W,CFT2,1020000,1080000,1110000,923029,921067,958023
YGL121C,GPG1,306047,279951,299234,947949,1130000,956166
YOR299W,BUD7,1060000,710511,434401,1170000,945789,956137
YLR034C,SMF3,2110000,1510000,2580000,1430000,1010000,952303
YDR295C,HDA2,931288,916504,849646,728184,720466,951216
YMR160W,CVM1,520997,547217,487147,955254,996853,950043
YJR131W,MNS1,1450000,1270000,1250000,1020000,965981,949115
YER013W,PRP22,905701,923716,878551,866158,832431,948951
YGL174W,BUD13,969959,896848,894561,958556,795634,948861
YBR085W,AAC3,580013,517257,505372,0,758510,948750
YOL130W,ALR1,953027,826621,789788,897747,1060000,945118
YHR123W,EPT1,1500000,1290000,1640000,1090000,1070000,944679
YDR381C-A,COI1,0,0,0,641666,799169,944247
YGR271C-A,EFG1,1120000,1240000,1250000,811437,586010,943697
YDR524C,AGE1,876134,751147,0,870190,1010000,943212
YDR119W-A,COX26,0,0,0,705625,800833,939951
YDR020C,DAS2,646138,816355,588698,688251,833399,939879
YDL209C,CWC2,697068,586884,694829,834645,871557,938710
YGR276C,RNH70,1670000,1650000,1610000,956680,916346,937299
YKL099C,UTP11,1260000,1000000,1230000,771937,705109,936875
YDR142C,PEX7,697638,735331,690501,1050000,907503,936708
YNL067W,RPL9B,2460000,2250000,2480000,1060000,1220000,936190
YMR124W,EPO1,620903,721194,665172,1100000,992321,936189
YDR436W,PPZ2,622480,548337,649639,939931,1010000,935095
YBL018C,POP8,1110000,1260000,1070000,1030000,1290000,933693
YBL029C-A,YBL029C-A,322229,371332,354137,638625,779844,933129
YHR161C,YAP1801,835085,808934,816583,1200000,1090000,933041
YGR233C,PHO81,1540000,1570000,1500000,1100000,1140000,932625
YKL012W,PRP40,817760,968883,927097,785693,915075,929774
YLR086W,SMC4,731554,657005,701129,861261,806034,928763
YDR363W,ESC2,0,0,375226,947456,856501,926928
YLR149C,GID11,337757,291643,326118,637211,694977,926551
YER017C,AFG3,1020000,1020000,829803,859724,888004,926140
YJR090C,GRR1,590662,581139,540821,640658,755457,925692
YDR057W,YOS9,1080000,1080000,1120000,1100000,1070000,924314
YHR206W,SKN7,804254,849116,808805,876224,913002,923118
YDL133W,SRF1,823052,765268,725581,1030000,1000000,920640
YNL092W,YNL092W,0,0,0,1020000,1400000,919880
YLR450W,HMG2,1110000,1120000,1090000,632047,870266,919115
YNL267W,PIK1,1010000,1040000,1010000,908249,1030000,918876
YJR082C,EAF6,642920,611932,579309,1000000,917625,917771
YBL097W,BRN1,765666,870622,836862,885160,985456,916415
YNR036C,MRPS12,928906,862242,986209,901740,929578,915622
YBL037W,APL3,1060000,1050000,1110000,854774,916151,914778
YGL002W,ERP6,559105,633103,569918,866409,811777,914198
YPL074W,YTA6,645103,527378,722498,847984,944749,913107
YCR060W,TAH1,519515,580738,470116,878626,815879,912822
YPR021C,AGC1,332119,463225,386036,894746,931166,910724
YGR127W,YGR127W,368097,415746,405688,888366,996551,907382
YJL044C,GYP6,998340,947683,1070000,869957,954527,906824
YGR072W,UPF3,909122,785458,1050000,797430,820083,902367
YBR267W,REI1,939282,952403,1030000,884145,807477,901357
YDR325W,YCG1,705309,688060,833538,934097,1100000,900159
YLR459W,GAB1,876074,874997,933055,899077,936539,895299
YPL176C,TRE1,566841,603097,480863,921494,1110000,894990
YNL003C,PET8,691550,857320,906532,889235,821804,894896
YNR011C,PRP2,837764,788336,757982,938991,842093,892469
YLR371W,ROM2,714854,732613,769893,775506,737437,891319
YDR458C,HEH2,784651,680679,679787,663069,718338,890744
YDR081C,PDC2,849111,865920,890103,762054,812625,890095
YPR070W,MED1,701823,639986,634981,842614,890059,889362
YLR362W,STE11,643992,630224,600270,746820,865240,889148
YPR045C,THP3,1010000,946469,1040000,706980,828144,889043
YPL046C,ELC1,0,330110,500171,921464,975802,888735
YGL013C,PDR1,922807,861354,991230,815771,842914,887836
YMR273C,ZDS1,562078,490753,646952,956150,705885,887691
YDR425W,SNX41,719244,603510,710968,958126,466307,884923
YCR092C,MSH3,785184,747268,776333,893998,948499,884286
YMR221C,FMP42,1260000,1220000,1320000,692332,938418,883979
YLR107W,REX3,1070000,884800,648033,1220000,1040000,883479
YPL170W,DAP1,1120000,920150,865581,774942,754043,882924
YGR032W,GSC2,634457,677956,697339,853222,888934,881697
YBL031W,SHE1,729025,693914,768179,774800,591948,880181
YKL084W,HOT13,501053,511071,514741,880697,854767,877176
YNL041C,COG6,1020000,980402,1140000,987344,919139,876423
YIL009W,FAA3,1100000,1070000,1220000,766001,885616,876232
YMR223W,UBP8,874258,831879,822536,817381,945915,875711
YKR096W,ESL2,625190,566726,558403,578978,736232,875289
YLR077W,FMP25,872252,838190,852570,806041,793747,874507
YDR227W,SIR4,650199,710657,644323,717104,878261,873211
YGR197C,SNG1,644573,526956,591936,772605,643881,872004
YJL070C,YJL070C,486775,485513,516235,592799,889888,871543
YCR095C,OCA4,1190000,1130000,973910,771893,754166,870038
YOR291W,YPK9,650206,596322,533017,756265,849532,868188
YDR392W,SPT3,994361,752462,891979,583797,770671,867280
YGR206W,MVB12,408733,580093,0,846964,673882,867249
YKR090W,PXL1,734031,770825,765034,677344,683891,864571
YEL018W,EAF5,640985,699195,708850,788729,817675,863956
YDL117W,CYK3,924434,1010000,780008,830544,918849,863790
YOR067C,ALG8,1030000,1120000,1280000,1020000,937270,862723
YNL242W,ATG2,571392,495010,561303,821853,858560,862325
YKL197C,PEX1,777237,756749,768322,798624,820752,861854
YLR439W,MRPL4,690937,657934,620995,479239,478945,861349
YFL029C,CAK1,796751,927302,793032,856688,711425,861150
YBR253W,SRB6,817048,748924,881873,557647,704256,859520
YNR007C,ATG3,516593,456689,530330,748940,851736,859260
YLR039C,RIC1,842388,907005,882552,773259,791347,858179
YOR353C,SOG2,486702,571417,538520,784818,757969,856674
YDL156W,CMR1,838342,845179,1110000,730844,957091,853896
YKL170W,MRPL38,695964,787419,694935,741889,675566,853697
YHL032C,GUT1,0,830063,0,661962,805927,851964
YPR023C,EAF3,1280000,1160000,1240000,831339,835667,848652
YPL065W,VPS28,620759,695211,540484,795327,821207,847713
YBL040C,ERD2,1920000,1710000,1850000,1670000,1500000,846590
YIL015W,BAR1,1080000,1230000,1210000,700445,552653,846110
YGR140W,CBF2,896287,812412,790738,905810,1010000,846105
YDL035C,GPR1,835408,957855,561116,1100000,891627,845802
YML015C,TAF11,770494,866521,870421,877340,1020000,845771
YNL261W,ORC5,1800000,1480000,1520000,880647,783854,845428
YBR146W,MRPS9,997398,1060000,1090000,867969,843615,845091
YGL254W,FZF1,983924,890463,893258,748981,865619,842543
YLR229C,CDC42,1100000,921599,1120000,787366,825667,842379
YOR194C,TOA1,579176,686751,595804,757108,798400,842291
YKL086W,SRX1,170789,276216,248707,636888,827674,841853
YAL044W-A,BOL1,910791,877865,867204,666885,849423,840635
YNL073W,MSK1,679251,713602,737964,757551,883767,838932
YPR134W,MSS18,664765,562309,682603,1000000,833821,836784
YMR209C,YMR209C,1140000,1160000,1240000,857923,963155,836781
YMR130W,DPI35,1090000,1070000,993530,771630,589184,836721
YKL146W,AVT3,815698,781647,929203,651534,747318,834164
YPR056W,TFB4,1100000,1200000,1200000,982307,1080000,833987
YNL278W,CAF120,952826,924112,944900,870216,952578,833845
YGR006W,PRP18,658945,697956,657728,943627,881059,832632
YCL024W,KCC4,657093,598175,604491,759025,850411,830523
YDR262W,YDR262W,652419,628896,611738,750822,621172,829962
YPR169W,JIP5,1430000,1280000,1340000,654332,841942,829957
YKL075C,AAN1,579840,581475,592122,669304,734079,828449
YDR407C,TRS120,1020000,932370,918219,1030000,903979,828193
YDR169C,STB3,688198,670490,770536,1160000,1020000,825800
YJR089W,BIR1,0,777487,621950,665050,957466,825305
YBL098W,BNA4,2170000,2010000,2230000,702353,770126,825134
YHR144C,DCD1,1760000,1720000,1610000,862088,653739,824903
YJR005W,APL1,874609,895774,857016,796858,878404,823982
YDR468C,TLG1,1690000,1100000,772358,982134,991006,823486
YJR132W,NMD5,1510000,1670000,1490000,843371,903343,823420
YMR075W,RCO1,1060000,1140000,1140000,971932,1030000,822129
YNL238W,KEX2,641569,688805,686714,762363,658839,821326
YHR102W,KIC1,1040000,838125,864608,631839,874929,821301
YPL137C,GIP3,1100000,977847,1040000,773063,880627,817648
YOL083W,ATG34,0,0,533379,891845,880384,817579
YNL099C,OCA1,482355,525193,455405,910892,833033,817352
YBR197C,YBR197C,0,750258,682886,915937,892702,817139
YPR147C,YPR147C,1870000,1980000,1910000,783994,824373,816032
YGL140C,YGL140C,564255,649411,627200,668741,753037,815219
YDR137W,RGP1,827946,817982,725391,801471,964125,814010
YGR223C,HSV2,704114,769093,859469,583962,733224,811627
YGL169W,SUA5,774283,821725,786899,1100000,652051,808919
YNL309W,STB1,801611,747248,845447,804288,995184,808751
YLR452C,SST2,1580000,1660000,1610000,590410,742586,805595
YJL146W,IDS2,743879,695209,658959,1110000,909849,804997
YOL032W,OPI10,679020,827901,601290,821121,762658,803414
YIL036W,CST6,891627,880051,805085,759724,795387,799597
YDR286C,MGP12,741393,447030,660157,745093,858274,799002
YCL016C,DCC1,596290,623039,603925,877970,943311,797812
YBR153W,RIB7,0,383740,391494,614433,524804,797801
YPR002W,PDH1,1070000,839764,1010000,901861,668583,797495
YHR167W,THP2,588374,587143,597870,772776,739846,797361
YBL082C,ALG3,916046,646763,1030000,625959,677294,797206
YKL094W,YJU3,1220000,1110000,1170000,834602,861103,796527
YKR060W,UTP30,1030000,951620,1050000,665616,573175,795865
YOR301W,RAX1,838137,804353,792275,775678,743526,795833
YJL054W,TIM54,810682,793068,938154,882152,735146,795511
YPL020C,ULP1,363391,970467,613570,670937,572852,795469
YCR090C,YCR090C,951293,998078,819143,688053,732787,795355
YNL250W,RAD50,378587,371705,415135,771357,738512,794296
YJR024C,MDE1,1150000,1010000,1100000,718372,738869,793861
YML111W,BUL2,709460,609504,704372,759631,730773,793494
YPL191C,MIY2,0,0,0,855536,815290,793031
YGR047C,TFC4,803909,825787,969447,769643,852472,792987
YDR080W,VPS41,610753,560649,554221,737721,784408,790948
YOR087W,YVC1,687432,653903,657524,680818,757706,789539
YLR005W,SSL1,894871,931354,875172,1050000,938739,789480
YNR047W,FPK1,710642,738384,745599,732267,807992,789076
YBR023C,CHS3,1110000,1170000,1090000,810931,924001,787407
YKL059C,MPE1,712642,597863,784785,732002,434510,786334
YIL014W,MNT3,964470,961832,819244,635697,0,786073
YOR191W,ULS1,1190000,1270000,1280000,794487,1290000,786036
YOL080C,REX4,1200000,1020000,1110000,851100,751741,784613
YGR093W,DRN1,781173,814411,741707,631756,646143,783871
YIL026C,IRR1,973558,933908,949182,710501,813720,783347
YMR020W,FMS1,784480,741909,692713,823847,771286,781137
YBL067C,UBP13,967829,853348,1010000,672160,824117,779781
YNL233W,BNI4,676279,665528,644215,848066,804154,778600
YOR296W,YOR296W,958517,835152,876333,850556,868203,776954
YDL027C,MRX9,555062,443386,544056,812604,892705,775658
YGL178W,MPT5,450490,489132,485371,754576,719662,774544
YFL046W,FMP32,435354,514389,445865,747140,677237,772109
YOR113W,AZF1,417546,468410,458403,727336,827586,769799
YKL023W,SKA1,924620,782624,834974,793650,666574,767668
YER005W,YND1,1010000,1020000,924716,799721,639237,767080
YNL320W,YNL320W,1020000,869615,1120000,674687,676760,766078
YDR243C,PRP28,741183,707177,729266,618793,668187,765062
YER016W,BIM1,636852,684716,569028,785705,850157,763564
YDR196C,CAB5,960293,968951,867576,775909,796317,763490
YNL284C,MRPL10,590168,609414,566818,707524,719977,760694
YLR272C,YCS4,846207,935618,881292,862694,690663,759584
YFL033C,RIM15,926121,1040000,865943,836898,926166,758657
YAL001C,TFC3,809671,821755,891451,712825,869989,757927
YAL048C,GEM1,604304,464566,563206,627034,773458,757171
YCR026C,NPP1,943338,822943,759346,972799,852251,755954
YGL256W,ADH4,2210000,9430000,3110000,631321,540498,753790
YMR134W,ERG29,956647,859664,857343,805358,846922,753133
YOR188W,MSB1,972156,933222,989817,672771,686571,751289
YKR076W,ECM4,259792,283040,319662,698691,713660,751153
YOL155C,HPF1,0,0,0,0,450840,750537
YBR225W,YBR225W,479811,444454,527953,814990,829366,749488
YJR119C,JHD2,361250,365718,394729,702509,751535,749235
YOR070C,GYP1,611739,578405,595385,736303,899987,747591
YOL146W,PSF3,1050000,1070000,869571,840072,792780,746688
YFR008W,FAR7,726837,586797,601055,840703,819309,746616
YGR170W,PSD2,824468,648293,729481,783850,630160,745880
YLR226W,BUR2,1020000,943507,909505,629607,736922,745810
YKL062W,MSN4,166347,327709,248932,594655,624686,745615
YOR038C,HIR2,706404,769697,791446,820978,648764,744951
YGR056W,RSC1,806663,825585,831289,752949,782160,744746
YDR207C,UME6,857195,859247,774956,693673,645955,742512
YLL004W,ORC3,802755,717106,737815,712573,769766,742120
YDR416W,SYF1,598300,609801,608012,804833,691412,741261
YDR013W,PSF1,620281,644730,683235,655013,734651,739976
YIL161W,SMU2,912207,914860,867011,623077,698927,739269
YDL073W,AHK1,840524,829301,843977,748582,730424,738085
YPL139C,UME1,923566,767872,893116,805951,838470,737719
YBR233W,PBP2,799679,855359,893842,907859,794558,735662
YNL221C,POP1,643761,658271,644626,585575,581352,735005
YOR273C,TPO4,67290.6,0,350184,572415,0,735005
YNR057C,BIO4,752261,1200000,826492,0,757563,734920
YLL032C,YLL032C,896007,604223,844122,694745,781384,733525
YJL156C,SSY5,885019,834703,806814,1050000,898151,732830
YNL277W,MET2,949354,999917,845585,1130000,600788,732689
YBR111W-A,SUS1,489013,0,580486,674304,813092,732261
YIL055C,YIL055C,339740,302073,237692,737133,638151,732141
YGL198W,YIP4,0,0,0,0,786005,732111
YML114C,TAF8,559457,627813,596005,827063,755309,731414
YMR288W,HSH155,665037,599304,606491,644346,703644,729969
YML014W,TRM9,1410000,1310000,1350000,782874,665559,729376
YMR316W,DIA1,1230000,978306,1120000,789171,988769,729268
YKL121W,DGR2,0,0,0,692402,715090,728036
YAL032C,PRP45,590135,627725,534874,698239,726828,727813
YIL002C,INP51,462619,526441,544122,823815,729966,727645
YMR147W,LDO45,649123,656813,638957,797801,645527,726183
YDR108W,TRS85,715759,692541,781256,743795,719032,726088
YPL092W,SSU1,1610000,1440000,1660000,633679,580371,725358
YJL112W,MDV1,576929,788424,579705,822158,848747,725277
YDR237W,MRPL7,707323,746611,501599,685149,520957,725215
YBR061C,TRM7,810152,759249,785995,709115,717033,723901
YKR054C,DYN1,621450,693887,748097,708283,706269,723101
YKL138C,MRPL31,724310,697252,898168,561091,659928,722200
YLR063W,BMT6,771366,701315,669412,686980,760200,721847
YPR105C,COG4,764797,807293,741763,788423,700606,720318
YML109W,ZDS2,505249,536469,530759,744117,790275,720293
YER018C,SPC25,746051,807301,678111,1110000,955191,719177
YJR052W,RAD7,594849,434318,498602,715652,938362,716848
YMR150C,IMP1,675329,574118,441710,678550,567098,715300
YPL181W,CTI6,568586,498047,623895,806736,735373,710968
YMR048W,CSM3,649188,650453,590354,874565,861138,709899
YER161C,SPT2,837213,810308,848185,0,713985,708565
YKR052C,MRS4,1130000,731949,1070000,649864,588827,707877
YOR297C,TIM18,876223,835356,824292,738762,690837,706934
YOR098C,NUP1,1160000,1190000,1190000,739506,771546,702216
YLR057W,MNL2,632011,628644,548780,759970,760647,702048
YLR008C,PAM18,796254,782533,811708,782926,631595,702031
YDL189W,RBS1,599518,697447,505841,751664,680301,701843
YDR069C,DOA4,378523,410013,504339,772184,613954,701541
YKR056W,TRM2,1030000,867206,979037,760567,658811,700982
YNL329C,PEX6,799439,854911,780141,692714,672936,700757
YPL155C,KIP2,720467,574789,618460,683749,813451,700404
YGL124C,MON1,1160000,583940,985703,718992,606282,700289
YNL072W,RNH201,797800,810839,818238,0,757094,697572
YBR275C,RIF1,772932,745174,754832,636206,717682,697113
YNL192W,CHS1,1130000,1020000,1200000,643232,759170,694950
YMR035W,IMP2,619615,861048,891379,730911,693759,694838
YGR235C,MIC26,757206,743071,806610,509944,0,693471
YMR066W,SOV1,351587,351669,430437,594022,559288,693007
YJR111C,PXP2,870979,674211,758733,727439,662891,690634
YPR025C,CCL1,720703,768236,797472,672484,762713,690410
YEL053C,MAK10,782285,795735,748315,605729,684886,688946
YER087W,AIM10,652078,649881,598295,517269,557934,688122
YLR019W,PSR2,303122,378238,300370,667684,714936,685609
YNL159C,ASI2,634986,636283,725362,658918,716017,685060
YHR011W,DIA4,314688,0,0,0,652980,684963
YLR016C,PML1,0,1180000,0,829619,657900,684537
YDR204W,COQ4,617909,590791,539227,740620,796127,683778
YPL016W,SWI1,614962,664765,647242,726671,652608,683422
YBR291C,CTP1,1250000,1380000,1070000,525891,564767,683282
YCR051W,YCR051W,1350000,1220000,1210000,970181,767023,682980
YBR185C,MBA1,553348,590877,545127,583497,578989,682394
YPL040C,ISM1,474757,544791,442077,672022,663356,682390
YJL096W,MRPL49,837714,878588,721475,763581,742988,682047
YCR081W,SRB8,783179,723090,833130,520839,708121,681803
YHR195W,NVJ1,420717,289348,352041,682237,737763,681517
YLR423C,ATG17,381976,427538,340041,661746,705798,680591
YOR022C,DDL1,306085,333127,148914,365014,617215,679800
YDL170W,UGA3,556865,523961,564801,727183,632471,677971
YNL081C,SWS2,1040000,1150000,1020000,761869,707199,677874
YKL174C,TPO5,751223,714744,772105,495916,584113,676458
YBR241C,VVS1,236260,195002,212669,0,534183,676373
YBR073W,RDH54,1120000,1100000,1030000,696887,691520,674443
YDR339C,FCF1,1310000,1180000,1280000,662304,593779,674407
YGR102C,GTF1,461182,497527,459517,910001,797146,671434
YHL018W,MCO14,0,803325,0,649312,690826,671078
YOL103W,ITR2,928479,797113,983724,0,816245,670538
YBR024W,SCO2,376745,405805,402184,558341,594410,669945
YHR119W,SET1,621885,428006,519307,0,628625,669852
YGL185C,YGL185C,455151,545045,491687,728122,666043,669044
YGL180W,ATG1,596048,567214,574141,801600,687472,668330
YIR009W,MSL1,852347,809125,1100000,686217,540604,667776
YEL050C,RML2,598953,482233,627562,428160,569286,666245
YCR063W,BUD31,773643,745346,693858,684223,687092,665621
YDR444W,YDR444W,432453,485300,567777,673979,834955,664530
YNL240C,NAR1,651042,628232,737495,590252,628415,663567
YOR035C,SHE4,586780,558641,573622,582373,661278,663458
YIL097W,FYV10,329364,346504,282334,558550,569753,663144
YDL240W,LRG1,488682,506824,641488,434579,547357,662565
YGR055W,MUP1,971987,1080000,1290000,658981,521981,662195
YLR188W,MDL1,541677,467615,455244,629625,480834,662082
YDR222W,YDR222W,271925,335650,283026,413744,630154,659065
YML006C,GIS4,429664,424948,376068,692148,643013,658599
YPR174C,CSA1,789528,813660,788649,728352,737600,658337
YDR216W,ADR1,0,0,0,525012,452455,656725
YKR078W,VPS501,478754,550965,398863,616038,760330,656283
YLR103C,CDC45,818410,754061,675507,685879,687474,654115
YDR357C,CNL1,394589,599539,408780,617060,644916,653744
YGL223C,COG1,762344,810588,706215,693697,571934,653279
YNR020C,ATP23,450757,550248,449270,744978,672342,652552
YML088W,UFO1,691326,617952,633000,673294,706381,652529
YPL214C,THI6,638439,390650,423461,683538,802388,652475
YKL046C,DCW1,1200000,995329,1300000,619079,540183,652442
YMR312W,ELP6,1080000,820981,789359,680210,602376,651564
YER031C,YPT31,1690000,1420000,1270000,735855,749636,650962
YER169W,RPH1,435107,451107,519203,538593,510949,650348
YKL034W,TUL1,474073,809474,693236,488425,604658,650256
YBR030W,RKM3,838106,741513,713124,436118,535469,647967
YDR163W,CWC15,1020000,877575,925992,665418,697320,647523
YDL217C,TIM22,531853,555129,525317,714180,557789,645683
YGR076C,MRPL25,684749,697308,846564,606492,649380,645346
YLR446W,NGK1,389243,392245,276759,780205,814957,645218
YNL039W,BDP1,563940,500891,467887,628381,609298,645033
YLR138W,NHA1,277193,263409,363507,613831,585919,643977
YLR032W,RAD5,577451,627694,582810,498284,641035,643691
YBR255C-A,RCF3,380232,155498,223984,240709,0,643388
YDR240C,SNU56,801204,724599,862836,484478,500969,642854
YJL139C,YUR1,571620,622081,624749,700645,683642,641346
YKL168C,KKQ8,338039,343876,296700,465026,493367,640269
YER145C,FTR1,4380000,2340000,4440000,1840000,701403,639042
YLR212C,TUB4,854680,683168,590866,875447,954210,638093
YKL176C,LST4,514373,549864,563667,0,531562,637965
YGR038W,ORM1,960726,952019,988015,800071,701409,637659
YJR135W-A,TIM8,0,0,0,648737,722889,636924
YBR097W,VPS15,749100,686611,740970,742074,700765,636881
YMR240C,CUS1,803953,806186,783337,494870,612974,636741
YNR015W,SMM1,1000000,921143,938298,799113,763909,636288
YGR280C,PXR1,999186,933927,991551,551969,585396,633887
YJL046W,AIM22,263005,309015,331005,588890,616053,633716
YHR216W,IMD2,2860000,2440000,2660000,671850,690490,633425
YOR284W,HUA2,724075,748426,748761,634949,686876,633290
YLL062C,MHT1,922776,1080000,783142,546564,729237,633177
YOL159C-A,YOL159C-A,453113,452091,381223,507127,722148,632792
YOL081W,IRA2,592462,591946,656341,699733,669306,632733
YIL066C,RNR3,500784,0,0,573597,508402,632203
YGR274C,TAF1,717680,709167,675583,546401,622907,632085
YAL058W,CNE1,440498,599089,590964,579888,696806,630277
YPL104W,MSD1,291598,276093,269247,608138,577288,629459
YKL105C,SEG2,465128,407248,456104,566337,597093,629249
YMR255W,GFD1,1050000,976515,1060000,431566,454391,628522
YML096W,YML096W,833807,741036,842393,422967,0,627972
YHR118C,ORC6,597434,582971,526895,0,584152,627380
YFL034W,MIL1,483364,587305,642329,559107,527262,625941
YKR037C,SPC34,635727,610595,634591,552025,526673,625723
YPL236C,ENV7,448399,348659,335131,642760,747511,625531
YGR260W,TNA1,509954,552609,725004,407556,473260,624364
YMR167W,MLH1,451746,411823,411317,667983,660138,623706
YLL035W,GRC3,560255,496886,567726,630073,656490,623223
YJR154W,YJR154W,888019,1090000,1200000,621066,828555,623085
YMR281W,GPI12,778126,797571,792107,700648,668081,622321
YOR238W,YOR238W,884696,927349,697000,664358,742649,621646
YKL134C,YKL134C,307932,337114,329703,539315,506894,621251
YER015W,FAA2,374339,498784,401460,542378,568271,621174
YCR042C,TAF2,763704,754413,793255,642116,558467,618789
YPL166W,ATG29,354962,464166,377892,616852,655936,617993
YGR091W,PRP31,1670000,1160000,1290000,938796,1180000,616238
YAR027W,UIP3,1190000,1100000,1130000,526924,545816,615444
YDL090C,RAM1,600502,737324,582844,677022,678726,615410
YPR049C,ATG11,413494,378139,468574,547090,688724,614104
YML042W,CAT2,270518,227893,235853,438584,495184,614056
YIL112W,HOS4,597952,607858,537043,549231,527701,613766
YBR001C,NTH2,0,0,0,0,592285,613482
YMR162C,DNF3,504928,575256,539044,300712,488479,612865
YBL006C,LDB7,681678,651542,655339,659893,569507,612434
YMR306W,FKS3,0,502670,349540,507447,617496,611825
YMR102C,LAF1,301101,332141,345429,643046,585013,611465
YKL133C,RCI50,191331,160904,0,482070,500406,611073
YPR175W,DPB2,851341,768270,685377,700042,679086,610958
YLR130C,ZRT2,900042,748986,928395,606045,613216,606590
YER088C,DOT6,658295,578732,602857,674619,642935,606457
YCR079W,PTC6,466898,437635,477621,733410,793575,605723
YDL091C,UBX3,264084,318422,325918,551541,538598,605652
YHL019C,APM2,440612,398096,400300,430353,522918,605444
YDR235W,PRP42,597884,656208,665331,570469,609824,603696
YPL150W,YPL150W,0,0,0,642892,641874,602755
YGL128C,CWC23,424765,422728,351901,416199,354712,601895
YLR182W,SWI6,1080000,950847,962491,488720,621699,601086
YNL068C,FKH2,527377,489436,532713,677019,685514,600972
YOR017W,PET127,457534,471769,0,521837,424098,598536
YGR002C,SWC4,558758,477505,347227,818353,648876,598053
YJL126W,NIT2,494257,421303,503933,710012,671833,597918
YIL064W,EFM4,2510000,2160000,1910000,774906,696341,596565
YGR150C,CCM1,369236,439111,413129,576141,631166,595916
YOL138C,RTC1,554182,472569,366140,702630,561120,595474
YAR018C,KIN3,534338,497735,317835,677166,597698,594923
YGR046W,TAM41,287684,324677,364317,560561,500206,594378
YGL243W,TAD1,679722,516267,660152,719274,582474,593447
YEL039C,CYC7,0,247634,0,700996,645117,593067
YHR149C,SKG6,841813,764127,718859,447092,542644,592001
YDL149W,ATG9,448254,409135,614513,482281,507914,591453
YPL134C,ODC1,469135,563995,505022,506053,472400,591327
YAL051W,OAF1,645338,504534,617484,543176,618801,591159
YOR287C,RRP36,633180,537101,720359,504115,559846,590708
YLR431C,ATG23,416046,0,561850,686655,877100,590390
YJR011C,CAL4,661901,730531,666075,683006,612267,589854
YOL026C,MIM1,0,0,0,603983,660781,586290
YOL125W,TRM13,669492,575595,765824,709361,552591,586151
YLR392C,ART10,354456,0,0,705042,666778,586113
YOR093C,CMR2,569171,591144,651477,606020,551910,580348
YHR085W,IPI1,538808,382181,505676,561645,629854,578386
YOR106W,VAM3,905708,998164,835044,566526,959496,578242
YKR091W,SRL3,0,0,221129,397696,511187,578140
YLR436C,ECM30,446748,387310,411042,499648,434461,577717
YDL030W,PRP9,648555,596664,676335,576069,628298,577467
YLR306W,UBC12,589622,537344,447110,601716,616804,577319
YGR179C,OKP1,331414,320671,364269,482871,532965,576621
YDR495C,VPS3,519425,546856,476877,555994,580614,576425
YGR258C,RAD2,527047,537680,487988,526988,512251,575214
YCR023C,YCR023C,384152,287218,272911,530243,455654,574752
YER093C,TSC11,522978,705420,0,527867,728903,574398
YFR048W,RMD8,617488,515200,523797,633278,604561,573095
YJR127C,RSF2,432940,395692,449312,513285,495971,572950
YCR044C,PER1,0,0,486862,0,0,572643
YEL017W,GTT3,813471,738247,849281,616340,656795,572522
YCL038C,ATG22,356265,446081,559007,0,364456,572129
YPR144C,NOC4,837611,738251,869502,478759,505039,570835
YHR143W-A,RPC10,489026,409497,549972,522804,456656,570208
YIL156W,UBP7,648444,509531,583977,350302,416132,570189
YER047C,SAP1,415636,519110,0,534203,584477,570020
YCL025C,AGP1,399983,428016,429160,371467,588229,569841
YJL131C,AIM23,367805,394344,453940,577566,492134,568855
YKR063C,LAS1,457011,524558,493326,460140,424617,568621
YLR218C,COA4,310920,375356,275315,621794,657863,568111
YHR176W,FMO1,381748,558964,510744,452731,606523,566711
YNL311C,SKP2,591350,583473,581925,570822,592753,566419
YIR033W,MGA2,547898,423341,475488,531779,569107,566338
YNL172W,APC1,498417,445698,473971,441558,561848,564161
YGR122W,YGR122W,309662,444715,439736,510452,507941,563877
YPR168W,NUT2,481018,459612,408569,453242,618319,563111
YPL138C,SPP1,469275,487997,531349,640694,621879,562423
YDR359C,EAF1,576309,567730,551678,457812,583876,562382
YDR443C,SSN2,505295,507397,386116,737655,638790,562333
YBR254C,TRS20,730683,637705,699835,489911,526132,561609
YDR302W,GPI11,509196,476116,502086,490553,538036,561565
YKL064W,MNR2,475765,435599,474435,508681,562485,560947
YJL133W,MRS3,525412,409887,402114,731150,777262,560655
YBR132C,AGP2,180400,0,144389,0,0,559961
YIR007W,EGH1,529765,528132,614335,513826,622703,559912
YDL005C,MED2,602349,564360,544034,458704,395531,558194
YGR104C,SRB5,626591,689580,566699,692854,651340,557575
YJL085W,EXO70,940949,732550,948910,660096,714192,557517
YNL245C,CWC25,1030000,1000000,781878,816512,750317,556375
YGR081C,SLX9,1960000,1730000,1560000,467580,788534,555545
YMR270C,RRN9,402693,436213,388501,491740,389932,555422
YPR052C,NHP6A,830069,799449,1540000,766490,630301,554764
YML056C,IMD4,1080000,1020000,978589,600777,0,554552
YBR047W,FMP23,506576,0,522204,802529,0,554058
YOR152C,ATG40,349274,356039,416813,642284,624249,553887
YPL193W,RSA1,489662,400492,399002,560657,467557,553634
YGL036W,VIR1,345716,305482,383059,439896,531787,553233
YLR050C,EMA19,802628,638200,891447,526293,612988,552304
YOR320C,GNT1,1610000,1590000,1650000,699105,620921,551712
YLR139C,SLS1,441772,658234,622572,886330,1030000,551498
YMR263W,SAP30,689683,711713,727260,584325,854924,550887
YPL024W,RMI1,796886,642205,739521,522224,522251,550792
YOL065C,INP54,653652,620132,689754,453179,420522,550547
YLR284C,ECI1,405208,378892,329547,605016,600388,550312
YPR164W,MMS1,543079,529762,561948,286601,415730,549970
YOR004W,UTP23,1550000,1070000,1000000,569208,0,549316
YOR081C,TGL5,537315,565360,533537,476719,513761,548610
YHR156C,LIN1,452553,368757,0,601531,653109,548020
YHR031C,RRM3,449766,432494,419460,437699,439901,547368
YHR202W,SMN1,0,0,0,462978,625121,547349
YJL166W,QCR8,0,0,0,518519,642908,546736
YGR089W,NNF2,479119,383131,486528,446332,545695,545676
YMR014W,BUD22,871157,804945,909068,490208,470279,544965
YGR058W,PEF1,566889,482441,514695,554484,547143,544341
YNR048W,YNR048W,444155,406751,462677,575097,647757,543262
YDR128W,MTC5,572241,503098,625934,439531,597068,543038
YMR287C,DSS1,468202,420975,395971,492910,501380,542246
YLR170C,APS1,878337,956643,666354,635348,504332,540969
YPL064C,CWC27,596465,683841,385329,448049,0,540165
YBR231C,SWC5,433993,432912,350820,525433,529923,539056
YBL020W,RFT1,434241,379811,592720,388693,387394,537880
YDL099W,BUG1,1080000,725167,795548,597115,758945,537662
YOL112W,MSB4,304322,329589,358891,537616,584170,537493
YBR274W,CHK1,829295,657090,571262,0,392724,537459
YHR166C,CDC23,357296,371197,407172,581417,585142,537361
YHR159W,TDA11,311028,300419,273716,544565,503853,537210
YDR362C,TFC6,449127,432464,353450,449226,359976,537172
YNL321W,VNX1,575585,437830,548497,507041,485865,536672
YIL104C,SHQ1,466920,484544,429158,443962,447242,535861
YFL036W,RPO41,486413,554184,516922,500056,526659,535424
YLR144C,ACF2,803772,670193,936804,435473,505215,534058
YNL273W,TOF1,488009,465038,442767,618636,634472,534035
YML079W,CFF1,426209,354249,428537,442134,468069,533747
YMR011W,HXT2,2440000,2330000,2560000,575432,638930,533735
YER083C,GET2,1380000,1150000,1220000,599065,494628,532298
YNL080C,EOS1,668855,618312,769582,303808,0,532004
YDL086W,YDL086W,1110000,772023,868528,723640,753526,531744
YDR326C,YSP2,549616,531066,553111,470837,529160,531688
YPR140W,TAZ1,580727,481986,489057,514921,434287,531004
YLR177W,YLR177W,0,161441,216995,478824,509174,530996
YNL156C,NSG2,521171,532095,502746,480887,569301,530467
YKL074C,MUD2,525171,646724,577080,552223,584861,530338
YLR104W,LCL2,571814,595554,445815,518545,624994,529930
YMR283C,RIT1,725693,596726,669530,525763,644128,529014
YCR082W,AHC2,553346,617771,525308,727014,894893,527376
YNL047C,SLM2,470636,431745,348654,355847,365328,525846
YNR040W,MRX15,700171,595171,594078,443434,387410,525530
YPR086W,SUA7,787310,785394,678167,437215,613208,525027
YDR178W,SDH4,29902.6,102990,74423,509641,672225,524896
YPL151C,PRP46,503666,621347,657726,0,461594,523794
YHR155W,LAM1,283132,322956,310950,539199,392274,522566
YLR382C,NAM2,465762,545862,328594,469418,540079,522138
YJL149W,DAS1,583737,435060,540628,358986,0,521638
YGR238C,KEL2,515881,535127,500045,498221,631640,520308
YKR086W,PRP16,577529,635235,607656,538327,440391,519521
YMR052W,FAR3,335285,275757,366918,396401,571522,518829
YGL025C,PGD1,324450,375241,0,558430,478530,515957
YPR171W,BSP1,454472,397329,400609,458888,391602,515906
YPL055C,LGE1,588776,623932,488189,508556,790294,514846
YNL151C,RPC31,553458,543446,511164,496874,514409,514692
YER075C,PTP3,449385,551599,640183,442630,484646,511555
YGL160W,AIM14,431548,464059,442835,498994,508581,511131
YDR036C,EHD3,494735,532038,403605,515103,547739,510490
YGR112W,SHY1,328384,196015,370875,433281,466626,509264
YMR224C,MRE11,538221,514991,513643,460982,495403,508988
YDR479C,PEX29,584778,579002,456680,517817,544298,507446
YPR057W,BRR1,717121,615203,681929,355706,354776,507189
YDR159W,SAC3,414047,573757,460298,447380,485642,506793
YLR240W,VPS34,512968,508504,524315,544946,513813,505589
YDL238C,GUD1,234528,282920,279294,380719,404351,504538
YDR180W,SCC2,448448,441109,454136,455181,507238,504446
YPL075W,GCR1,359630,420341,340782,533735,558325,502083
YJR122W,IBA57,427827,377508,392234,523250,358321,501947
YFL049W,SWP82,401519,366466,351991,600020,668297,501906
YLR451W,LEU3,731775,583780,476765,0,465381,501867
YGR021W,DPC29,595760,274318,356753,725684,290936,501766
YOL034W,SMC5,384446,365572,438411,437481,379996,501618
YIL144W,NDC80,244220,240675,348743,369711,198522,501595
YLL033W,IRC19,0,440027,474518,270389,302781,501423
YDR279W,RNH202,824507,715049,800404,679753,612018,501317
YDR316W,OMS1,359903,363419,342071,499922,485386,499617
YLR412W,BER1,627773,638808,556668,457446,640072,499140
YNL042W,BOP3,437628,0,331604,506644,504374,499049
YOL054W,PSH1,0,444937,523432,451369,473584,497021
YNL051W,COG5,869325,835773,856022,289662,341051,496680
YOR008C,SLG1,370207,362162,387987,510229,571164,496205
YHL014C,YLF2,339474,403329,311282,427203,482419,495688
YPR100W,MRPL51,572951,560952,560444,442290,396753,494718
YDR282C,MRX10,394676,371367,323016,423755,492874,494001
YOL084W,PHM7,0,0,0,342716,0,493681
YBR276C,PPS1,347184,411847,356590,357300,489612,493572
YEL044W,IES6,761965,720296,741900,0,0,493487
YNR028W,CPR8,836930,834515,873744,522833,497037,491964
YPR122W,AXL1,569621,585675,556483,543425,563911,491254
YJL006C,CTK2,473838,441697,467566,279835,489343,491127
YDL175C,AIR2,949226,796866,968653,483714,453045,489818
YPL042C,SSN3,366904,329487,450891,380941,439205,488413
YPL069C,BTS1,562906,568023,480165,609031,588779,487983
YMR293C,HER2,353940,327349,329142,467636,386909,487888
YOR104W,PIN2,0,0,0,0,0,487781
YEL063C,CAN1,1120000,717990,715983,661690,459561,487453
YOR311C,DGK1,582687,476959,681699,370600,493461,487319
YNL310C,ZIM17,615960,566858,637302,464973,409084,486481
YOR127W,RGA1,395059,382873,419471,455281,547537,485342
YDR475C,JIP4,299805,248550,233527,355559,394548,485244
YJR084W,YJR084W,824996,943180,829922,668273,618383,484826
YIL173W,VTH1,431726,373439,353970,432335,370973,484580
YOR144C,ELG1,455302,451432,382648,507736,471247,484383
YGL248W,PDE1,342399,376162,349283,408699,376098,483266
YIR024C,INA22,515786,596952,657367,485754,520750,483043
YOL001W,PHO80,390314,349599,386166,383991,511222,482936
YJL091C,GWT1,595162,614052,713441,295550,435339,479891
YIL140W,AXL2,567500,587933,475804,0,674464,479528
YLR021W,IRC25,606747,538446,624078,314566,347283,479301
YNL077W,APJ1,404146,396021,462274,0,562551,479278
YDR307W,PMT7,538043,501414,626809,419730,481002,479044
YDR118W,APC4,467219,356904,304355,455501,530878,477622
YDR225W,HTA1,651721,567718,509675,488479,438790,477473
Q0045,COX1,0,0,0,410572,562181,476600
YDR239C,YDR239C,413089,450360,495464,452941,409930,476414
YCR019W,MAK32,689357,500093,683424,579554,0,476058
YGR057C,LST7,499704,365269,570365,361351,0,475043
YPL161C,BEM4,845011,696420,712049,663277,599995,473525
YMR284W,YKU70,395201,441538,538825,508490,599370,473440
YDR110W,FOB1,1460000,1350000,1470000,718583,613632,473246
YGR149W,GPC1,276229,313900,388103,313836,573321,472413
YHR017W,YSC83,609901,627102,569222,378678,453452,472188
YGR166W,TRS65,329615,321721,477253,469315,581807,472158
YAR033W,MST28,618290,717595,615167,0,0,470070
YIL001W,YIL001W,545003,573031,667410,475273,532882,469844
YGR121C,MEP1,344761,311860,376158,401875,549931,469348
YHR103W,SBE22,702220,659704,540456,425299,563351,468453
YJL003W,COX16,496100,586206,519398,529126,412884,467685
YLR438C-A,LSM3,0,512253,0,594977,572838,466236
YDR514C,YDR514C,0,435570,530363,554764,554514,465686
YER040W,GLN3,430889,330673,410752,504596,547155,465671
YNL259C,ATX1,364649,206842,199672,459849,471643,465633
YPL072W,UBP16,0,334953,448168,307839,315701,463614
YMR172W,HOT1,420122,436173,350835,521913,409673,462319
YHR180W,YHR180W,348363,0,0,0,503663,462191
YDL025C,RTK1,438851,378593,386191,481700,533762,461894
YLR350W,ORM2,495296,479847,528427,439387,447453,460523
YFL009W,CDC4,949839,977425,1070000,555460,424028,457369
YOR249C,APC5,426209,342532,352836,572245,360586,456247
YGR227W,DIE2,125012,0,347673,272376,389876,455954
YDR389W,SAC7,490841,426051,480174,353488,441455,455917
YOR143C,THI80,490445,447421,458362,484127,439678,455084
YGR246C,BRF1,748732,706595,662183,464327,495895,455027
YOR083W,WHI5,0,0,0,320226,263347,455000
YOL019W,TOS7,559756,584087,653713,538768,703420,454988
YGR287C,IMA1,330540,285714,296243,473184,446407,454559
YJL019W,MPS3,404414,403367,381505,324455,492192,453808
YLR127C,APC2,355963,350969,370701,435841,336098,453692
YLR247C,IRC20,543306,527407,420171,331771,349060,453639
YLR323C,CWC24,505220,495537,543347,364206,383106,452438
YGR071C,ENV11,382548,76133.4,334338,423927,451382,452290
YDL003W,MCD1,553475,568483,403856,449516,401892,451213
YJR013W,GPI14,0,0,609528,405829,378970,450964
YMR207C,HFA1,370456,364307,340851,359747,337530,450100
YGR003W,CUL3,363321,399876,374157,300047,478974,449642
YLR131C,ACE2,339150,300997,332875,541116,442164,449050
YBR258C,SHG1,481063,507773,388725,539336,473187,448848
YMR028W,TAP42,426767,436042,446554,525243,429470,448378
YDR109C,YDR109C,579338,437088,556746,575708,489196,448262
YIR023W,DAL81,478624,388740,437488,399321,345285,447402
YNL152W,INN1,524562,549716,601977,370231,434288,447252
YDR111C,ALT2,361135,420125,325293,410197,463972,446728
YGL142C,GPI10,316420,351509,355731,507317,489206,446330
YHR172W,SPC97,420874,479353,430080,419069,428893,446153
YNL103W,MET4,0,328175,262011,454279,415629,445231
YIL119C,RPI1,274628,236478,375410,0,481361,443975
YOR385W,YOR385W,589632,405101,504916,331333,382383,443195
YOR329C,SCD5,402694,392994,430218,368007,389809,443019
YPL233W,NSL1,504564,614896,467399,713673,637983,442508
YFR043C,IRC6,655599,480801,462390,379193,224029,442474
YDR219C,MFB1,533801,513987,526548,444465,408377,440885
YBL060W,YEL1,0,429466,0,423383,508191,439340
YML020W,YML020W,315621,343053,270992,324523,334718,438379
YOR262W,GPN2,471197,402511,368146,262274,266967,437965
YIL150C,MCM10,423187,0,0,0,425188,437457
YGL020C,GET1,496268,373986,360696,543567,610537,437446
YER142C,MAG1,654807,531302,669750,437651,264037,437330
YGL114W,YGL114W,510633,453497,429333,421610,517906,437199
YBR043C,QDR3,384144,342103,440450,453467,303100,436775
YIL122W,POG1,0,336748,0,362069,473030,436324
YPL140C,MKK2,447565,0,382648,219751,0,436123
YOL078W,AVO1,334441,461162,314667,417400,655147,435884
YJR062C,NTA1,547447,515353,576104,423509,368487,435585
YLL043W,FPS1,609621,491080,611247,458361,508852,435517
Q0065,AI4,0,0,0,0,0,433565
YBR167C,POP7,307058,0,351314,0,0,432319
YDL042C,SIR2,609407,462634,541161,364917,324609,429936
YPR152C,URN1,471110,502133,500402,486612,495310,428314
YHR105W,YPT35,378113,408603,320469,588385,387258,427446
YKL089W,MIF2,0,0,531760,371985,325609,426836
YDR419W,RAD30,331105,324842,301881,204174,198103,426802
YCR059C,YIH1,377085,343453,359821,556427,439925,426697
YKR006C,MRPL13,537022,590036,473716,449654,448880,424835
YHR178W,STB5,612718,413459,0,449992,580087,424657
YAL061W,BDH2,0,0,0,373795,480382,424327
YBR237W,PRP5,565921,528274,533480,497028,564401,424253
YNL218W,MGS1,330358,326789,378987,355014,314382,424132
YPR185W,ATG13,322964,278776,355241,329060,300877,424095
YAL056W,GPB2,388779,385358,288943,439086,405962,423960
YOR148C,SPP2,513133,434033,490677,294465,0,423829
YLR001C,YLR001C,173747,193322,232827,537941,487443,423563
YKL208W,CBT1,0,371463,553728,0,348909,423135
YAL015C,NTG1,622301,391474,531958,279741,0,420275
YLR404W,SEI1,492912,510802,529425,397680,432337,419928
YGL021W,ALK1,818107,717746,727127,468238,519720,418973
YER147C,SCC4,464394,518328,614025,394247,440814,418853
YGL018C,JAC1,461568,0,0,600927,430220,418512
YLL027W,ISA1,131303,184805,211114,189851,246914,415466
YHR089C,GAR1,555981,481328,563478,364634,382066,413338
YLR316C,TAD3,535571,518850,364106,565453,497792,412764
YDL004W,ATP16,217608,212223,206494,541707,492640,412552
YOL060C,MAM3,540716,518915,512292,474786,451555,411865
YNL202W,SPS19,370992,370805,324504,432368,358109,411824
YHR040W,BCD1,400521,440842,415964,402424,374638,411656
YLR015W,BRE2,432049,355133,402598,448926,396943,411541
YLR383W,SMC6,428637,444132,337453,252542,354221,410740
YDR373W,FRQ1,382417,253554,202634,470291,566993,409634
YLR425W,TUS1,202197,197283,263264,317184,285499,409623
YPR128C,ANT1,654021,382355,528289,324908,361593,409316
YKR099W,BAS1,385091,343199,296463,168638,279821,409182
YJL198W,PHO90,625135,601015,534836,454479,463509,408622
YPL089C,RLM1,420467,343468,469948,464960,378725,407773
YBL034C,STU1,466927,451159,462926,346405,451386,406403
YOR349W,CIN1,0,0,0,332283,0,406326
YNL317W,PFS2,544828,562090,538533,472715,473679,406264
YDR422C,SIP1,290957,307172,239687,340745,406240,405685
YLL054C,YLL054C,366483,438763,399799,316331,0,405408
YOL100W,PKH2,204573,200115,228190,296051,370988,405366
YDR217C,RAD9,414227,419011,381138,385433,398691,404260
YFR038W,IRC5,648820,724965,674566,366533,439858,404175
YLR087C,CSF1,370427,348042,387083,337593,491226,403578
YAL024C,LTE1,293664,516146,359657,475558,537134,402882
YNL020C,ARK1,328059,320468,313816,354012,413566,402793
YNL164C,IBD2,457577,460196,366571,421927,401733,402641
YHR072W-A,NOP10,640614,417818,510510,595678,682947,402626
YLR137W,RKM5,490266,311486,424128,349497,234442,402369
YBL013W,FMT1,591462,507774,558969,617493,566765,401403
YGR042W,MTE1,597803,530628,505051,472102,422375,400805
YPR115W,RGC1,267689,291411,308019,357543,370807,400695
YLR460C,YLR460C,833082,712729,776251,469711,444317,399895
YMR106C,YKU80,258192,286256,0,382155,428692,399855
YPR095C,SYT1,185175,300083,321779,349386,466335,399634
YMR233W,TRI1,1050000,1130000,1160000,493007,552326,399165
YMR087W,PDL32,666493,599609,617256,315546,385520,397320
YOR100C,CRC1,313087,180895,183394,357822,195332,396793
YOL141W,PPM2,385282,347632,422350,349487,412420,396248
YDR143C,SAN1,1000000,981841,1140000,439259,0,395652
YAL033W,POP5,667583,707158,680708,284928,296626,395195
YDL207W,GLE1,347865,372904,444019,232330,350841,394399
YKL219W,COS9,379432,377799,363016,349739,249206,394378
YOL089C,HAL9,340117,321996,371048,257091,403786,394101
YPR046W,MCM16,247923,303425,390894,499064,489807,393998
YKL011C,CCE1,303858,323685,312036,309359,256172,392890
YMR098C,ATP25,284574,295766,274435,387453,353671,392866
YNL268W,LYP1,654322,508217,663197,0,407334,392808
YJR110W,YMR1,297835,263836,347864,304768,307985,392745
YGL236C,MTO1,347781,300610,365586,0,436288,391523
YDR498C,SEC20,520007,460640,495330,427584,344678,391029
YGL196W,DSD1,0,0,0,274492,412648,389302
YLR245C,CDD1,350069,380940,252051,441645,75310.4,388479
YLR024C,UBR2,436201,445797,481932,324259,354001,387573
YLR238W,FAR10,416169,388045,508306,410349,467764,387450
YBL066C,SEF1,264300,323299,307773,331663,448786,386529
YHR162W,MPC2,2410000,1900000,2920000,130133,216345,386353
YLR079W,SIC1,390620,0,208514,387369,345586,386339
YHR079C,IRE1,343329,470618,409208,513959,356531,385939
YOR158W,PET123,1030000,1190000,1170000,448295,708093,385895
YMR117C,SPC24,207924,273890,264433,443612,413918,385376
YKL008C,LAC1,393600,446011,463200,376757,393248,384308
YER132C,PMD1,530074,431935,469283,575839,428725,383882
YKL189W,HYM1,378395,326610,321394,296513,239709,383823
YHR058C,MED6,734894,605011,741551,392711,357389,382200
YBR131W,CCZ1,0,0,318157,0,405881,381991
YDL054C,MCH1,732767,730467,990765,277943,309406,381678
YDR084C,TVP23,439681,419902,364111,305492,395996,381664
YNL200C,NNR1,482940,366221,432031,516545,572368,381587
YDL134C,PPH21,468067,393174,407628,406975,481278,381083
YCR024C,SLM5,398307,300603,301508,390334,489789,381004
YMR210W,MGL2,402541,433387,531571,0,390699,380683
YOR269W,PAC1,272185,248313,274339,366075,332821,380290
YHR091C,MSR1,344497,215549,302887,300797,378403,379067
YKL107W,YKL107W,137060,0,0,233223,291283,378772
YOL023W,IFM1,0,0,55240.1,0,0,378178
YHL009C,YAP3,425953,449736,488237,358502,195077,376644
YDL085W,NDE2,0,85543.1,0,243076,290886,376510
YGR181W,TIM13,846125,647087,581231,575703,746473,376056
YDL093W,PMT5,447649,356647,530397,418193,417170,375993
YML019W,OST6,947938,828879,927159,533364,547878,375224
YDR334W,SWR1,335909,355003,345122,381068,369162,375156
YGR278W,CWC22,338369,262510,403346,411013,428204,374342
YLR117C,CLF1,299853,407230,389097,335392,440896,373581
YHL024W,RIM4,0,0,87658.9,0,285229,373267
YIL045W,PIG2,0,0,190544,284032,294392,372326
YEL005C,VAB2,0,0,0,0,0,372179
YIL127C,RRT14,0,468352,515614,0,0,369517
YMR053C,STB2,0,0,0,280863,351447,365876
YPL029W,SUV3,366880,332478,0,374260,446917,364843
YNL194C,YNL194C,104989,0,0,350904,381261,363008
YPL099C,INA17,361392,322091,468240,330470,319063,362720
YDR130C,FIN1,437373,419031,388151,400415,371441,362353
YBR220C,YBR220C,521772,517769,568830,302742,380379,361563
YHR057C,CPR2,504829,602174,380843,396852,573707,360897
YGL066W,SGF73,419730,419224,430790,344496,298183,360192
YMR256C,COX7,0,0,0,279873,302898,360186
YKL052C,ASK1,451451,342381,474846,403101,425682,360005
YPL103C,FMP30,525452,484019,490244,318301,363981,359879
YJL016W,TPH3,161968,188971,182443,376802,0,358548
YLR265C,NEJ1,0,0,0,0,0,357416
YKL101W,HSL1,454424,421998,373414,388519,486637,356655
YER162C,RAD4,223916,231887,213236,433218,302816,356053
YDL036C,PUS9,487837,495097,551939,458852,0,355481
YPR083W,MDM36,139905,199571,168388,0,142727,355223
YPL008W,CHL1,239328,239590,178984,327727,407670,354888
YOL008W,COQ10,439177,569488,578989,438614,505912,352648
YBL042C,FUI1,247430,0,0,243623,374672,351568
YDR088C,SLU7,707351,617786,741155,675820,487670,350362
YML081W,TDA9,329824,365243,411584,304373,285047,350292
YMR227C,TAF7,308331,275389,265753,347670,326922,349934
YDL080C,THI3,274956,275982,321975,0,354680,349541
YDR208W,MSS4,477100,437042,462614,311345,342012,349016
YDR056C,EMC10,489747,379129,516651,380603,410239,348173
YPR081C,GRS2,506189,436925,495644,404928,442939,347694
YIL042C,PKP1,102670,174827,158627,347491,332305,347487
YLL038C,ENT4,0,471760,498124,0,297420,347093
YBL084C,CDC27,412605,369538,377517,0,319530,345692
YMR019W,STB4,204914,0,203652,299669,392450,345413
YNL125C,ESBP6,182482,134165,137622,264906,267029,345253
YLR424W,SPP382,290703,304615,203412,393421,381103,345184
YDR297W,SUR2,543871,524723,466455,335052,366686,344722
YMR114C,YMR114C,136730,154209,201280,242574,321114,344648
YGR134W,CAF130,328027,315691,340525,304312,371247,343860
YMR299C,DYN3,262415,278668,261256,180410,362722,342017
YKR100C,SKG1,579420,343499,476585,199617,275190,341543
YDL059C,RAD59,443467,420511,405196,358105,343117,341389
YMR111C,EUC1,301097,328324,298718,340799,387704,340571
YHR109W,CTM1,348595,324680,332226,317813,336801,340128
YFR045W,MRX20,219465,268482,204429,326967,334414,340004
YJR100C,AIM25,537582,529204,568333,646825,482196,338472
YOL033W,MSE1,274134,257758,277233,299049,231987,338009
YHR036W,BRL1,529598,411819,420034,282193,410448,337704
YPR141C,KAR3,228609,254598,255023,311034,371689,336436
YNL234W,YNL234W,205261,207340,123824,335411,374135,334012
YNL177C,MRPL22,302750,295203,0,0,370736,333269
YDL105W,NSE4,383888,538903,475343,0,427571,333039
YGR171C,MSM1,209791,196765,253600,326119,288294,332864
YHR177W,ROF1,0,0,0,706154,0,332820
YLR327C,TMA10,117110,0,138229,557688,410851,332578
YPL022W,RAD1,291966,456940,498326,308993,383246,331380
YOR233W,KIN4,412619,367357,351796,339465,399809,328497
YDR485C,VPS72,271244,267257,280456,336546,338021,327677
YFR007W,YFH7,440249,347607,312383,367546,274609,326961
YGL060W,YBP2,477946,422936,478634,310584,321865,325354
YNL191W,DUG3,404390,453154,442139,267946,430532,324722
YGL091C,NBP35,768696,439696,576167,401021,302166,324072
YNL168C,FMP41,480288,472023,377499,447064,503896,323763
YDR440W,DOT1,269642,345504,297666,354165,285088,323236
YCR033W,SNT1,317815,269639,286611,372402,409065,323209
YMR282C,AEP2,219157,250005,265380,240519,0,323192
YML051W,GAL80,315060,353516,384157,331990,299372,322233
YDR409W,SIZ1,542935,459499,338567,406847,356838,321759
YLR006C,SSK1,289489,494407,362380,540359,358040,320215
YDR034C,LYS14,318387,242576,290874,363084,302489,319788
YAL047C,SPC72,420774,340083,314353,437798,340756,318217
YKR022C,NTR2,242140,259495,188918,356512,412973,318014
YKL095W,YJU2,308440,333928,386265,238560,361963,317313
YJR022W,LSM8,276356,288680,295860,226814,230932,317036
YCR032W,BPH1,326299,235159,237917,334406,387278,316497
YDR456W,NHX1,345966,228816,315563,254319,310544,315724
YJL100W,LSB6,240552,223513,276511,332484,371514,313323
YHR006W,STP2,0,0,0,301420,281876,312954
YJL071W,ARG2,450013,365686,492203,478623,387741,312454
YBL054W,TOD6,782871,881275,840203,455098,444583,312286
YDR480W,DIG2,467004,608734,451279,357017,432590,310911
YLR134W,PDC5,597342,286224,616404,0,284495,310445
YIL049W,DFG10,707667,632212,653835,288073,315050,309234
YBL089W,AVT5,311035,331493,450395,220258,221584,307501
YML121W,GTR1,273961,265799,369142,335903,337431,305999
YNL327W,EGT2,418519,380451,374351,293065,278342,305988
YFL034C-B,MOB2,245289,249340,256911,305504,328436,305449
YOR140W,SFL1,201196,0,209895,0,320682,305313
YMR064W,AEP1,245411,0,0,269644,294001,304012
YHR115C,DMA1,490157,489228,492665,315249,248811,303957
YBR163W,EXO5,228495,253088,259371,0,207704,303676
YAR035W,YAT1,0,145106,0,343285,230044,301928
YER152C,YER152C,318431,380992,447752,379631,388085,300095
YBR055C,PRP6,354536,371012,312443,246987,300958,300028
YNL253W,TEX1,287333,0,249648,243930,324664,299587
YLR176C,RFX1,298562,293808,350985,268624,229331,298554
YPL194W,DDC1,302307,276317,291030,207038,215880,297445
YOR037W,CYC2,375870,377191,300495,406580,375876,296248
YNL086W,SNN1,227825,138198,132712,299308,411578,293927
YER116C,SLX8,224166,232517,255308,405663,386410,293628
YLR256W,HAP1,416239,292454,328610,251464,187974,293390
YDR539W,FDC1,369982,396700,242139,195385,0,292472
YHR164C,DNA2,305463,0,293364,267848,0,292289
YLL007C,LMO1,306444,274964,312446,341762,395152,291932
YPL168W,MRX4,0,0,225773,276816,0,291377
YNR046W,TRM112,425979,417333,527095,522016,390522,290819
YBL008W,HIR1,369296,341585,329921,286559,316712,290524
YML076C,WAR1,265867,261975,323232,247958,294574,290264
YBR257W,POP4,0,0,344552,0,0,289099
YKL033W,TTI1,427077,497042,449238,358203,458293,287039
YBR069C,TAT1,462839,420026,450122,146427,222305,286773
YAR019C,CDC15,243016,202039,258917,159229,249558,284976
YDL203C,ACK1,478392,435950,445961,323048,332626,284055
YMR262W,YMR262W,203088,259557,208848,236711,295082,283511
YKL119C,VPH2,287142,247846,231719,350853,359354,283474
YGR110W,CLD1,0,211605,287544,0,250373,283429
YDL159W,STE7,148550,189638,239456,246929,235103,281585
YHR086W,NAM8,144723,148672,132435,231975,254924,281314
YER129W,SAK1,154571,185789,203984,198907,243068,278348
YDR181C,SAS4,140143,117886,176629,303987,345820,276800
YOR002W,ALG6,362591,307303,378824,223482,0,276743
YKR004C,ECM9,282779,310967,292020,0,264287,276154
YFL024C,EPL1,260355,267223,263463,282493,296260,275484
YGL090W,LIF1,205828,205855,208027,0,0,272499
YOR226C,ISU2,275586,241640,287977,335787,233528,270808
YBR070C,ALG14,444954,348327,403406,172154,182185,270673
YHR182W,RGD3,204287,235943,230789,200385,232283,269820
YOR205C,GEP3,238380,162286,192218,175785,291703,269627
YKL090W,CUE2,354097,210136,358158,290959,279865,269518
YLR099W-A,MIM2,116009,124351,103859,334305,280069,269261
YMR023C,MSS1,0,0,0,0,354364,268782
YKL078W,DHR2,548552,476030,595489,225852,269520,268695
YDR499W,LCD1,268844,222191,278057,320599,220157,268099
YPL221W,FLC1,179545,169400,176621,248741,285588,266133
YJL185C,ATG36,0,0,0,0,0,265114
YBL039W-B,MIN6,0,0,0,201821,177429,263390
YGR217W,CCH1,293543,275420,297869,197581,194766,261564
YNL193W,YNL193W,456171,455845,529285,329330,366657,261365
YIL160C,POT1,0,0,0,214328,221406,260829
YNL169C,PSD1,344016,362305,429678,0,340999,260463
YMR185W,RTP1,316031,269703,266775,257727,276208,260029
YIL096C,BMT5,254253,0,398184,392391,0,259912
YER046W,SPO73,185712,177214,193808,435367,447625,259416
YJL192C,SOP4,108556,119274,152830,136374,517959,258634
YDR255C,RMD5,214202,177983,403699,0,0,257964
YMR251W-A,HOR7,0,0,0,270084,0,257911
YMR154C,RIM13,245193,265498,236687,263551,210407,256816
YMR253C,YMR253C,274193,250726,0,0,0,256437
YER007W,PAC2,242857,93414.4,262147,220810,241240,255666
YDR284C,DPP1,452951,296069,436682,382073,277988,255532
YMR166C,MME1,0,0,0,0,0,254800
YMR068W,AVO2,0,0,0,205412,236003,252931
YHR204W,MNL1,347200,342680,310583,238690,283801,252189
YPL157W,TGS1,0,323231,283479,0,0,251851
YLL063C,AYT1,351684,0,0,284855,0,251487
YHR120W,MSH1,251379,223246,223044,189798,194928,249528
YGL229C,SAP4,263300,221744,303881,210155,280448,249352
YLR278C,YLR278C,181301,189680,288235,264301,236869,249189
YNL275W,BOR1,0,0,443774,185364,247147,247111
YLR376C,PSY3,222786,310190,238736,308013,0,246325
YHR050W,SMF2,339962,206035,289129,0,219850,245733
YLR360W,VPS38,185571,197343,162151,169215,228507,244605
YPL175W,SPT14,199539,189982,271636,176961,187952,243495
YBR036C,CSG2,310896,371348,316182,326941,343300,243138
YJL057C,IKS1,109450,0,80699.3,128555,191089,243101
YPR066W,UBA3,178572,329846,873313,197312,218741,242871
YGL247W,BRR6,241414,156950,248813,0,175933,242327
YLR271W,CMG1,0,139131,0,0,505235,241227
YOR279C,RFM1,206411,205183,204204,244093,285890,240616
YDR405W,MRP20,250630,291921,486146,322727,0,240540
YBR042C,CST26,270858,344299,329987,350049,304218,239131
YOR077W,RTS2,238771,0,0,249719,257516,237152
YNL199C,GCR2,393394,344455,352612,221845,314490,234462
YGL184C,STR3,293901,328675,218455,247295,171230,233104
YKL020C,SPT23,0,0,113838,0,177175,232341
YOR373W,NUD1,162113,194222,192997,200782,254123,231859
YGL225W,VRG4,314256,274955,413450,217225,263392,231239
YKL072W,STB6,251934,295101,358972,208334,177511,230848
YDR473C,PRP3,203827,192760,180538,0,0,230617
YOR355W,GDS1,254509,256153,264257,269359,238163,230255
YMR104C,YPK2,0,0,0,0,0,228846
YKR055W,RHO4,309262,299464,289604,0,272337,228707
YCL004W,PGS1,208753,196529,185761,200350,310970,227957
YER180C-A,SLO1,145623,159095,110458,195988,218419,226989
YLR173W,TAG1,0,180022,238988,203665,0,225488
YJL094C,KHA1,471367,410197,471884,237664,209589,225039
YML119W,YML119W,351745,241461,263258,220225,0,224367
YOR161C,PNS1,0,0,0,258344,311962,223533
YIL003W,CFD1,189793,199474,168794,289173,240474,223042
YGL071W,AFT1,370906,273852,595451,364726,253007,222916
YIL101C,XBP1,0,0,0,0,0,222580
YMR234W,RNH1,279791,348092,312475,0,264707,221950
YIL077C,RCI37,0,0,205635,0,283781,216993
YMR265C,YMR265C,274670,178311,196624,160448,218205,216792
YPL107W,DPC25,0,0,0,179375,147717,216710
YML095C,RAD10,370196,342496,416969,257285,340893,214383
YJL110C,GZF3,266291,225608,345842,311603,236079,213170
YAL002W,VPS8,284039,294603,265895,204795,314257,212978
YJR035W,RAD26,251143,208594,287950,330264,174919,212607
YLR427W,MAG2,231650,219943,317289,244960,181167,211884
YPL026C,SKS1,141468,169530,100621,244290,195821,210856
YPL133C,RDS2,216400,194471,219008,0,0,210664
YOR166C,SWT1,375238,332479,345567,471081,336184,209201
YML050W,AIM32,0,0,107044,0,230846,209043
YBR007C,DSF2,248566,215927,241920,328632,352190,207798
YDL057W,YDL057W,166277,184620,213729,0,0,207786
YFR003C,YPI1,212057,229903,0,0,621290,206866
YPL060W,MFM1,155831,166627,185686,0,187430,205738
YOR076C,SKI7,265824,217975,201670,0,132359,205413
YHR080C,LAM4,0,0,0,98680.2,142215,204653
YLR289W,GUF1,0,0,0,0,172333,204074
YBR271W,EFM2,269257,262446,214575,0,201056,203833
YKR101W,SIR1,126086,113289,76090.4,184545,222436,203659
YCR075C,ERS1,0,0,227550,162089,0,202899
YGR099W,TEL2,149940,0,131606,214447,197022,201929
YHR122W,CIA2,241473,175990,204512,191338,293677,201709
YDL104C,QRI7,211250,142922,204261,0,202300,200741
YEL006W,YEA6,436817,400096,449136,154723,170065,196958
YGR257C,MTM1,392089,245895,331306,0,0,196444
YPL159C,PET20,0,0,151270,0,153219,194339
YCL064C,CHA1,802530,649814,1070000,0,171989,193591
YEL030W,ECM10,0,0,0,0,0,191797
YDL018C,ERP3,306234,326088,348677,0,233105,191632
YPL071C,YPL071C,206129,264506,163558,278468,290951,189967
YPR031W,NTO1,221238,161093,210029,225571,211924,188836
YGR077C,PEX8,254646,161716,216093,322248,257895,188441
YJL212C,OPT1,0,0,0,205342,203197,188263
YHR004C,NEM1,180791,240090,160866,0,0,187975
YGL139W,FLC3,193390,221450,137035,250122,203960,185257
YPL108W,YPL108W,0,247349,0,244011,189016,185242
YDR488C,PAC11,184645,200245,185298,221629,198718,185034
YIR002C,MPH1,310397,291811,307366,293112,375832,184045
YKL149C,DBR1,151674,193288,172768,92923.4,120744,182981
YNL094W,APP1,0,0,0,0,0,182395
YLR407W,YLR407W,239893,212014,203394,218810,258232,181145
YJL132W,YJL132W,184556,199464,213143,0,0,180908
YCL033C,MXR2,145745,164468,140028,225893,217582,179764
YJR050W,ISY1,0,0,0,179843,153699,176545
YKR009C,FOX2,0,0,0,0,219145,176401
YKR021W,ALY1,267531,288781,266822,310311,426968,176270
YNL217W,PPN2,363828,300738,357570,165733,0,175377
YBR157C,ICS2,179643,136272,133337,181340,0,175339
YGR023W,MTL1,0,170534,0,0,210950,173111
YKR019C,IRS4,133036,125256,139925,178693,0,172894
YBL038W,MRPL16,201564,210181,211379,163931,135529,169354
YLR368W,MDM30,126008,123804,85537.8,130733,175489,165741
YML104C,MDM1,0,281833,244959,0,0,163942
YDR046C,BAP3,149777,174709,295072,215573,0,162867
YKR020W,VPS51,143683,148613,0,131856,202859,162352
YML054C,CYB2,0,0,0,50203.7,137985,161835
YMR280C,CAT8,0,0,0,0,134713,161191
YIL159W,BNR1,141869,237585,241929,232699,162603,160768
YDL160C-A,MHF2,109511,0,86411.2,152372,172517,160354
YPL047W,SGF11,193822,230221,170006,137257,214862,159435
YKR030W,GMH1,232050,229439,205835,138455,161256,159129
YBR207W,FTH1,375700,231294,368507,163300,211229,157001
YER044C,ERG28,948941,698192,845398,200810,0,153839
YPL014W,CIP1,66894.5,74269.6,0,161767,154939,150812
YBL052C,SAS3,99500.1,101180,74270,188896,97821.7,150221
YMR026C,PEX12,0,0,186220,0,0,149889
YKR093W,PTR2,111864,136404,114243,0,0,148224
YLL010C,PSR1,312048,274734,289748,234829,166004,144924
YOR253W,NAT5,886485,432171,344473,160102,204879,143443
YGR096W,TPC1,186743,127138,200387,0,0,140864
YFR005C,SAD1,307644,325483,344180,195468,143599,137626
YBR004C,GPI18,173872,178955,202237,165191,235597,137006
YKR064W,OAF3,182164,177309,192524,123667,152288,136616
YOL009C,MDM12,98016.9,119803,102984,0,96494.2,133729
YHL027W,RIM101,509635,0,0,0,0,132949
YGR169C-A,LSO2,349560,314390,369282,112843,169123,131469
YER034W,YER034W,82496.5,69543.6,46936.4,0,128495,129371
YKL048C,ELM1,138765,0,0,0,0,127893
YIL061C,SNP1,192602,211577,238669,108292,118454,127228
YGR029W,ERV1,83292.6,93554.5,91875.1,161625,139938,125638
YLR405W,DUS4,212802,208296,224200,124759,0,125605
YBR089C-A,NHP6B,499892,470641,467027,147928,190375,124897
YNL155W,CUZ1,612055,463020,530527,148334,355365,123488
YPR022C,SDD4,0,0,125375,0,0,119853
YLR125W,YLR125W,0,0,0,0,0,118097
YOR386W,PHR1,238661,245893,314196,96753.5,0,116249
YJR043C,POL32,147593,140872,62639.6,123587,129179,114820
YHL006C,SHU1,171902,0,0,138549,149889,112877
YBR083W,TEC1,108231,0,173039,0,155821,112079
YLR132C,USB1,291734,413651,472317,0,200800,110751
YDR369C,XRS2,117625,125780,209340,0,0,110234
YAL007C,ERP2,170616,253821,227639,0,0,105871
YER092W,IES5,143242,0,136184,177410,152724,102953
YDR520C,URC2,0,0,0,0,0,102676
YNL249C,MPA43,195380,236854,249037,0,189843,102047
YNL188W,KAR1,76518,82775.4,98782.3,0,94000.8,99898.8
YOR305W,RRG7,180829,195670,172476,201033,169141,99120.5
YDR205W,MSC2,153967,85106,108894,0,0,99054.4
YNL280C,ERG24,210932,141739,255914,102955,185739,95046.1
YIR005W,IST3,99569.8,260126,247838,182111,120116,94408.6
YPL066W,RGL1,0,98741.4,0,0,0,91987.6
YOR097C,YOR097C,220150,232694,196934,0,0,90443.4
YDR461C-A,CMI8,65668.9,72155.5,61786.3,128747,148384,88618.1
YER065C,ICL1,49209.8,0,0,78516.9,86394.1,88077.3
YIL050W,PCL7,55802.4,62923.1,63982.7,124462,82449,86234.1
YMR144W,FDO1,204062,218067,198595,0,65311.9,85870.9
YOL072W,THP1,162205,124240,124519,81263.9,96222.6,82362.7
YKL122C,SRP21,173594,106122,118173,0,0,78500.7
YDR107C,TMN2,184114,194375,209563,109173,81943.3,77501.5
YOL073C,DSC2,182925,134287,0,0,136623,75098.9
YBR062C,YBR062C,87017.1,102930,68941.5,0,0,72311.9
YGL075C,MPS2,147206,0,170911,104769,76116.1,71217.8
YLR191W,PEX13,174069,170718,139075,101457,93244.2,69394
YIL151C,ESL1,64992.1,64188.6,69405.1,0,0,66273.6
YMR238W,DFG5,204286,236453,228834,136930,117669,56590.3
YDL070W,BDF2,0,133397,135460,0,73708.3,49252.3
YGL237C,HAP2,124620,128383,97754,186807,205553,43674.1
YBL093C,ROX3,99714,69773,62616,0,0,39093.5
YDL220C,CDC13,54008.2,91452.6,0,0,116780,31062.1
Q0085,ATP6,0,38493.8,42324.4,0,0,0
R0010W,FLP1,340755,310703,236680,0,0,0
YAL010C,MDM10,224343,0,214226,110602,268352,0
YAL011W,SWC3,0,0,191769,0,0,0
YAL027W,SAW1,114667,103237,58386,0,75888.2,0
YAR028W,KTD1,355415,196183,257932,0,0,0
YAR031W,PRM9,0,0,0,614644,447815,0
YAR071W,PHO11,6390000,5920000,5880000,0,0,0
YBL009W,ALK2,186801,126627,92118.8,0,0,0
YBL021C,HAP3,2100000,2430000,1840000,0,3470000,0
YBL063W,KIP1,69821.8,76764.6,75861,0,0,0
YBL078C,ATG8,738570,828093,736128,1270000,0,0
YBL080C,PET112,0,370934,307704,507876,509983,0
YBL081W,YBL081W,220104,134714,164354,0,0,0
YBL088C,TEL1,374193,426236,284931,0,0,0
YBL106C,SRO77,129961,131717,144774,0,0,0
YBR020W,GAL1,0,0,0,0,1210000,0
YBR021W,FUR4,0,0,227777,0,404939,0
YBR038W,CHS2,1080000,1100000,1010000,0,759091,0
YBR060C,ORC2,280573,272513,240484,0,222883,0
YBR065C,ECM2,913880,547852,0,0,0,0
YBR068C,BAP2,444411,278141,538263,270151,220739,0
YBR071W,YBR071W,0,177437,197828,0,0,0
YBR107C,IML3,0,0,0,236595,318283,0
YBR129C,OPY1,0,0,179038,0,0,0
YBR136W,MEC1,309290,274642,276284,439149,495673,0
YBR175W,SWD3,678300,498390,545124,784831,477845,0
YBR184W,YBR184W,112422,0,0,0,0,0
YBR186W,PCH2,0,0,5500000,3930000,3360000,0
YBR187W,GDT1,408209,398269,421084,338038,0,0
YBR194W,AIM4,234233,264099,0,0,0,0
YBR215W,HPC2,0,213051,241709,0,0,0
YBR223C,TDP1,0,0,0,127856,0,0
YBR235W,VHC1,0,233495,0,0,252919,0
YBR238C,YBR238C,966071,882815,928314,0,0,0
YBR244W,GPX2,642470,711994,526974,309875,426882,0
YBR255W,MTC4,175079,0,136031,0,0,0
YBR259W,YBR259W,0,66115.2,0,0,134912,0
YBR296C,PHO89,620388,645631,627901,0,0,0
YCL012C,YCL012C,344399,285419,441677,0,474826,0
YCL026C-A,FRM2,141622,94247.5,119416,0,0,0
YCL049C,YCL049C,802567,0,764619,1200000,0,0
YCL058W-A,ADF1,221651,0,0,0,108294,0
YCR008W,SAT4,0,147673,163694,185083,0,0
YCR015C,CTO1,131235,108502,110073,0,0,0
YCR020C,PET18,0,0,80304.7,0,93807.7,0
YCR027C,RHB1,182295,179417,177980,133318,143539,0
YCR037C,PHO87,258341,262168,250060,101483,901738,0
YCR038C,BUD5,99117.2,0,0,0,0,0
YCR066W,RAD18,0,308142,253652,213202,385351,0
YCR069W,CPR4,643807,826943,528607,0,0,0
YCR075W-A,EGO2,0,0,26335.3,0,0,0
YCR106W,RDS1,781031,634700,903367,0,0,0
YDL033C,SLM3,313658,0,279720,0,0,0
YDL063C,SYO1,120884,0,184788,0,0,0
YDL081C,RPP1A,0,513144,496682,0,0,0
YDL087C,LUC7,169263,135581,174145,0,0,0
YDL115C,IWR1,0,74831.2,0,0,0,0
YDL119C,HEM25,0,249639,286771,0,343227,0
YDL146W,LDB17,233112,182384,272455,96876.7,112700,0
YDL177C,YDL177C,247238,270343,245801,0,0,0
YDL180W,AIT1,173859,214875,135423,0,0,0
YDR012W,RPL4B,2200000,1480000,1380000,202469,266276,0
YDR014W,RAD61,155972,84553.1,95237.8,64278.1,54358.8,0
YDR031W,MIX14,0,0,0,968649,927311,0
YDR115W,MRX14,208174,194961,404930,0,0,0
YDR123C,INO2,0,0,368728,0,0,0
YDR131C,YDR131C,444996,450988,586938,0,641425,0
YDR139C,RUB1,1020000,838752,911400,690530,801196,0
YDR140W,MTQ2,359739,356401,300701,0,0,0
YDR186C,SND1,272851,214457,238791,421715,208187,0
YDR197W,CBS2,144361,92617,127961,144823,0,0
YDR213W,UPC2,142854,95619.3,139898,0,0,0
YDR252W,BTT1,663502,0,0,0,640268,0
YDR260C,SWM1,141776,90052.9,72760.6,149053,221422,0
YDR270W,CCC2,540237,239609,645546,255371,0,0
YDR309C,GIC2,177237,122542,147368,0,0,0
YDR312W,SSF2,29001.9,0,0,0,0,0
YDR318W,MCM21,84254.8,0,0,93830.1,50010.5,0
YDR343C,HXT6,301655,474816,303189,0,0,0
YDR349C,YPS7,405175,341926,354313,314883,332609,0
YDR350C,ATP22,46321,43529.2,0,0,0,0
YDR384C,ATO3,551348,408860,475762,0,163853,0
YDR386W,MUS81,192806,192039,0,0,0,0
YDR393W,SHE9,173440,0,0,0,0,0
YDR400W,URH1,227991,203221,213284,0,235107,0
YDR410C,STE14,395502,0,0,0,0,0
YDR414C,ERD1,354391,297780,0,297585,0,0
YDR415C,YDR415C,744585,713607,746226,591055,559022,0
YDR423C,CAD1,197901,112524,0,0,0,0
YDR439W,LRS4,0,386946,441924,0,0,0
YDR469W,SDC1,534629,387190,343331,0,0,0
YDR492W,IZH1,655878,596090,636959,303720,0,0
YDR500C,RPL37B,147162,145533,114375,0,0,0
YDR503C,LPP1,0,0,248813,0,0,0
YDR506C,GMC1,146809,0,0,0,43827.6,0
YDR541C,YDR541C,0,0,0,35529.5,0,0
YEL019C,MMS21,143155,0,0,0,0,0
YEL061C,CIN8,0,231404,0,363447,0,0
YEL062W,NPR2,115417,114491,157082,205349,0,0
YEL065W,SIT1,299831,0,212349,259097,0,0
YEL070W,DSF1,720027,378336,682795,0,357511,0
YER002W,NOP16,1120000,795436,802678,0,0,0
YER009W,NTF2,0,0,0,607777,471542,0
YER032W,FIR1,0,0,119583,99968.7,40502.8,0
YER033C,ZRG8,0,174127,0,0,112469,0
YER058W,PET117,0,82072.5,127223,0,0,0
YER064C,VHR2,99088.6,59555.9,92630,0,0,0
YER077C,MRX1,860290,896642,719439,849652,867513,0
YER093C-A,AIM11,64355.1,57701.1,0,0,0,0
YER098W,UBP9,58319,0,0,0,0,0
YER100W,UBC6,215407,0,0,0,0,0
YER137C,YER137C,156911,84733,0,0,0,0
YER140W,EMP65,0,134283,0,0,0,0
YER144C,UBP5,354286,406851,688557,0,504752,0
YER153C,PET122,0,0,0,478540,466951,0
YER154W,OXA1,294150,236471,291966,0,0,0
YER167W,BCK2,138928,0,189061,0,0,0
YER170W,ADK2,0,370794,260930,0,0,0
YER173W,RAD24,101345,0,0,0,0,0
YFL017W-A,SMX2,0,90194.2,0,0,0,0
YFL026W,STE2,323327,256202,216637,0,0,0
YFL057C,AAD16,0,129887,0,0,78688.2,0
YFR029W,PTR3,158633,232147,263262,0,0,0
YFR042W,KEG1,171271,151849,156388,148125,130425,0
YGL003C,CDH1,0,2120000,119679,0,0,0
YGL035C,MIG1,1350000,1510000,1350000,1390000,928779,0
YGL057C,GEP7,0,0,0,150974,0,0
YGL122C,NAB2,2000000,1580000,1480000,0,0,0
YGL126W,SCS3,479526,0,481838,447502,541732,0
YGL143C,MRF1,228115,213287,216438,137528,0,0
YGL155W,CDC43,171336,114626,189213,0,0,0
YGL179C,TOS3,130620,99261.4,120409,0,0,0
YGL194C,HOS2,545852,531613,504218,0,0,0
YGL211W,NCS6,113132,111784,114238,112230,0,0
YGL257C,MNT2,575293,316130,0,0,0,0
YGR036C,CAX4,211594,247613,227864,0,0,0
YGR041W,BUD9,149218,98680.4,116213,0,262216,0
YGR044C,RME1,0,280727,342550,0,0,0
YGR049W,SCM4,272727,191478,236203,236650,260821,0
YGR075C,PRP38,614518,429645,0,557418,720847,0
YGR113W,DAM1,102074,95620.3,0,0,0,0
YGR141W,VPS62,96770.7,0,138800,0,0,0
YGR143W,SKN1,193657,207226,189055,0,262639,0
YGR172C,YIP1,0,667727,884494,0,667718,0
YGR215W,RSM27,0,61219.1,54471.8,0,0,0
YGR216C,GPI1,370136,0,0,0,442082,0
YGR251W,NOP19,134061,114930,152372,0,0,0
YGR263C,SAY1,455128,0,0,0,0,0
YHL010C,ETP1,0,132235,0,64471.8,0,0
YHL033C,RPL8A,196887,0,0,0,0,0
YHL047C,ARN2,233911,0,273274,0,0,0
YHR033W,YHR033W,0,0,0,49487.8,74788.6,0
YHR067W,HTD2,678784,1150000,1310000,342672,410756,0
YHR078W,YHR078W,0,234274,290199,0,0,0
YHR090C,YNG2,309738,196836,225977,0,0,0
YHR094C,HXT1,250754,159244,218870,0,71281.5,0
YHR096C,HXT5,862355,1000000,634163,1170000,1840000,0
YHR101C,BIG1,214747,244789,0,0,0,0
YHR131C,YHR131C,241038,159006,285961,315322,0,0
YHR136C,SPL2,493108,639237,437533,0,0,0
YHR168W,MTG2,0,0,0,58956.5,0,0
YIL019W,FAF1,382063,0,126833,0,0,0
YIL046W,MET30,265713,194436,262586,210798,212505,0
YIL056W,VHR1,894108,821840,886680,308392,0,0
YIL085C,KTR7,728694,788552,620112,246100,0,0
YIL099W,SGA1,1860000,1620000,1810000,0,0,0
YIL114C,POR2,676906,545436,631514,0,389932,0
YIR025W,MND2,372351,302798,282453,237652,227503,0
YIR030C,DCG1,653822,0,663737,0,0,0
YJL035C,TAD2,431106,0,0,0,0,0
YJL058C,BIT61,344032,0,346363,0,421761,0
YJL092W,SRS2,308035,236484,229837,0,0,0
YJL095W,BCK1,251580,246742,207778,254620,230108,0
YJL129C,TRK1,560625,0,0,0,0,0
YJL157C,FAR1,195525,0,0,201035,0,0
YJL162C,JJJ2,128067,120121,142495,62539.5,0,0
YJR010C-A,SPC1,872525,747798,755054,0,0,0
YJR015W,YJR015W,830614,836444,796374,0,0,0
YJR039W,MLO127,0,0,83312.9,0,109251,0
YJR054W,KCH1,0,0,198049,0,0,0
YJR067C,YAE1,721877,756589,552169,223978,284249,0
YJR078W,BNA2,1180000,978735,1070000,0,0,0
YJR085C,TMH11,108677,92328.2,152386,101944,95717.9,0
YJR095W,SFC1,93350.8,0,0,0,0,0
YJR118C,ILM1,312225,261555,0,0,0,0
YJR124C,YJR124C,156208,163885,0,0,0,0
YJR126C,VPS70,300979,287709,243819,0,0,0
YJR129C,EFM3,335438,519574,0,390302,443707,0
YJR135C,MCM22,156467,139853,0,0,86911,0
YJR136C,TTI2,447541,0,179902,0,0,0
YJR141W,IPA1,0,451090,0,0,0,0
YKL004W,AUR1,630369,0,0,0,0,0
YKL038W,RGT1,880964,797859,865938,0,1080000,0
YKL043W,PHD1,0,33794.6,0,0,0,0
YKL061W,BLI1,498479,343053,310188,436666,578678,0
YKL098W,MTC2,79208.6,0,157532,0,0,0
YKL125W,RRN3,243132,0,0,0,0,0
YKL159C,RCN1,64700.2,53117.7,52673.9,0,0,0
YKL183W,LOT5,626762,675710,507921,744179,647709,0
YKL186C,MTR2,276907,256858,240525,0,0,0
YKL209C,STE6,284731,310634,300765,0,0,0
YKR010C,TOF2,0,0,246285,545097,742986,0
YLL002W,RTT109,195946,168797,199744,161387,196306,0
YLL012W,YEH1,732979,669418,780133,0,256249,0
YLL019C,KNS1,0,0,0,0,756043,0
YLL051C,FRE6,305837,180190,310651,0,73939.3,0
YLL061W,MMP1,110250,0,108955,0,0,0
YLR020C,YEH2,686338,661443,629500,877151,716450,0
YLR052W,IES3,3830000,3880000,3970000,3050000,2740000,0
YLR067C,PET309,0,0,55354.7,0,0,0
YLR084C,RAX2,1080000,1140000,1130000,0,0,0
YLR085C,ARP6,77539.1,0,0,0,124039,0
YLR091W,GEP5,129120,206459,224382,172212,0,0
YLR097C,HRT3,642374,623745,656214,0,849221,0
YLR098C,CHA4,0,0,381960,0,0,0
YLR105C,SEN2,467915,404089,796024,0,0,0
YLR141W,RRN5,0,0,300301,0,0,0
YLR142W,PUT1,570809,501362,541950,0,0,0
YLR147C,SMD3,6420000,6340000,5800000,6690000,6600000,0
YLR151C,PCD1,0,0,0,0,336968,0
YLR174W,IDP2,364336,379532,0,0,0,0
YLR185W,RPL37A,249149,252055,223495,0,0,0
YLR205C,HMX1,1760000,345865,1530000,730796,373653,0
YLR211C,ATG38,0,275190,0,358793,0,0
YLR242C,ARV1,0,0,0,0,292755,0
YLR298C,YHC1,395731,417057,443932,281599,0,0
YLR352W,LUG1,169200,149479,97609,0,0,0
YLR367W,RPS22B,5340000,5360000,0,0,5680000,0
YLR381W,CTF3,261734,291492,258916,0,0,0
YLR403W,SFP1,0,0,458241,462077,0,0
YLR414C,PUN1,418465,442350,669977,473158,0,0
YLR426W,TDA5,0,479644,623295,0,0,0
YLR437C,DIF1,118235,80109.1,0,0,0,0
YML041C,VPS71,34550.5,134797,118126,0,0,0
YML046W,PRP39,279998,284047,261695,275617,311344,0
YML058W,SML1,197309,193522,164836,0,0,0
YML060W,OGG1,90323.6,170678,178321,100107,161859,0
YML061C,PIF1,313108,273122,233831,0,0,0
YML099C,ARG81,299158,404824,312353,0,0,0
YML101C,CUE4,0,0,0,888391,694632,0
YML113W,DAT1,176393,0,0,0,0,0
YML116W,ATR1,682140,670151,617131,0,0,0
YML123C,PHO84,2450000,2130000,2020000,0,0,0
YMR001C,CDC5,0,332670,197885,0,192022,0
YMR006C,PLB2,772547,530296,1040000,0,0,0
YMR021C,MAC1,328399,282419,289986,474852,0,0
YMR032W,HOF1,247393,311423,274628,0,0,0
YMR059W,SEN15,96181.6,86110.8,80622.3,0,0,0
YMR069W,NAT4,74662.9,44952.2,74840.1,0,0,0
YMR077C,VPS20,140631,0,0,191529,0,0
YMR088C,VBA1,856218,578102,977928,0,269256,0
YMR127C,SAS2,0,156322,169421,0,0,0
YMR168C,CEP3,224515,161258,285918,0,95211.3,0
YMR171C,EAR1,811338,552813,835438,0,646829,0
YMR201C,RAD14,0,0,889811,0,0,0
YMR211W,DML1,1380000,1280000,1400000,856146,501714,0
YMR213W,CEF1,238588,0,0,351285,483164,0
YMR268C,PRP24,611650,400963,437191,0,655823,0
YMR271C,URA10,0,0,0,1170000,828142,0
YMR298W,LIP1,0,1180000,1070000,1070000,0,0
YMR303C,ADH2,129442,149801,79451.1,0,0,0
YMR310C,UPA2,539698,539216,520482,0,0,0
YMR319C,FET4,247430,199686,232436,0,0,0
YNL008C,ASI3,797227,903969,818745,1240000,775152,0
YNL009W,IDP3,0,0,0,104368,123605,0
YNL023C,FAP1,313185,0,421450,0,485048,0
YNL038W,GPI15,509421,420400,355264,0,0,0
YNL065W,AQR1,930776,822238,1160000,0,0,0
YNL078W,NIS1,169326,197319,198636,0,0,0
YNL082W,PMS1,0,68910.8,95845.2,0,0,0
YNL095C,YNL095C,0,427321,369522,0,0,0
YNL117W,MLS1,1160000,1000000,0,0,847763,0
YNL136W,EAF7,149434,107564,198919,198048,217653,0
YNL165W,YNL165W,210644,375060,162385,350222,0,0
YNL167C,SKO1,435503,475946,451891,448293,0,0
YNL227C,JJJ1,135212,0,85240.8,0,0,0
YNL260C,LTO1,1340000,1530000,1320000,0,0,0
YNL286W,CUS2,202553,143462,190567,59537.7,0,0
YNL299W,TRF5,490655,542349,693573,523196,0,0
YNL304W,YPT11,0,339936,552930,268589,0,0
YNL326C,PFA3,205201,167141,253990,0,0,0
YNL328C,MDJ2,0,340247,615766,0,0,0
YNR004W,SWM2,61004.6,51099.6,0,0,0,0
YNR014W,YNR014W,0,0,0,90963.4,0,0
YNR032W,PPG1,1130000,1070000,1230000,0,919735,0
YOL002C,IZH2,197715,136368,297042,0,0,0
YOL003C,PFA4,391255,302607,481739,660824,598340,0
YOL011W,PLB3,0,0,0,0,913753,0
YOL017W,ESC8,172766,100594,88407.2,56590.6,73089.1,0
YOL028C,YAP7,0,144623,100052,0,0,0
YOL036W,YOL036W,238876,0,0,0,198531,0
YOL044W,PEX15,161110,0,0,0,72818.2,0
YOL063C,CRT10,0,780702,796204,929897,873194,0
YOL068C,HST1,71841.4,72574.5,58987.4,0,0,0
YOL075C,YOL075C,178405,169038,175583,92139.6,0,0
YOL095C,HMI1,133039,138276,109709,0,0,0
YOL107W,YOL107W,111954,90745.5,98874.2,0,0,0
YOL108C,INO4,38970.6,32471.9,44366.7,0,0,0
YOL116W,MSN1,376171,0,404060,0,0,0
YOL117W,RRI2,0,0,0,0,270547,0
YOL137W,BSC6,373709,350506,392539,0,0,0
YOL154W,ZPS1,12800000,17300000,19000000,0,203386,0
YOL158C,ENB1,1350000,378801,1520000,0,0,0
YOR020W-A,MCO10,2270000,2080000,2100000,4320000,0,0
YOR026W,BUB3,301317,225045,263848,0,252391,0
YOR059C,LPL1,808433,728705,761207,941165,870997,0
YOR060C,SLD7,106488,207604,0,0,0,0
YOR156C,NFI1,131028,0,0,0,0,0
YOR245C,DGA1,0,0,102380,0,0,0
YOR256C,TRE2,82243.9,74115.1,0,0,0,0
YOR295W,UAF30,0,85707,74610.6,92789.2,66573.9,0
YOR330C,MIP1,883944,973999,889956,0,1080000,0
YOR338W,YOR338W,227973,116243,188297,0,0,0
YOR342C,YOR342C,209334,0,0,0,150849,0
YOR344C,TYE7,148556,162043,119589,0,0,0
YOR350C,MNE1,0,0,0,0,126564,0
YOR371C,GPB1,0,0,0,0,99017.7,0
YOR377W,ATF1,312500,290802,348148,0,0,0
YPL003W,ULA1,616734,561335,627320,0,0,0
YPL007C,TFC8,0,240142,0,135977,0,0
YPL013C,MRPS16,0,0,2520000,0,2660000,0
YPL057C,SUR1,81012.7,74281.6,91967.9,0,0,0
YPL077C,YPL077C,289053,301866,303044,489302,353653,0
YPL083C,SEN54,216875,0,350477,451856,0,0
YPL095C,EEB1,307751,899483,795127,0,0,0
YPL098C,MGR2,0,0,120356,0,0,0
YPL109C,CQD1,192089,211590,215349,178224,196856,0
YPL120W,VPS30,668521,482923,552802,719471,287629,0
YPL124W,SPC29,321473,366241,309048,740915,0,0
YPL141C,FRK1,157591,229912,167212,0,0,0
YPL153C,RAD53,566108,500716,605027,706138,757399,0
YPL171C,OYE3,0,75102.6,81570.8,0,197484,0
YPL209C,IPL1,0,149859,124039,0,0,0
YPL224C,MMT2,1280000,1010000,1520000,969244,798372,0
YPL242C,IQG1,247042,232437,0,0,0,0
YPL274W,SAM3,375170,381013,410035,330710,350071,0
YPR003C,YPR003C,170835,184598,224259,0,0,0
YPR008W,HAA1,865312,0,0,1040000,1060000,0
YPR017C,DSS4,1090000,764351,908454,0,527282,0
YPR030W,CSR2,0,315748,353493,0,0,0
YPR068C,HOS1,197658,0,239391,0,0,0
YPR082C,DIB1,1300000,1100000,1350000,807002,0,0
YPR084W,YPR084W,596998,677177,540730,0,429218,0
YPR107C,YTH1,973996,911170,0,0,0,0
YPR119W,CLB2,0,172814,122953,110873,0,0
YPR133W-A,TOM5,222832,0,241502,0,0,0
YPR187W,RPO26,342289,211600,279230,0,70150.6,0