ID,mox,mox_FDR,moxYG,moxYG_FDR,logCPM
YAL001C,0.785270711,0.071535518,0.02491974,1,2.815848288
YAL002W,0.150337651,0.749985045,0.925536893,0.003540935,5.03654333
YAL003W,0.393266802,0.468343078,0.181488463,0.795321547,9.048833554
YAL004W,-6.843172835,0.001587999,-6.63614161,0.0024601,-2.991071454
YAL005C,-0.178645302,0.725097599,0.249638296,0.614465684,9.726933632
YAL007C,0.481711637,0.300367191,0.575690541,0.193541742,6.433209237
YAL008W,-0.545186441,0.167985761,-0.132912606,0.821750982,4.141146527
YAL009W,-0.036329141,0.978600982,-0.066433703,0.926555422,4.018197654
YAL010C,0.292290202,0.563582651,0.2619159,0.63241553,2.721713216
YAL011W,0.015341103,1,0.09602527,0.903527906,2.774967518
YAL012W,-0.379924343,0.391344792,-0.17897636,0.742038629,9.987047258
YAL013W,-0.313904774,0.521107642,-0.133556925,0.840147805,3.254569818
YAL014C,-0.205908862,0.612383885,0.176839683,0.690411641,5.002708858
YAL015C,-0.459211973,0.170647375,-0.873200966,0.002712092,3.309576181
YAL016C-A,0.108465076,0.905660427,0.230225173,0.736472218,2.618748609
YAL016C-B,0.472624363,0.707641129,0.414327831,0.770804037,-0.773199115
YAL016W,-0.311918828,0.436663752,0.205001493,0.659038268,6.15335706
YAL017W,0.345126967,0.457309037,1.056833089,0.003917333,5.628391693
YAL018C,-0.288055923,0.721629089,-2.358962076,0.000195487,-1.053703688
YAL019W,1.201345026,0.000906633,0.37290117,0.42335375,3.131322463
YAL019W-A,0.228430811,0.784977773,-0.530609312,0.424639885,0.859830002
YAL020C,-1.103337602,0.037812644,-0.569694734,0.343433127,5.739562453
YAL021C,0.019546283,1,0.146526578,0.82225232,6.561949859
YAL022C,-0.491626568,0.325387636,-0.24144618,0.69306645,7.569172016
YAL023C,0.123912611,0.87240026,-0.023784572,1,9.261733831
YAL024C,0.456675529,0.373101756,0.065846314,0.960959511,2.091142717
YAL025C,0.728423492,0.177981995,-0.242227263,0.737188227,3.855511178
YAL026C,0.616793596,0.113795943,0.554952183,0.152154717,5.099944613
YAL026C-A,-0.443772781,0.824824018,-0.084093512,1,0.652363032
YAL027W,0.211048468,0.739884317,-0.405091891,0.489866279,2.094060459
YAL028W,0.011941586,1,0.054975065,0.978674155,1.962289301
YAL029C,-0.044945433,0.971257045,-0.273221768,0.548519006,4.851270397
YAL030W,-0.988307413,0.00529039,-0.68597266,0.065344343,4.832132816
YAL031C,0.050932971,0.968735745,0.381110868,0.389150198,3.508106432
YAL031W-A,-0.142812677,0.881536967,0.107327601,0.954849017,0.065711326
YAL032C,-0.054574364,0.965227089,-0.39319994,0.428886367,2.602877133
YAL033W,-0.108242796,0.834739799,-0.427660534,0.243517744,3.651259296
YAL034C,0.579140662,0.087700518,1.0692543,0.000302392,4.044985118
YAL034C-B,0.76176339,0.314027168,0.246368527,0.841874905,-1.608623529
YAL034W-A,0.245697608,0.699514553,-0.224954933,0.760998042,1.123810943
YAL035W,-0.001882921,1,-0.02903067,1,5.841506151
YAL036C,0.628596201,0.113795943,0.231662382,0.651855439,5.431332877
YAL037C-A,-0.215496034,0.86652559,0.143478116,0.936540643,0.979448863
YAL037C-B,-0.466611306,0.457828158,0.16790291,0.851082038,9.115005178
YAL037W,-0.733844738,0.089432362,0.034248407,1,1.820662031
YAL038W,-0.440141997,0.28233408,0.175273903,0.736472218,12.93601116
YAL039C,-0.374214065,0.382223302,0.010268617,1,4.296147099
YAL040C,0.969216767,0.003672908,1.433229258,5.01E-06,6.413487895
YAL041W,0.748734643,0.035660213,0.954203007,0.004180698,4.378187489
YAL042C-A,-0.200886234,0.762741884,-0.208169994,0.76437972,5.320738089
YAL042W,-0.335009222,0.543293714,-0.073787641,0.951548106,8.890336156
YAL043C,-0.366373582,0.512422625,-0.030901096,1,5.985063652
YAL044C,-1.462053672,0.001349997,-0.299799171,0.651280452,6.799159021
YAL044W-A,-0.201821432,0.610877455,0.155834804,0.728400691,3.915400502
YAL045C,-0.931598268,0.02242797,-0.449099034,0.338019468,3.399938625
YAL046C,-0.283224783,0.513594443,-0.162942486,0.751316693,4.431253814
YAL047C,0.233952048,0.654209575,-0.527377071,0.231993929,2.032476533
YAL047W-A,-2.250583115,0.001349997,-1.52800757,0.038822831,-1.882838769
YAL048C,0.133719276,0.818194337,0.402548371,0.363879237,3.527353315
YAL049C,-0.394961419,0.31704377,0.252778709,0.569706752,4.50567457
YAL051W,0.309401917,0.429252796,0.475424856,0.180454567,3.493321741
YAL053W,0.652930315,0.098558084,0.897722141,0.012533593,8.558581643
YAL054C,-0.2567337,0.663919247,0.144829788,0.848043287,6.638438252
YAL055W,-0.325443602,0.520518022,-0.381361145,0.446499864,2.054397011
YAL056C-A,-0.507576751,0.426918189,-0.089555913,0.951229586,0.284037993
YAL056W,0.091948383,0.868814813,0.332408669,0.392539002,4.385264003
YAL058W,-0.324501393,0.545928537,-0.288869812,0.618780405,5.20431043
YAL059C-A,-1.776564468,0.055082406,-4.063670126,4.79E-05,-1.491342521
YAL059W,0.697099157,0.117878968,-0.068079481,0.956825949,4.257897184
YAL060W,-1.138049393,0.058602477,-0.256850853,0.762344498,7.739404533
YAL061W,-0.641971866,0.200137126,0.129871697,0.877785207,5.220949571
YAL062W,-0.733721139,0.191896107,-0.36556262,0.585479788,5.586080367
YAL063C,-0.045786384,0.968278174,0.013946182,1,3.802320192
YAL063C-A,-1.010568401,0.113969047,-0.632658013,0.36482346,0.54661983
YAL064C-A,-0.599391827,0.503001359,-0.390952053,0.727117362,-0.695060602
YAL064W,-0.968034483,0.267610632,-1.106702044,0.197703568,-2.204158957
YAL064W-B,-0.690070869,0.378164015,-1.232446956,0.098491271,-1.286669221
YAL065C,0.024912678,1,-0.203607066,0.826470594,-0.630451273
YAL066W,0.111385954,1,0.113368413,1,-2.404955628
YAL067C,0.44742785,0.294280709,-0.496014283,0.243517744,3.046682021
YAL067W-A,-1.83597096,1,-1.688041877,1,-4.701658832
YAL068C,-4.010972253,0.238168385,-0.915811734,0.882037678,-4.257446709
YAL068W-A,-1.847436869,1,-1.699455914,1,-4.70021135
YAL069W,0,1,0,1,-4.776081025
YAR002C-A,-0.505986359,0.221659621,-0.512948327,0.210063505,9.192900876
YAR002W,0.193934079,0.661405941,-0.51419858,0.14886981,4.155266615
YAR003W,-0.326112734,0.411328331,-0.127921716,0.811955716,5.003572939
YAR007C,-0.058991003,0.943175594,-0.345348959,0.39732051,4.075172087
YAR008W,0.051829929,0.974299306,-0.492366721,0.322569891,2.279760845
YAR009C,-0.169453928,0.717245005,-0.557418043,0.113767107,5.221622486
YAR010C,0.223074881,0.641394886,0.374915219,0.380910013,4.050182201
YAR014C,0.490925893,0.129077832,-0.08158694,0.888649436,3.893792924
YAR015W,-1.906599947,6.77E-07,-0.523816512,0.276738595,6.924964692
YAR018C,-0.554303431,0.098782908,-0.748489338,0.01561028,3.250386962
YAR019C,0.51908761,0.14207691,0.855534272,0.006182406,3.946808356
YAR019W-A,0.246098957,0.861032828,-0.118983511,1,-3.008158565
YAR020C,-0.301014026,0.706127406,0.044679954,1,0.181937145
YAR023C,-0.196427594,0.851578034,0.014460695,1,0.67352958
YAR027W,-0.031096531,0.99030783,0.260217221,0.52986818,5.661892801
YAR028W,-0.348721124,0.326200375,-0.229442511,0.568965678,3.701770839
YAR029W,0.335508119,0.570214165,0.870865132,0.066173272,0.899032472
YAR030C,0.022139849,1,0.225672575,0.788343451,1.139939212
YAR031W,0.110743503,0.807148113,0.33783671,0.329802642,3.806746821
YAR033W,-0.234584709,0.54494938,-0.068760057,0.917217691,4.072800036
YAR035C-A,-0.235028197,0.857665406,0.431887087,0.749839823,-1.823626598
YAR035W,-0.335796176,0.58269561,0.107354054,0.917395418,4.613088282
YAR042W,0.623966153,0.115655601,0.193365602,0.723598675,3.220143434
YAR047C,0.736872137,0.328064147,1.080382343,0.108399924,-0.373130892
YAR050W,-1.168710266,0.003672908,-0.83889093,0.045360824,4.617747093
YAR053W,0.757098607,0.150649352,0.719193585,0.167375276,0.635964763
YAR060C,-0.668200674,0.462789379,-0.858251277,0.376588978,-2.038321896
YAR061W,-0.550079393,0.65404758,0.063683056,1,-2.460527343
YAR062W,-0.569418493,0.40236128,-0.50762186,0.50958335,-0.955095825
YAR064W,-0.871873131,0.244974527,-1.119808339,0.125872366,-1.259365775
YAR066W,0.330786534,0.577636408,0.17794947,0.816811264,3.184383741
YAR068W,0.198318478,0.731582043,0.598205812,0.181992989,2.882049149
YAR069C,-3.185697744,8.61E-09,-2.329335626,2.84E-05,0.751608725
YAR070C,-3.95084793,1.87E-09,-3.129039605,1.49E-06,0.348719517
YAR071W,-4.565560311,2.93E-30,-4.201173646,2.67E-26,6.009171126
YAR073W,-0.746091264,0.187397761,-0.265732429,0.728400691,1.118813516
YAR075W,0.074434955,0.978761815,0.596764106,0.532317064,-0.533571181
YBL001C,0.533810618,0.167410027,0.105296872,0.869484037,5.882276451
YBL002W,0.766648818,0.05390912,0.637153882,0.110856151,8.785716649
YBL003C,0.248457816,0.712546538,-0.658846633,0.221228321,6.325758466
YBL004W,0.810934711,0.075355432,1.495584837,0.000218804,5.883242584
YBL005W,0.113265335,0.826310088,0.88340767,0.005677356,5.094652066
YBL005W-A,-0.828179418,0.426918189,0.501546571,0.674385989,-1.214532418
YBL005W-B,0.264426946,0.577996,0.171160249,0.756229941,6.16159927
YBL006C,-0.35906307,0.364279917,-0.277310799,0.515760406,4.472777716
YBL006W-A,0,1,0,1,-4.776081025
YBL007C,0.065701561,0.939490554,0.113034989,0.869484037,6.267296188
YBL008W,0.147036063,0.753392675,-0.178696208,0.702415789,3.033346373
YBL008W-A,0.252348748,0.900442505,0.367185215,0.813166202,-2.230437754
YBL009W,0.453685268,0.314674798,0.147194139,0.816811264,3.45496975
YBL010C,0.170151303,0.795136303,-0.437401485,0.428638514,1.649785723
YBL011W,0.175541638,0.730277793,0.305679312,0.506048515,5.790210694
YBL012C,0.576394187,0.470409593,0.100031065,0.968317911,2.118531373
YBL013W,0.566039786,0.514417085,0.511283106,0.582470385,1.670568831
YBL014C,0.242760851,0.582777678,-0.046563863,0.978023533,3.168965903
YBL015W,0.661940094,0.114825712,1.010181725,0.007137424,6.237770556
YBL016W,-0.055221873,0.936900736,0.012068405,1,3.634411911
YBL017C,-0.182519753,0.726617808,0.033270253,1,6.294266714
YBL018C,0.10290613,0.834816615,-0.157687995,0.732653853,4.14742153
YBL019W,-0.334820841,0.392607673,-0.333725485,0.399287173,3.127972153
YBL020W,0.532154666,0.154090591,0.74472976,0.028304812,6.985227046
YBL021C,0.545151272,0.199470348,0.661749878,0.098518515,2.926501243
YBL022C,0.405404762,0.286417344,0.09812477,0.871864461,4.267353261
YBL023C,0.237095065,0.54770062,-0.079306146,0.903821883,3.314542276
YBL024W,0.573186693,0.163443171,-0.127214954,0.842317465,4.851010553
YBL025W,-0.252144797,0.639513878,-0.411956617,0.397082623,1.983355559
YBL026W,0.199707445,0.707263649,-0.367796426,0.434422843,4.401040857
YBL027W,0.43853441,0.419485917,-0.373901502,0.513640784,9.423725848
YBL028C,0.760053366,0.198373886,-0.313020878,0.677539536,4.23364811
YBL029C-A,-0.453874327,0.226231091,-0.204974447,0.662689883,3.814246564
YBL029W,0.011978204,1,0.186223037,0.708617253,3.210566799
YBL030C,1.424796977,6.54E-05,1.790907804,2.91E-07,9.687697327
YBL031W,0.358714758,0.573039644,-0.565124961,0.348401534,1.633463624
YBL032W,0.573733894,0.243782028,0.258492377,0.673221703,5.652001756
YBL033C,-0.600451906,0.090332573,-0.632840784,0.061462007,4.087828213
YBL034C,0.397275666,0.368398058,0.287935662,0.558169274,2.582608237
YBL035C,-0.911038216,0.002315451,-1.008907115,0.000624034,3.822409438
YBL036C,0.238366019,0.637905165,-0.279127764,0.585479788,4.591369231
YBL037W,0.710315504,0.068324826,1.043034747,0.003121496,3.464703695
YBL038W,0.386400341,0.364037138,-0.101360782,0.8884153,3.581897398
YBL039C,0.126827552,0.832232742,-0.471665852,0.275808678,6.392313363
YBL039C-A,0.044902284,1,0.456253419,1,-4.185514881
YBL039W-B,-0.063448137,0.972507377,0.146245325,0.859184948,2.091505285
YBL040C,0.160768481,0.75740077,0.150720364,0.792179525,6.975026758
YBL041W,0.027112174,1,-0.462287943,0.302398396,5.765860701
YBL042C,1.665539948,1.06E-06,1.473310748,2.42E-05,7.375406042
YBL043W,0.955118985,0.07813642,0.552565887,0.368366707,1.379358143
YBL044W,-3.67250952,1.06E-06,-2.007603071,0.005478172,-1.317627998
YBL045C,1.121413387,0.0015883,1.357683916,8.60E-05,6.418101051
YBL046W,0.228344881,0.699568831,-0.41605575,0.435870443,2.275800558
YBL047C,-0.411324603,0.466073691,0.425185483,0.453869411,8.041150306
YBL048W,1.092095495,0.022214125,1.80233197,3.63E-05,2.405066912
YBL049W,1.32788076,0.003672908,1.88926548,1.44E-05,3.865524076
YBL050W,-0.228267505,0.649193069,-0.630394566,0.110816979,5.025857484
YBL051C,1.271078201,0.002446747,0.767356599,0.092114574,3.778522725
YBL052C,0.99187395,0.027965424,0.090176747,0.929440922,2.279243303
YBL053W,0.228412973,0.857751273,-0.066735593,1,-0.775055363
YBL054W,0.616184448,0.171767656,-0.009805091,1,3.451112612
YBL055C,-0.433710201,0.231618204,-0.228331928,0.597581638,4.749885032
YBL056W,-0.064280018,0.938198398,0.118106599,0.852108822,6.68700984
YBL057C,-0.194051646,0.668463875,-0.485469443,0.185941966,5.29153529
YBL058W,-0.398400183,0.267320484,-0.763099687,0.013210252,5.092662042
YBL059C-A,0.137931749,0.788988024,-0.44399076,0.267861747,2.961952577
YBL059W,-0.172293599,0.732147692,-0.677045335,0.069101324,2.711021011
YBL060W,0.423109738,0.387440761,-0.186680518,0.768500443,2.563241208
YBL061C,0.414036939,0.273841618,-0.178493842,0.715769493,3.628317786
YBL062W,0.305432327,0.691828169,-0.150692805,0.928147881,-0.004666017
YBL063W,0.542381712,0.258171422,-0.115336739,0.896003516,2.072041627
YBL064C,0.443902945,0.344902953,0.458873895,0.326131586,5.545870072
YBL065W,0.576939277,0.711685245,-0.326116229,0.909896502,-2.88634819
YBL066C,1.526752012,7.98E-07,1.96587947,1.04E-10,4.081241662
YBL067C,0.271730875,0.483897913,0.234437703,0.570593137,4.259224116
YBL068W,-0.302148544,0.464347419,0.085760948,0.898661882,4.963109414
YBL068W-A,0.040474173,1,0.473882,0.935868683,-3.765506094
YBL069W,-0.395003184,0.263216666,0.147892576,0.744466922,4.411208536
YBL070C,0.142507784,0.885714507,-0.024955277,1,0.788271244
YBL071C,0.06333456,0.952436194,0.205708567,0.731488944,2.570666451
YBL071C-B,-0.424367269,0.78973398,-0.055808756,1,-2.951179522
YBL071W-A,-0.109772188,0.819886391,0.157904343,0.724388148,3.699310144
YBL072C,0.065421926,0.943330234,-0.101976227,0.891595826,9.6600959
YBL073W,0.06529833,1,-0.954400302,0.618396908,-3.276034164
YBL074C,-0.212924613,0.83090492,-0.809375796,0.281216631,0.959148425
YBL075C,-0.212665987,0.65491653,-0.277904078,0.546870827,3.669438369
YBL076C,-0.096141064,0.872890599,0.107586068,0.866211894,8.72781665
YBL077W,-0.786914346,0.155547505,0.065509065,0.9755191,4.362803552
YBL078C,0.29281627,0.621790466,0.301597285,0.628932844,2.398921257
YBL079W,0.32875439,0.453472569,0.787316526,0.029060485,5.266046567
YBL080C,0.3329811,0.577636408,0.018888913,1,1.612035841
YBL081W,0.772116269,0.033466616,0.939205729,0.005941752,5.747605485
YBL082C,-0.216152081,0.726121097,-0.158984581,0.827564386,7.91122924
YBL083C,0.263555268,0.76345726,0.005329549,1,0.566738773
YBL084C,0.966435558,0.004809913,0.905985812,0.008335291,2.932467559
YBL085W,0.867604539,0.037708319,0.155568892,0.812071091,3.247480811
YBL086C,0.886653944,0.073382019,0.2336604,0.734166954,2.098466781
YBL087C,0.240252037,0.636593538,0.253593158,0.631655589,9.195844632
YBL088C,-0.58115173,0.120402579,0.079680406,0.91404191,4.072163189
YBL089W,-0.212688173,0.670392634,0.057069214,0.96229846,6.149962396
YBL090W,0.311818083,0.427313467,-0.158592599,0.747569372,3.333209922
YBL091C,-0.714569858,0.05311389,-1.378764094,2.36E-05,5.989472739
YBL091C-A,-1.375281248,0.000216731,-0.921198619,0.019346198,4.368014353
YBL092W,0.430305349,0.440001357,0.145116704,0.86033804,8.862684876
YBL093C,0.102892772,0.836060373,-0.590139042,0.071793564,3.748941387
YBL094C,-0.514950189,0.355388861,0.617805082,0.23944242,1.093999994
YBL095W,-0.661189691,0.202247229,0.283789906,0.664275722,4.277398623
YBL096C,-0.95279533,0.091587595,-0.202063758,0.80696326,0.506776722
YBL097W,0.143848989,0.861962839,-0.54402674,0.34356902,0.908284833
YBL098W,-0.555490254,0.127859245,-0.509030806,0.161011066,4.402016753
YBL099W,1.067977886,0.00757078,1.287111479,0.000831193,9.427306193
YBL100C,1.255522018,0.003410862,1.209361847,0.004569109,6.090683761
YBL100W-A,-0.809815769,0.320767462,0.487961979,0.586949988,-0.595023441
YBL100W-B,-0.433367791,0.220596721,-0.735687722,0.019357825,3.28794593
YBL100W-C,0.116491979,0.980398563,0.304036153,0.828826687,-2.044815098
YBL101C,0.257234696,0.54135159,0.723434191,0.029187822,3.760241112
YBL102W,0.777331906,0.033800845,0.533286036,0.168289228,5.747266872
YBL103C,0.728745751,0.05114029,0.1755555,0.739948405,2.874326615
YBL104C,0.103877824,0.872783092,-0.43982939,0.308665293,2.673667341
YBL105C,0.114770051,0.836060373,-0.165861313,0.740444583,3.750013619
YBL106C,-1.082975865,0.002295761,-0.196583785,0.713230507,4.347045332
YBL107C,-0.348956805,0.404655277,-0.842255145,0.014887999,3.462937058
YBL107W-A,0.040094646,1,0.942097913,0.600514462,-3.436487826
YBL108C-A,-0.482395881,0.913668606,-0.045104347,1,-3.945759265
YBL108W,0.232368684,1,-0.250000555,1,-3.743153747
YBL109W,-0.845414798,0.093728916,0.005747919,1,0.169479956
YBL111C,-0.511865824,0.307883034,-0.325565268,0.565456949,2.81322466
YBL112C,-0.002335057,1,0.445108893,0.478110522,0.226515074
YBL113C,-0.19821933,0.667623561,0.216187878,0.655257506,3.936173923
YBL113W-A,0,1,0,1,-4.776081025
YBR001C,-0.235929987,0.611696987,-0.066814986,0.937847998,3.818661918
YBR002C,0.781053175,0.05265714,-0.083402804,0.926746749,3.65486243
YBR003W,0.569926087,0.144860553,1.006961185,0.003256781,4.458334914
YBR004C,0.760152573,0.028578381,0.73095921,0.031654734,6.376756505
YBR005W,-0.371847342,0.444132384,0.153856788,0.815227657,5.028627401
YBR006W,-0.645836791,0.132097075,0.536111693,0.220093587,5.540267996
YBR007C,-0.219851345,0.663919247,-0.641324073,0.106423015,2.67560194
YBR008C,-0.635389089,0.118388508,0.110982471,0.872942662,4.935327401
YBR009C,0.683375622,0.168852086,-0.189192791,0.785786031,5.835041351
YBR010W,0.565743355,0.27176212,-0.49901929,0.34526102,6.696187455
YBR011C,-0.528729887,0.260713327,-0.505521739,0.284560827,9.738481045
YBR012C,-0.16580437,0.799433311,-0.130509453,0.87209234,2.739176012
YBR012W-A,-0.195785084,0.854621801,0.922605522,0.144447005,-0.39447233
YBR012W-B,0.297219488,0.476591954,0.147919242,0.774055126,5.638359279
YBR013C,-0.089725965,0.870023452,0.38262426,0.303675205,3.868340823
YBR014C,0.516607057,0.22442296,0.177670532,0.748727632,4.484327639
YBR015C,0.539312401,0.162974847,0.753697942,0.031710007,7.553869486
YBR016W,-0.215293705,0.604698854,-0.187741256,0.677539536,4.51745771
YBR017C,-0.059087434,0.938198398,0.06348873,0.93703698,5.514196944
YBR018C,-0.09514425,0.936900736,0.78897504,0.115028731,1.211642896
YBR019C,0.2380552,0.569213946,0.615342637,0.066444887,4.46096591
YBR020W,-0.265041326,0.577636408,-0.010772752,1,3.826271809
YBR021W,1.458311218,1.60E-05,1.482148854,1.17E-05,7.501959741
YBR022W,0.178553323,0.721629089,-0.249990848,0.617818738,2.948509679
YBR023C,0.509619136,0.219190817,0.683462222,0.073147519,7.470288757
YBR024W,0.111275121,0.868358383,-0.209412694,0.722486461,2.563240646
YBR025C,0.112779556,0.86652559,0.251351188,0.651089954,8.397528411
YBR026C,-0.300419743,0.423525324,-0.49373876,0.13958046,4.882202814
YBR027C,-0.229832432,0.725097599,-0.298970511,0.659038268,-0.011695964
YBR028C,0.87866303,0.058320423,0.380319453,0.4957129,3.085007265
YBR029C,0.261097853,0.552335172,1.136782631,0.000524675,8.190864862
YBR030W,-0.500223938,0.138563615,-0.651315622,0.037424421,3.526370442
YBR031W,-0.212115561,0.711685245,-0.176989564,0.777715899,12.76334893
YBR032W,-0.635026518,0.375949638,0.605112806,0.385263373,0.735094913
YBR033W,-0.040269801,0.972471037,0.564207189,0.073068414,3.674500026
YBR034C,0.46216877,0.320278011,0.221596083,0.69915928,5.796589218
YBR035C,-0.78917811,0.036428644,-0.876466605,0.015082753,6.592558672
YBR036C,0.040219132,0.9902788,0.348208797,0.513906386,8.996363781
YBR037C,-0.843380991,0.113384091,-0.319601928,0.636976823,4.02016274
YBR038W,0.185321174,0.706127406,0.303921709,0.496274016,6.379614693
YBR039W,1.279907969,0.000378483,1.117656825,0.002270531,5.961584246
YBR040W,0.399998228,0.681557681,-0.546663054,0.673837688,-1.607291062
YBR041W,0.608550796,0.09547913,0.819684451,0.013831551,6.586493618
YBR042C,0.456707278,0.272934166,0.097623887,0.889398754,5.188382835
YBR043C,0.129818881,0.789382283,0.420096873,0.253360858,5.948565397
YBR044C,-1.271105031,5.04E-05,-0.988261454,0.002324356,3.907698129
YBR045C,-0.371598474,0.502226761,-0.126153171,0.885406474,1.074185526
YBR046C,-0.274218884,0.508606238,-0.211726051,0.650920134,3.941523816
YBR047W,-0.046895267,0.975543633,-0.514865132,0.211606299,3.34865221
YBR048W,0.544076077,0.288888397,0.783612604,0.093327059,9.744373895
YBR049C,-0.03402864,0.985093017,-0.719250181,0.028852166,3.944422144
YBR050C,-2.673330212,2.52E-11,-2.514486144,5.99E-10,1.138555247
YBR051W,-1.549881265,0.069159437,-1.667629562,0.038194135,-1.130827982
YBR052C,-0.95303786,0.007324592,-1.378768253,3.89E-05,5.653021951
YBR053C,-0.977198363,0.035687628,-0.116030191,0.896003516,5.991476301
YBR054W,1.946107846,3.70E-06,4.131344408,1.56E-22,6.899827825
YBR055C,0.35067716,0.416929808,-0.336318266,0.457087438,3.35108022
YBR056C-B,0,1,0,1,-4.776081025
YBR056W,-0.395044577,0.320278011,-0.687482612,0.047091589,5.032292585
YBR056W-A,-1.225591433,0.000571391,0.179679565,0.742806388,2.558206377
YBR057C,0.569766493,0.212831538,-0.191518626,0.762020887,2.702043123
YBR058C,0.098510726,0.843108546,-0.457931888,0.170467649,4.364125444
YBR058C-A,0.45048978,0.238168385,0.277316125,0.520675424,4.765583214
YBR059C,-0.084330051,0.892703189,0.159565796,0.758491597,4.304119257
YBR060C,0.170841256,0.721629089,-0.436506061,0.274368291,3.553165437
YBR061C,0.213854351,0.670392634,-0.066448175,0.950539654,3.557923423
YBR062C,-1.283429308,4.44E-06,-1.347133926,1.52E-06,3.582243742
YBR063C,0.271365051,0.630240664,-0.048623522,0.994014614,2.658464372
YBR064W,0.86796185,0.326127123,-0.002561052,1,-0.937770211
YBR065C,0.484890991,0.440352549,-0.519579181,0.406471293,1.858765821
YBR066C,-0.669699842,0.058819459,-0.528933125,0.14537533,3.448572291
YBR067C,0.049919417,0.990094281,0.358370589,0.610676974,9.829116194
YBR068C,0.569866378,0.242484665,0.619237775,0.191490012,10.14689141
YBR069C,0.981228886,0.006925961,1.020051253,0.004123623,6.884855512
YBR070C,0.043757086,0.966580129,-0.245347404,0.564699018,5.219458305
YBR071W,-0.098623017,0.855234608,0.542509141,0.116375881,4.647118278
YBR072C-A,-1.3023148,0.259817202,-2.330852231,0.066173249,-3.222215204
YBR072W,-1.292203164,0.002077951,-0.557656536,0.257126347,4.464987104
YBR073W,0.482415271,0.201434195,-0.185628861,0.711270825,3.644837148
YBR074W,0.518268825,0.173785592,0.692955668,0.046413175,6.257965158
YBR076C-A,-0.861070603,0.043947948,-0.352975125,0.495902858,4.289816146
YBR076W,-1.420121011,7.88E-05,-0.948534619,0.012586384,3.400994879
YBR077C,-0.458809256,0.224221923,-0.300092703,0.474956506,4.907046268
YBR078W,0.864533581,0.023527463,0.738320241,0.052577293,11.19112519
YBR079C,0.502703807,0.222082013,0.624406417,0.1059654,6.248819436
YBR080C,-0.438860151,0.285541222,-0.07176829,0.931633175,5.455938132
YBR081C,0.308974903,0.494929693,-0.36177303,0.414214137,3.070725066
YBR082C,-0.028003753,1,0.009574459,1,6.695290559
YBR083W,0.602982539,0.292302942,-0.30566037,0.670426742,2.290258096
YBR084C-A,0.617228394,0.233801702,-0.115105003,0.900567855,8.851713413
YBR084W,0.111478553,0.850631838,-0.037981331,0.991881047,6.150915771
YBR085C-A,0.311215301,0.485553909,1.472199409,8.86E-06,7.193492881
YBR085W,-0.724230484,0.083414571,-0.768463344,0.053999775,3.266117212
YBR086C,0.815659217,0.024340086,0.992920275,0.003635267,8.416072985
YBR087W,0.23447526,0.693055473,-0.353204916,0.527860082,4.149879114
YBR088C,-0.084331175,0.936900736,-0.420087544,0.466440177,4.091100948
YBR089C-A,-0.010934107,1,0.748475493,0.036981817,5.915540589
YBR089W,-0.076051173,0.937929217,-0.464122638,0.342351795,3.198642499
YBR090C,1.276738365,0.109755061,0.709061176,0.425538679,3.860912329
YBR091C,-0.191493004,0.661141882,-0.081924728,0.901323389,3.146951925
YBR092C,1.944505121,3.53E-11,2.207169112,5.42E-14,7.329054867
YBR093C,-2.908009982,3.52E-07,-1.941173718,0.000944854,6.029604881
YBR094W,-0.009115748,1,-0.053512703,0.947946689,3.593603861
YBR095C,0.65032241,0.155547505,-0.150761782,0.835184612,2.780356249
YBR096W,0.119739442,0.83470808,0.263563758,0.582259147,7.769056941
YBR097W,-0.132862576,0.771192016,0.173854897,0.702136951,3.909049272
YBR098W,0.433513626,0.2180724,0.853876472,0.004459118,3.597135038
YBR099C,1.610620539,0.197171424,3.549323526,9.74E-05,-2.198075309
YBR101C,0.614491318,0.173519316,0.133905829,0.849278721,5.169565865
YBR102C,0.015384881,1,-0.771817252,0.030765587,2.78904787
YBR103C-A,-1.240386116,0.251189351,-0.771420703,0.527860082,-2.978308353
YBR103W,0.206889696,0.629798759,-0.303741835,0.459546641,2.925444519
YBR104W,0.084588396,0.912309126,-0.235651248,0.669540741,4.559557853
YBR105C,0.043501787,0.975543633,0.215256227,0.67224434,5.626771787
YBR106W,-0.300006911,0.499866054,-0.458269806,0.25754987,8.349270718
YBR107C,-2.418399455,2.74E-07,-1.816474234,0.000182988,5.588692263
YBR108W,0.277885324,0.537431673,0.140360842,0.811955716,3.224372672
YBR109C,-0.320875729,0.469386749,-0.098241242,0.888259132,7.188834408
YBR109W-A,0.582179249,0.408764178,0.866691787,0.178648105,1.926275156
YBR110W,0.434160729,0.300852717,0.893303697,0.011853706,6.244497205
YBR111C,-0.612192481,0.098360928,-0.720002899,0.037518983,5.894601161
YBR111W-A,-0.197100309,0.664146921,-0.448290697,0.233904429,3.196278127
YBR112C,0.555389428,0.096149293,0.367807547,0.30556779,4.070943203
YBR113W,1.223163501,0.228768744,-0.044489133,1,0.480183671
YBR114W,0.115986458,0.852307681,-0.214377283,0.680780601,3.325065335
YBR115C,-0.256864393,0.564614724,0.225977142,0.641671666,7.428259016
YBR116C,-0.826762342,0.211296685,-0.294148836,0.739143868,-0.29823022
YBR117C,-0.652170828,0.095203266,-0.435354129,0.297182636,4.63443661
YBR118W,-0.674499084,0.14715336,-0.597342047,0.202049576,13.31428322
YBR119W,0.236893422,0.709883546,-0.395616506,0.504547951,2.580695033
YBR120C,0.20008189,0.750285815,-0.046959952,0.996746188,2.147527348
YBR121C,0.156361744,0.760860186,0.036735134,0.993889925,7.955067207
YBR121C-A,0.040492827,1,0.473905305,0.935868683,-3.765506094
YBR122C,0.307348135,0.425934294,0.008662311,1,4.831272508
YBR123C,0.343137779,0.451986929,-0.388118312,0.396154681,2.463196631
YBR124W,0.856238404,0.373075004,0.651288265,0.566024405,-2.133513553
YBR125C,0.278937333,0.52096697,0.881605987,0.009350279,5.18342741
YBR126C,-0.955485273,0.06673378,-0.29423039,0.670169266,7.51248367
YBR126W-A,-0.0096883,1,0.256967086,0.600462536,5.620478961
YBR126W-B,0.043855472,0.988712918,0.301797338,0.608389737,1.742988281
YBR127C,-0.39495286,0.416857668,-0.170188271,0.785786031,8.930020066
YBR128C,-1.709529978,1.46E-08,-1.490686818,1.32E-06,3.296984705
YBR129C,0.354175624,0.342540937,-0.269745062,0.510936042,3.411692543
YBR130C,-0.488224168,0.132544137,-1.233217455,6.22E-06,3.957681322
YBR131C-A,0,1,0,1,-4.776081025
YBR131W,0.659009615,0.21059344,0.058684419,0.979093483,2.134347351
YBR132C,0.765511015,0.134993908,1.391571217,0.001987803,6.044111438
YBR133C,-0.158501351,0.738986537,0.326107333,0.426531637,6.267782676
YBR134W,0.429610045,0.659936875,0.365233847,0.734166954,0.662697097
YBR135W,0.032632144,0.985697841,0.280197806,0.467551398,4.071186576
YBR136W,-0.173315401,0.695159576,0.085858536,0.893529511,3.449082482
YBR137W,-0.868270976,0.004361409,-0.881493782,0.003409047,4.306086213
YBR138C,0.1196673,0.852307681,-0.568189969,0.180454567,1.791339883
YBR139W,0.362137527,0.477605317,0.935571175,0.023152291,7.297413842
YBR140C,-0.291872527,0.542797933,0.97441229,0.008335291,6.584099865
YBR141C,-1.91998812,8.20E-08,-1.344696099,0.000337507,4.075479014
YBR141W-A,0,1,0,1,-4.776081025
YBR142W,0.667320354,0.229592139,-0.388821093,0.547015894,3.677709957
YBR143C,0.184226694,0.730849318,0.03233607,1,7.504111673
YBR144C,-2.350172753,8.10E-05,-1.346125397,0.030752519,-1.025592195
YBR145W,-1.845622211,3.21E-06,-0.733627458,0.106546087,8.081004804
YBR146W,-0.039948839,0.971767598,-0.275072819,0.485431487,4.788383054
YBR147W,-0.655634906,0.172951905,-0.292008694,0.623391659,3.585648046
YBR148W,-1.383976457,0.002227161,-1.009043988,0.033184249,1.250840428
YBR149W,-1.165719448,0.010668891,-1.097822603,0.015131802,6.739416924
YBR150C,0.50352309,0.283618394,0.312325463,0.562942243,2.059157504
YBR151W,-0.012598346,1,0.104141702,0.869377431,5.408290945
YBR152W,-0.351296896,0.605457055,-0.905358,0.103117507,1.063279056
YBR153W,0.155548918,0.7231992,-0.03625431,0.991833591,3.245412384
YBR154C,0.64396935,0.267791528,-0.297088475,0.679564766,4.382887033
YBR155W,0.559419862,0.343862497,-0.270340567,0.719742608,3.207447706
YBR156C,-0.251161608,0.629716756,-0.549449053,0.213673559,1.947525193
YBR157C,-0.739502053,0.056322923,-0.581713237,0.143822765,3.148873946
YBR158W,0.52308217,0.243782028,0.419495903,0.374749967,6.586127082
YBR159W,-0.056010321,0.948059949,-0.072780792,0.92517669,6.914704086
YBR160W,-0.263577032,0.471752844,-0.2934723,0.41802491,3.865419819
YBR161W,0.797786618,0.014405638,0.716248602,0.027919249,3.929261698
YBR162C,0.03075461,1,-0.14133658,0.837888153,11.17831354
YBR162W-A,0.509696618,0.258510385,0.327024847,0.515445845,3.860428958
YBR163W,0.29903633,0.472440735,0.263615105,0.550419087,3.885107
YBR164C,0.057913581,0.952436194,-0.709661318,0.066444887,4.576616019
YBR165W,0.259711537,0.583992959,0.572842158,0.1510326,3.518684274
YBR166C,0.116406128,0.821680458,-0.025938196,1,4.115093642
YBR167C,-0.129913856,0.853204058,-0.31205953,0.577230458,2.610102947
YBR168W,0.278836382,0.445169371,0.180666423,0.67135902,3.730018673
YBR169C,0.822590434,0.094439417,1.205504098,0.006553293,4.088349125
YBR170C,-0.024834938,0.997156235,-0.183389633,0.659038268,3.825042339
YBR171W,0.260364684,0.6142289,-0.227959057,0.686021693,5.097281369
YBR172C,0.84338836,0.018123476,0.719766331,0.043911221,4.782709829
YBR173C,-1.226274411,0.00071774,-0.668678678,0.093816348,6.006449693
YBR174C,-0.571464534,0.273094507,-0.250159061,0.698777695,1.568882072
YBR175W,-0.264526423,0.508477699,0.110632632,0.838308342,5.150076118
YBR176W,-0.504869555,0.241728609,-0.473961348,0.28043986,2.84941512
YBR177C,-1.128632362,0.005950527,0.359596053,0.495414157,8.106496447
YBR178W,-0.130777655,0.965227089,0.898995618,0.21654089,-1.39060633
YBR179C,-0.839559012,0.02014246,-0.621701726,0.096433759,3.643355212
YBR180W,-0.851858384,0.058839671,-0.236864716,0.699677474,1.389062365
YBR181C,0.037984223,0.990094281,-0.612584106,0.1510326,9.655501083
YBR182C,-0.218215434,0.605457055,0.768176962,0.015962306,3.145591062
YBR182C-A,-0.900037045,0.200290138,-0.668279784,0.373326224,-1.257129165
YBR183W,1.076319364,0.013629818,1.274487276,0.00225777,4.849273797
YBR184W,-0.791996147,0.13827218,-1.170600191,0.017245851,1.083293306
YBR185C,0.647614624,0.052739485,0.929672467,0.002308648,3.987656235
YBR186W,-1.719741676,5.96E-08,-1.506504622,3.25E-06,2.699554907
YBR187W,-0.057057163,0.963123285,-0.20291779,0.732447463,8.500595309
YBR188C,-0.029312181,1,-0.425195058,0.406854185,2.683897606
YBR189W,0.091593605,0.910569492,-0.223483302,0.708617253,10.18584219
YBR190W,1.447294982,0.001713215,0.065464065,0.973200422,3.933481664
YBR191W,0.57199319,0.290514744,0.213017173,0.761799831,9.52375865
YBR191W-A,0.602497946,0.16518806,0.065144043,0.953445526,3.334867178
YBR192W,0.319842546,0.370201024,0.187806614,0.659038268,3.249265408
YBR193C,-0.368750597,0.316773419,0.079926435,0.902847783,3.644602277
YBR194W,-0.141064116,0.794117419,-0.48300102,0.234930205,2.473111173
YBR195C,0.122096919,0.793539774,0.132196667,0.785442138,3.21294883
YBR196C,-0.627628804,0.098360928,-0.057259613,0.955505417,10.98632601
YBR196C-A,-1.18045111,0.05327767,-0.775493464,0.230474765,-0.411851446
YBR196C-B,-1.516762619,0.000105743,-1.33465726,0.000976342,0.781712096
YBR197C,-1.115837256,0.014400087,-0.863426978,0.063459194,4.973502764
YBR198C,-1.052469553,0.02014246,-0.865844687,0.057236263,5.07178402
YBR199W,0.394520789,0.310765586,0.297700122,0.478447282,6.505866365
YBR200W,0.184549636,0.659242336,-0.425565422,0.22368298,3.740488868
YBR200W-A,-1.685856211,0.046985711,-1.057827176,0.255679335,-1.784548089
YBR201C-A,-1.075276992,0.009746334,-0.52073493,0.275198068,3.239455896
YBR201W,0.149973558,0.752248633,-0.296563975,0.490417799,3.213800016
YBR202W,0.301870198,0.484887909,0.015442649,1,4.454335749
YBR203W,-0.588768748,0.098360928,0.162560855,0.737580413,4.107371643
YBR204C,0.56976385,0.155547505,0.105767214,0.875271819,3.575274258
YBR205W,-0.267825575,0.588698085,-0.421088138,0.354065081,6.889120102
YBR206W,-0.375631087,0.534080441,0.008589085,1,2.236283875
YBR207W,0.685478274,0.098782908,0.567254085,0.178068046,6.544211551
YBR208C,-0.452081542,0.425402948,1.50818466,0.000784503,6.479150867
YBR209W,-1.179947127,0.006289293,-1.808685791,1.44E-05,1.164728006
YBR210W,0.269875424,0.498835732,0.219119639,0.617036727,4.842484807
YBR211C,0.333942714,0.459632176,-0.050833892,0.97684464,2.460930013
YBR212W,0.636895956,0.12168259,1.08070327,0.002893339,6.896932279
YBR213W,-1.405846112,0.001034203,-1.201769707,0.005922791,2.413345136
YBR214W,-0.52174413,0.3359313,0.484164167,0.381085519,7.095547779
YBR215W,0.680669579,0.071783566,0.339919039,0.440595501,2.60076759
YBR216C,0.120983784,0.832863966,0.43643474,0.290065215,4.321240107
YBR217W,0.455314939,0.374107556,-0.160635197,0.829957785,2.229156153
YBR218C,-0.276478659,0.596028192,0.469620378,0.31390693,8.552283692
YBR219C,-0.298172069,0.773587309,-0.709843037,0.446725579,-1.932138241
YBR220C,0.00140632,1,0.325972666,0.422269817,6.678061952
YBR221C,-0.11958289,0.847965811,-0.013238863,1,10.08200315
YBR221W-A,-0.141348126,0.912367131,0.813286843,0.248931406,-1.304443564
YBR222C,0.009323695,1,0.48285848,0.28545993,7.600117642
YBR223C,-0.160197174,0.78355868,-0.012902994,1,3.051802665
YBR223W-A,0,1,0,1,-4.776081025
YBR224W,0.26778789,0.890690753,-0.500281982,0.753769419,-1.419805379
YBR225W,-0.645674899,0.603525857,0.050262247,1,0.111996148
YBR226C,0.510890539,0.351539735,1.26619426,0.004225459,1.056169185
YBR227C,0.036408262,0.992883432,-0.040214751,1,2.87106876
YBR228W,0.010303407,1,-0.024420579,1,2.782119682
YBR229C,0.499887834,0.201434195,0.843272251,0.014589915,6.948865491
YBR230C,0.604715538,0.200791963,1.057992431,0.010750434,5.957630143
YBR230W-A,0.095376844,0.942554901,-0.612903604,0.338261244,3.01383778
YBR231C,-0.686833316,0.085096413,-0.701315553,0.068518886,2.684442808
YBR232C,0.394220606,0.618048153,-0.111915067,0.992372259,-0.890778795
YBR233W,0.249016567,0.738038262,-0.33642265,0.661846405,1.588376538
YBR233W-A,0.595181313,0.167521162,-0.337276326,0.505623504,2.873226135
YBR234C,-0.687422299,0.111802561,-0.163033807,0.79580688,8.638302485
YBR235W,-0.067492497,0.944509326,0.554574454,0.212133585,6.906077656
YBR236C,0.155593762,0.715439554,-0.334930973,0.357384805,4.060004147
YBR237W,0.26481751,0.704972131,-0.219537774,0.780819607,1.887070467
YBR238C,0.709360356,0.148827207,0.812431497,0.079622307,5.823830269
YBR239C,-0.202592695,0.603525857,0.11007334,0.827092936,3.295068568
YBR240C,-1.389251839,0.00070326,-0.891569858,0.04009655,3.275495048
YBR241C,0.098333099,0.938445095,0.236399307,0.782227752,7.59967792
YBR242W,-0.276784718,0.494929693,-0.26809096,0.521542294,4.036194849
YBR243C,-0.303077839,0.585248553,-0.282527121,0.635631396,7.690333031
YBR244W,0.350010767,0.44380526,-0.038170015,0.999054864,3.819618933
YBR245C,-0.140251997,0.771240491,-0.70097638,0.036538626,3.382665041
YBR246W,-0.722202047,0.029124459,-0.152872733,0.747569372,5.009410895
YBR247C,0.318770347,0.492949151,-0.212813612,0.694126449,4.085073583
YBR248C,-0.173661492,0.706127406,-0.452364974,0.219131546,5.589217456
YBR249C,-0.37974898,0.375906386,-0.001018874,1,9.774948307
YBR250W,-0.915525031,0.071770198,-0.664386978,0.212536701,1.58310359
YBR251W,0.265926324,0.695295107,-0.643588994,0.257494931,2.944631707
YBR252W,-0.868034954,0.025164347,-0.686378466,0.081508084,5.699468201
YBR253W,-0.108461702,0.865710964,-0.539516626,0.191737865,3.497520256
YBR254C,0.303327865,0.499849563,-0.261462153,0.600240719,3.374849155
YBR255C-A,0.010060283,1,0.358949971,0.370253955,3.519129161
YBR255W,0.606037824,0.175889823,-0.181864713,0.772268937,2.396500504
YBR256C,0.525625688,0.194454622,-0.073876348,0.931278799,6.940141584
YBR257W,0.527317771,0.301277886,-0.303081982,0.62684942,2.849122814
YBR258C,0.299012151,0.642318866,-0.357651362,0.602035681,1.682114377
YBR259W,0.478046129,0.283209699,0.350260329,0.468340081,2.89817465
YBR260C,0.066417253,0.912378581,-0.13996122,0.765840946,3.30990051
YBR261C,-1.018051734,0.005082359,-0.988471709,0.006003379,4.819666283
YBR262C,1.06276676,0.001541786,0.506893589,0.190063608,3.653874191
YBR263W,-0.57090181,0.2180724,-0.290040597,0.602035681,7.96779976
YBR264C,0.286198857,0.575492008,-0.481786019,0.305415827,2.604022016
YBR265W,-0.702190978,0.071605375,-0.253115836,0.611463053,6.122787977
YBR266C,0,1,0,1,-4.776081025
YBR267W,0.519625497,0.229779103,-0.489292409,0.26883252,3.733836707
YBR268W,0.124403816,0.775318375,-0.062860829,0.926746749,3.742646528
YBR269C,-0.361249413,0.425554415,0.340518367,0.466365618,5.81483201
YBR270C,-1.408902835,0.000604469,-1.218379263,0.003529986,2.59309452
YBR271W,0.544983477,0.242484665,-0.638411749,0.157774055,3.290305218
YBR272C,-0.120009093,0.791612448,-0.265779442,0.489569819,3.524572457
YBR273C,0.021176754,1,-0.611479997,0.073985766,3.445661083
YBR274W,-0.442816505,0.218938532,0.096063106,0.871864461,4.985563724
YBR275C,0.26692834,0.534551152,0.142873764,0.78789396,3.111688611
YBR276C,0.305741742,0.461801152,0.453202671,0.233912653,4.777722703
YBR277C,-0.268823447,0.721629089,-0.989171913,0.074776182,0.291400923
YBR278W,-1.195580211,0.001654368,-1.474376263,7.65E-05,2.792116295
YBR279W,0.758665272,0.109755061,-0.163899053,0.826470594,3.069616875
YBR280C,-0.696876233,0.075355432,-0.043579488,0.981998848,3.428889164
YBR281C,0.059307512,0.933896008,0.151973054,0.748725543,3.755338835
YBR282W,0.591382417,0.316773419,0.446891105,0.485934278,2.540327089
YBR283C,0.453348103,0.286874361,0.461564201,0.274371243,10.04439833
YBR284W,-0.077590479,0.942773755,-0.240616751,0.720354522,1.327320143
YBR285W,-1.081774803,0.052783992,-0.797053363,0.167584496,1.826940921
YBR286W,-0.115265209,0.894520605,-0.141274223,0.871864461,10.91674653
YBR287W,-0.70552082,0.260108683,0.083679727,0.963278074,8.496076407
YBR288C,0.315484583,0.485338861,-0.201168059,0.710951235,3.683611896
YBR289W,0.329925325,0.533167127,-0.453096395,0.373927375,2.001739352
YBR290W,0.92829014,0.026289123,0.11084776,0.887721956,3.442096318
YBR291C,-0.94571916,0.00461276,-0.133631224,0.809183155,4.357418112
YBR292C,-0.69028278,0.14742345,0.059346747,0.979425107,0.665039207
YBR293W,0.188557553,0.681557681,0.435038646,0.251001254,6.3245398
YBR294W,-0.416539186,0.334690939,-0.694539655,0.068421841,3.709430563
YBR295W,-0.290321197,0.552155246,0.29879461,0.549923191,5.057349888
YBR296C,-4.471644824,3.81E-09,-4.866841483,2.62E-10,7.156010528
YBR296C-A,0.409687606,0.721629089,-0.746693378,0.501485689,-2.29477007
YBR297W,-0.339794691,0.5107941,-0.599271283,0.190195123,5.218689855
YBR298C,-0.438115857,0.325041713,-0.709162696,0.073339758,3.94899186
YBR298C-A,-1.99019937,0.004084171,-2.444860814,0.000715916,-1.68193229
YBR299W,-2.639050076,1.38E-14,-2.300027449,2.77E-11,2.822861235
YBR300C,-0.06383883,0.992889665,-0.433905777,0.626434812,-0.756050988
YBR301W,0.333738206,0.67540726,0.095981508,0.963062167,-0.720581398
YBR302C,-0.171623081,0.756443718,-0.231673515,0.670851646,7.138347406
YCL001W,0.680823515,0.098782908,0.696684962,0.0789518,6.00322138
YCL001W-A,-3.229379998,7.25E-08,-2.6505443,1.16E-05,0.999049511
YCL001W-B,-1.863323494,0.000110996,-1.562463733,0.001551695,1.573711581
YCL002C,0.145299329,0.778814634,0.135249079,0.813166202,6.276080747
YCL004W,-0.092083488,0.870655337,0.090545003,0.888019045,3.021378447
YCL005W,0.348894531,0.373564582,0.75621945,0.021534568,5.966344438
YCL005W-A,0.354518938,0.441321927,0.243728284,0.645659167,4.460353843
YCL007C,0.160486947,0.844642942,1.033317328,0.040233698,2.365648062
YCL008C,-0.008559935,1,0.581983495,0.190063608,5.670526964
YCL009C,-0.541723324,0.328486414,-0.23952919,0.732447463,11.09999375
YCL010C,-0.506138371,0.23802491,-0.265116546,0.605686428,3.841373732
YCL011C,-0.479442449,0.218740659,-0.548577488,0.141279101,6.30685267
YCL012C,0.368109262,0.339600816,1.020282778,0.001070995,3.468092996
YCL014W,0.064873326,0.930067455,-0.049208809,0.96457395,3.692073128
YCL016C,0.168024512,0.731582043,-0.314978248,0.47320977,2.707279117
YCL017C,-0.685552671,0.096149293,-0.04163035,0.990421462,7.389681949
YCL018W,-2.515782837,8.69E-12,-1.556489945,4.98E-05,11.69599996
YCL019W,-0.592974394,0.094186885,-1.146013316,0.000235828,3.306901322
YCL020W,1.780352794,0.233143429,2.055607021,0.17612519,-2.351476612
YCL021W-A,-0.09421489,0.90954176,0.205316276,0.731488944,2.191880253
YCL022C,-3.496835848,0.349262748,-3.307410927,0.51113779,-4.494921499
YCL023C,0.59748565,0.542797933,1.078761259,0.289368671,-2.35592367
YCL024W,0.228972769,0.663544219,-0.308732325,0.548417642,2.387828695
YCL025C,0.453284189,0.5234844,2.717338199,3.33E-07,9.201903754
YCL026C-A,-1.796442152,6.65E-07,-1.673037778,5.79E-06,1.671376832
YCL026C-B,0.489894577,0.249381765,1.636186208,1.52E-06,3.347215333
YCL027W,-0.157552904,0.776732025,0.11720485,0.865389808,2.523514282
YCL028W,-0.673879182,0.132329033,-0.603379795,0.178577292,5.893187759
YCL029C,-0.582815802,0.179098466,-1.00133012,0.009455362,2.623956885
YCL030C,-1.328367509,0.000122034,-0.180018539,0.740645101,9.141063046
YCL031C,1.018367363,0.051818221,-0.115732757,0.916457242,3.661924713
YCL032W,0.279233099,0.563532572,-0.109897378,0.88782874,2.506063032
YCL033C,-1.33404889,0.002385331,-0.762144963,0.112174799,5.55837455
YCL034W,-1.040508899,0.030958811,-0.852581119,0.079484966,5.083914399
YCL035C,-0.321911426,0.449729628,-0.413216347,0.30713323,5.462882875
YCL036W,0.341098124,0.412985636,-0.017067284,1,3.269652638
YCL037C,1.426341363,0.001668567,0.631081055,0.256539629,0.125722099
YCL038C,0.271906184,0.599259443,0.308928714,0.55154269,7.044239569
YCL039W,0.453179725,0.252609826,0.728174446,0.03826747,4.789977821
YCL040W,-1.525272932,0.043497616,-1.637860517,0.023756192,10.09087302
YCL041C,-1.088219569,0.233009029,-1.510139187,0.072442875,5.56746432
YCL042W,-1.626197312,0.081504473,-2.189255085,0.011492689,6.760729752
YCL043C,-0.3524249,0.499866054,-0.113872387,0.888259132,11.37523636
YCL044C,-0.143379753,0.791272201,0.557573562,0.153435491,5.709591268
YCL045C,0.524998136,0.216903497,0.876828879,0.019463779,8.63613696
YCL046W,0.75920418,0.278220244,0.865175998,0.200106093,3.440680066
YCL047C,0.403383859,0.348264226,0.049596018,0.972331133,3.078697308
YCL048W,0.011347234,1,0.427126602,0.455839264,0.516400677
YCL048W-A,-0.793721303,0.320026846,0.358673187,0.722699178,2.496578178
YCL049C,-0.401156304,0.374994979,0.170473561,0.767066378,6.717865965
YCL050C,-0.287355022,0.517626498,-0.141821342,0.803492919,6.208908175
YCL051W,0.60631752,0.088707291,0.772238,0.018502727,3.344588293
YCL052C,0.30457843,0.467567264,0.606988615,0.088259595,4.426175487
YCL054W,1.042512938,0.009840338,0.242040582,0.673221703,3.443057882
YCL055W,0.147686799,0.834678683,-0.588010295,0.250103158,3.071744904
YCL056C,0.501010567,0.286587169,0.258291922,0.654385844,2.592530916
YCL057C-A,0.103547834,0.86652559,0.351291158,0.426005812,6.182671391
YCL057W,-0.140278261,0.788988024,0.31908261,0.464006667,6.908592992
YCL058C,0.058660853,0.963827913,0.22197336,0.715404989,3.718886129
YCL058W-A,0,1,0,1,-4.776081025
YCL059C,0.568380599,0.365016695,-0.451753458,0.504610469,4.532695083
YCL061C,0.735343305,0.137468615,0.022142758,1,1.883737323
YCL063W,0.648914578,0.067943798,0.764616533,0.022257132,2.993708074
YCL064C,-4.09910008,4.33E-06,-0.583527834,0.63241553,5.143797798
YCL065W,-1.303583885,0.009202293,-1.032659822,0.04389769,0.436298384
YCL066W,0,1,0,1,-4.776081025
YCL067C,0.339194258,0.504083826,-0.068771989,0.96229846,2.369611127
YCL068C,-8.301080057,0.000705734,0.104549695,1,-1.037490851
YCL069W,0.134458159,0.908127477,-0.716274871,0.34522966,-1.210590957
YCL073C,0.408781792,0.754200803,1.081829908,0.210511215,-2.306838262
YCL074W,5.764230786,0.003611155,6.281115601,0.000535666,-2.97252636
YCL075W,4.289488796,0.127182818,0,1,-4.310738955
YCL076W,4.897573032,0.051458126,4.77312144,0.060850037,-3.727877706
YCR001W,0.268504615,0.756586859,0.130723099,0.934628606,-0.671695375
YCR002C,-0.249613749,0.608579844,0.126838888,0.841252963,6.016888738
YCR003W,0.320630124,0.515711941,-0.036056566,1,2.990371113
YCR004C,-0.47727887,0.254128921,-0.45322812,0.282608181,6.339795661
YCR005C,-0.403538933,0.341901418,0.51967147,0.192841623,8.005666489
YCR006C,0.96398822,0.088528281,0.154028709,0.903821883,0.098794419
YCR007C,-1.137120266,0.024669393,-0.876027855,0.093793628,1.754391911
YCR008W,0.722208526,0.054885732,0.637485752,0.088187567,5.784220899
YCR009C,-0.464259688,0.216458861,-0.867921749,0.007528585,5.019204117
YCR010C,-0.084901911,0.929158852,0.017376099,1,1.674969976
YCR011C,-0.344951936,0.49882206,-0.391822019,0.432540033,6.767780227
YCR012W,-1.474170331,0.002217024,-1.139709276,0.021519668,14.24163706
YCR013C,-1.385913919,0.010987724,-0.954275335,0.093816348,10.08018424
YCR014C,-0.814938503,0.080026455,-1.018429499,0.019701927,2.208584402
YCR015C,-0.422232067,0.36715418,-1.075030197,0.00546184,2.302704902
YCR016W,0.53279026,0.360886461,-0.288453648,0.684952839,3.476965099
YCR017C,0.028637105,1,0.276329992,0.659038268,9.774782299
YCR018C,-0.100384725,0.843108546,-0.333236439,0.367530147,3.874016432
YCR018C-A,0.177000103,0.771240491,0.645167342,0.152142645,2.016710147
YCR019W,-0.267689032,0.556785602,-0.165388151,0.761219226,2.731949346
YCR020C,-0.097917482,0.912976697,-0.024312157,1,1.752309046
YCR020C-A,0.093697811,0.870023452,0.178989471,0.715611886,3.869237194
YCR020W-B,0.596531461,0.235329056,0.057767209,0.974850577,2.704194574
YCR021C,0.594796675,0.091247936,0.625545583,0.06249269,3.935882416
YCR022C,-0.889254418,0.05474238,-0.618278051,0.21046047,1.029452129
YCR023C,-0.030529801,0.995531275,0.012635291,1,6.605789822
YCR024C,-0.603760253,0.076916781,-0.035078704,0.990421462,3.390998775
YCR024C-A,0.695637466,0.063456091,1.052541257,0.001858797,7.948274306
YCR024C-B,0.632683422,0.171399253,1.128701684,0.005166689,8.742184517
YCR025C,-1.029584832,0.033121882,-0.346461058,0.579346152,0.74902491
YCR026C,0.383555604,0.320866366,0.267621632,0.530994528,4.359907267
YCR027C,0.219898339,0.596260191,0.644657935,0.046664936,3.804853268
YCR028C,0.152652556,0.795124164,0.310204765,0.540142542,7.149956297
YCR028C-A,0.199542889,0.721629089,0.52390159,0.246088082,6.608062466
YCR030C,-0.167131388,0.791612448,0.767514626,0.081626299,6.766339357
YCR031C,0.128300406,0.824233555,0.25434864,0.615415512,10.93262816
YCR032W,-0.766875704,0.035523677,-0.198188502,0.69519702,3.963798632
YCR033W,0.151239034,0.721629089,-0.176086008,0.678429629,3.477738007
YCR034W,0.260503515,0.574752182,0.465968464,0.255272946,9.414234616
YCR035C,-0.226331446,0.595618284,-0.405454472,0.283935817,3.93625442
YCR036W,0.28112605,0.483514608,0.16897167,0.722520134,4.486676415
YCR037C,-0.168516703,0.769269765,-0.033942771,1,5.928182921
YCR038C,0.064460179,1,1.476983674,0.599362739,1.61915997
YCR038W-A,0,1,0,1,-4.776081025
YCR039C,0.302983031,0.551599587,-0.036497775,1,2.442629931
YCR040W,0.537633162,1,1.319722671,0.718518093,-4.179450313
YCR041W,-1.441500703,0.001013045,-1.139327465,0.011492689,1.047617925
YCR042C,-0.092487754,0.866632222,-0.656173399,0.046661407,3.718605719
YCR043C,0.284372071,0.54770062,0.936166212,0.010420898,5.734026616
YCR044C,-0.316521628,0.536131077,-0.140441818,0.835970513,7.012694541
YCR045C,-0.531127477,0.207044042,-0.055280103,0.966803505,5.098389372
YCR045W-A,0,1,0,1,-4.776081025
YCR046C,-0.262857416,0.577636408,-0.149301348,0.798071197,4.323423493
YCR047C,-0.390798249,0.322942877,-0.17669218,0.723141617,3.943149576
YCR047W-A,0,1,0,1,-4.776081025
YCR048W,-0.135642334,0.866159125,0.000671082,1,7.208509378
YCR049C,-0.041306945,0.996350403,-0.16146223,0.84672938,4.494525119
YCR050C,-0.309170102,0.571247706,0.120167933,0.885116193,3.619012831
YCR051W,-0.744121523,0.123534026,-0.460769366,0.382906019,6.087427315
YCR052W,-0.031512946,0.991344067,-0.230441018,0.623391659,4.038032624
YCR053W,0.510357145,0.314545617,0.690627809,0.140911893,8.922944946
YCR054C,0.282179167,0.573299098,0.317093882,0.527860082,3.543701964
YCR057C,0.448907283,0.297083281,0.375672057,0.400251778,5.43241465
YCR059C,-0.296564078,0.506724761,0.101012052,0.882002935,6.708564328
YCR060W,0.072531888,0.905246117,-0.098992587,0.862347522,4.258150547
YCR061W,0.551791177,0.282532779,1.322199176,0.002015121,5.919986183
YCR063W,-0.187303785,0.758852497,-0.079236633,0.942996864,1.108875802
YCR064C,-0.92250856,0.198230969,-0.421729804,0.628697663,0.36832324
YCR065W,0.614639154,0.058661349,0.728046002,0.017160726,4.445113692
YCR066W,0.902820462,0.229225873,0.300396845,0.761498861,1.365395006
YCR067C,0.085534587,0.906327357,0.520744626,0.211696376,7.714292362
YCR068W,0.36617348,0.571247706,0.556038144,0.351361263,6.428622262
YCR069W,-0.012241019,1,0.621790317,0.133352117,7.699650871
YCR071C,0.35227133,0.426918189,0.185797528,0.732011468,2.900651449
YCR072C,0.07642393,0.893916465,-0.115796121,0.824530016,4.232756623
YCR073C,-0.461287991,0.226531598,-0.164158397,0.740998886,4.888274865
YCR073W-A,-1.141948525,0.016319305,-0.613240306,0.246088082,5.481307603
YCR075C,-0.525776517,0.254419698,-0.514003216,0.26491522,5.674929043
YCR075W-A,0.437870626,0.349807942,0.383401435,0.434433582,1.752009454
YCR076C,-1.23846648,0.018123476,-1.153504699,0.025509279,4.192384459
YCR077C,0.448678456,0.261853344,0.777036402,0.026345037,6.497258542
YCR079W,-0.227284007,0.736189039,0.40765331,0.50414554,6.35299745
YCR081C-A,0,1,0,1,-4.776081025
YCR081W,0.398144736,0.339600816,0.745093619,0.037581042,3.231959312
YCR082W,0.004126213,1,-0.13089023,0.813994556,5.015401614
YCR083W,0.416926895,0.352947669,0.504940971,0.23944242,4.098748598
YCR084C,0.307356131,0.54770062,0.572262697,0.199231432,8.272664369
YCR085W,0.165036728,0.846162658,-0.116961036,0.948838305,-0.282314577
YCR086W,-0.362718286,0.54770062,-0.498561737,0.381527916,2.045654978
YCR087C-A,0,1,0,1,-4.776081025
YCR087W,0.116109038,0.863925052,-0.387390408,0.442047965,3.299130745
YCR088W,-0.609074387,0.137841536,-0.808321689,0.032130066,5.355865838
YCR089W,-0.180783668,0.761481342,-0.231497815,0.696417144,6.171235251
YCR090C,0.148455547,0.813839602,-0.506122212,0.28545993,4.63821546
YCR091W,0.723780475,0.232225482,0.026749977,1,1.437920573
YCR092C,0.067871122,0.912367131,0.041505512,0.975276707,3.120738606
YCR093W,1.028213929,0.005440284,1.54865344,7.65E-06,4.721097112
YCR094W,0.365053732,0.36559737,-0.001534125,1,4.916931723
YCR095C,0.376327741,0.402934699,-0.314641593,0.519294133,3.248964791
YCR095W-A,0.370937978,0.67540726,0.300193527,0.77412589,-1.215379637
YCR096C,0.138777385,0.857249077,-0.107080489,0.921342729,1.518918633
YCR097W,0.58458834,0.143815375,0.08322167,0.91404191,3.868090064
YCR097W-A,0.298536882,0.769643491,-0.04094121,1,-1.678187633
YCR098C,-0.863338394,0.087191803,-1.133623571,0.014881967,3.063162258
YCR099C,0.518551248,0.32295966,1.069326905,0.015862505,1.336706759
YCR100C,0.569816663,0.315715706,0.893488771,0.075474066,1.744457362
YCR101C,0.959486319,0.238168385,0.831687239,0.324007799,0.524315873
YCR102C,-0.067536221,0.928656959,0.730364378,0.031300704,2.723719172
YCR102W-A,-0.435281596,0.611366634,-0.145294857,0.932922773,-1.163015682
YCR104W,-0.222922426,0.86652559,0.178841303,0.900567855,-0.503927242
YCR105W,0.11536889,0.804535008,0.213901089,0.609978656,3.192524768
YCR106W,0.390928105,0.520518022,0.442751095,0.464768184,3.376569496
YCR107W,-0.24553175,0.54494938,0.337724518,0.378264599,3.603655319
YCR108C,0.177582574,1,-0.619920617,0.887581419,-4.046282404
YDL001W,0.530616231,0.268501339,-0.15773772,0.829957785,2.432185222
YDL002C,0.170491494,0.729447073,-0.551475286,0.151054409,3.567171114
YDL003W,-0.262637324,0.523876236,-0.595982404,0.082911044,3.173819857
YDL004W,1.036615763,0.002024009,1.2559156,0.000122763,6.445581331
YDL005C,0.569201431,0.13380327,-0.254141411,0.591923058,3.148118677
YDL006W,-0.170933977,0.674570721,-0.473620857,0.13958046,3.825895818
YDL007C-A,-2.465848979,0.169464224,-2.493119725,0.208524495,-3.676494487
YDL007W,-0.247493816,0.60725556,-0.852180388,0.02017158,5.193811241
YDL008W,-1.164208278,2.03E-05,-1.018797671,0.000285638,3.767685086
YDL009C,-0.566892587,0.28288387,-1.107354358,0.016076378,1.717936344
YDL010W,-0.054399473,0.952436194,-0.748844236,0.027996138,3.734492833
YDL011C,-0.103768616,0.905725479,-0.984188332,0.029006134,1.922636238
YDL012C,0.024374733,1,0.701108722,0.045240686,3.387376125
YDL013W,0.780691612,0.022577245,0.358468335,0.374418905,2.946499797
YDL014W,0.398666312,0.343701015,0.311025608,0.494059829,8.621745807
YDL015C,0.04897242,0.968579472,0.177583966,0.744331975,8.970384009
YDL016C,-0.619226218,0.499461415,0.169330713,0.91404191,4.55692694
YDL017W,-0.00384003,1,-0.01469043,1,2.172236921
YDL018C,-0.109187497,0.81633437,-0.482453362,0.137713746,4.273228232
YDL019C,-0.183263353,0.731582043,-0.062731543,0.954645067,4.5742244
YDL020C,1.121650012,0.000750302,0.87406802,0.010852946,4.42084106
YDL021W,-1.922680275,2.33E-07,-1.902259574,3.77E-07,3.850343738
YDL022C-A,0.612806229,0.830666119,0.466130154,0.936135563,-3.649285114
YDL022W,0.177851163,0.731102434,0.839038572,0.022544424,7.256571898
YDL023C,0.29534079,0.500448991,0.73529825,0.038440793,4.707553658
YDL024C,1.528512949,0.391344792,1.14811096,0.55290469,1.414244691
YDL025C,0.548819257,0.121630586,0.603299835,0.073339758,3.576675168
YDL025W-A,0,1,0,1,-4.776081025
YDL026W,0.295418539,0.721635062,0.884798698,0.134287954,-0.265274955
YDL027C,0.189463473,0.678909564,0.725329028,0.030150841,4.341641058
YDL028C,0.767380147,0.122352375,0.152955965,0.85025174,2.156431922
YDL029W,-0.244218639,0.600233911,-0.22245344,0.659038268,6.062143283
YDL030W,-0.746029918,0.024121304,-0.760444973,0.018620714,3.032478121
YDL031W,0.795135558,0.109357557,-0.163767141,0.833070634,3.606134572
YDL032W,0.73054339,0.448732609,-1.229944712,0.201191893,-1.685368832
YDL033C,-0.406681972,0.340615409,-0.162932656,0.766230947,2.883067097
YDL034W,0.713790217,0.571160913,0.682407557,0.617019809,-0.203441696
YDL035C,0.571239821,0.131952726,0.312746252,0.472436088,4.722840836
YDL036C,-0.470529248,0.209775525,-1.120996924,0.000411824,3.532437962
YDL037C,1.366826751,0.047721668,1.046771746,0.13958046,2.229509672
YDL039C,0.658347061,0.160107344,1.137888541,0.005693522,4.078287703
YDL040C,-0.179362055,0.710092395,-0.73752614,0.033868603,5.348470768
YDL041W,-0.059454563,0.999637549,0.033899224,1,-0.075451262
YDL042C,0.181517115,0.687998764,0.554308818,0.109101113,3.553699155
YDL043C,0.299355766,0.616724996,-0.717729424,0.152375423,2.616031052
YDL044C,0.148785263,0.802960598,-0.445830514,0.340753858,2.076698268
YDL045C,-0.035416648,0.981899136,-0.139928039,0.765440813,3.568713753
YDL045W-A,0.636440952,0.210020931,0.495228615,0.357288414,2.97516537
YDL046W,-0.380873522,0.544035421,-0.002959252,1,9.444289847
YDL047W,0.358087296,0.335222727,0.714027342,0.023834692,5.154870722
YDL048C,0.068902167,0.963179354,1.456785463,0.001481568,4.623785962
YDL049C,0.293170701,0.506611251,0.803038114,0.022403947,3.076954265
YDL050C,0.262572286,0.719015384,-0.411940295,0.553889872,2.251555798
YDL051W,0.382989328,0.519204885,-0.460175072,0.42794869,5.814445242
YDL052C,0.53292475,0.218740659,0.422880985,0.353342769,6.79872377
YDL053C,0.330368724,0.438447802,-0.190470079,0.713703546,4.249304354
YDL054C,0.012520573,1,0.538969422,0.194011001,7.27700248
YDL055C,-0.100363703,0.872010196,-0.182068955,0.734166954,9.584674128
YDL056W,1.212736214,0.023897566,0.307429002,0.680776002,2.040106885
YDL057W,-1.0769382,0.032405524,-0.838609814,0.103462437,2.030915528
YDL058W,-0.141373527,0.795136303,0.107167896,0.877505887,3.86918214
YDL059C,-0.283031933,0.644341121,-0.942828011,0.045578234,1.642667197
YDL060W,0.441991635,0.373706682,-0.499258766,0.307507084,3.982537373
YDL061C,0.879055621,0.061253199,1.109838145,0.01095125,9.207066319
YDL062W,0.761914393,0.317601006,0.043045219,1,0.715569293
YDL063C,0.440046399,0.440554756,0.026365133,1,4.112491321
YDL064W,-0.223188166,0.586067391,-0.166733802,0.722520134,4.074063728
YDL065C,0.620763122,0.153687852,0.041349247,0.991084328,3.180613952
YDL066W,0.248644432,0.621520629,0.628871641,0.123107507,7.872247233
YDL067C,1.108934005,0.006279618,1.550794514,5.76E-05,6.564910585
YDL068W,0.464679177,0.423525324,-0.034666373,1,0.75804944
YDL069C,0.074943929,0.95141704,-0.596349529,0.287356721,2.041115269
YDL070W,0.755475625,0.035687628,-0.359227565,0.39473195,4.340064582
YDL071C,-0.712935346,0.236912867,-0.787541958,0.180439946,2.080460642
YDL072C,0.071052323,0.936766223,0.235492862,0.670372677,8.355680077
YDL073W,0.320277225,0.485377364,0.914400299,0.011921898,5.09449477
YDL074C,0.230575755,0.659936875,-0.617118301,0.142607439,4.019627147
YDL075W,0.696910352,0.235852711,0.117232855,0.915951575,8.893883262
YDL076C,-0.091128833,0.861611558,-0.067508416,0.92448355,3.915813723
YDL077C,0.267157067,0.532934902,0.209960946,0.66077274,2.79054873
YDL078C,-1.052283591,0.008186046,-0.681881789,0.107670374,6.252907923
YDL079C,-0.964497999,0.001932888,-0.65479086,0.046590387,3.954484427
YDL080C,-0.47286812,0.191589797,-0.458993464,0.204293588,3.727750688
YDL081C,0.256703919,0.594291279,0.372224163,0.40486835,10.9033681
YDL082W,0.542292014,0.318646441,0.162562697,0.834859263,8.240293183
YDL083C,0.484714318,0.326896827,0.661205407,0.148182589,10.03969246
YDL084W,0.26096042,0.653759825,0.432411297,0.40486835,7.746847026
YDL085C-A,0.783977125,0.026805967,0.521443044,0.167418412,3.407779934
YDL085W,-1.699083774,0.000335199,-0.80212396,0.131359192,2.576505548
YDL086C-A,-1.787407964,0.549936133,-1.977823886,0.499752026,-3.752055063
YDL086W,-0.919769303,0.022549594,-0.404048572,0.392569309,7.342875809
YDL087C,-0.660350461,0.209775525,-0.77298024,0.125354741,1.42339197
YDL088C,0.40753044,0.252368057,0.438126777,0.208752573,3.424688437
YDL089W,0.321021003,0.459359405,0.426585117,0.297369645,3.396454086
YDL090C,-0.130901624,0.794352738,-0.09851253,0.874539654,3.838568587
YDL091C,0.798416649,0.019900056,0.394852002,0.317247543,2.780260769
YDL092W,0.26278314,0.658134952,-0.181403703,0.797447707,4.540681341
YDL093W,0.464501109,0.243577777,0.505721953,0.191520878,6.082831476
YDL094C,0.240506255,0.65217363,0.454484378,0.329081105,1.78519425
YDL095W,0.446212967,0.314008678,0.323679318,0.502902656,8.519976436
YDL096C,1.168304389,0.086103661,0.17537534,0.88572861,3.797008187
YDL097C,-0.083779997,0.906327357,-0.578988977,0.141252947,5.355512662
YDL098C,0.545750491,0.345364359,0.095901537,0.932487984,2.021475786
YDL099W,-0.071859521,0.933495674,-0.794318744,0.039955918,3.498149701
YDL100C,-0.663474593,0.099092534,-1.067385835,0.002893339,6.730590463
YDL101C,0.141380087,0.783431239,-0.217846457,0.657194977,2.9177992
YDL102W,0.212840085,0.614316329,0.411052657,0.262920975,3.592700937
YDL103C,-0.317350474,0.406258408,-0.772354575,0.013980799,3.790265411
YDL104C,-0.851274681,0.035784257,-0.841307861,0.034633034,2.366634918
YDL105W,-0.978467227,0.032326369,-1.235530633,0.004459118,1.858754627
YDL106C,0.402668773,0.381268748,0.630312519,0.126971797,2.768511027
YDL107W,-0.134253038,0.826306812,-0.437763326,0.338889777,2.237859362
YDL108W,-0.500434056,0.113795943,-0.693003285,0.01652273,3.636161884
YDL109C,-1.80185589,0.000915665,-1.591619382,0.003682512,2.819488859
YDL110C,-0.765916749,0.064065925,-0.293349023,0.568965678,3.274162177
YDL111C,0.238597862,0.621766881,0.246641778,0.627006617,4.994893839
YDL112W,0.194777381,0.674570721,0.714367296,0.037424421,5.197851229
YDL113C,0.491522652,0.301074553,-0.069843604,0.958500928,2.985268202
YDL114W,-1.521433497,0.029790289,-1.033822065,0.152853043,-1.052590863
YDL114W-A,-0.512615423,0.749985045,0.044506888,1,-3.007341662
YDL115C,-0.037732833,0.975155942,-0.261768104,0.498405124,3.114866351
YDL116W,0.466031354,0.232225482,0.366757795,0.374418905,4.307750393
YDL117W,0.315189269,0.378430127,-0.094325191,0.866997361,3.73670831
YDL118W,0.961527469,0.128952586,-0.082235026,1,-0.465145088
YDL119C,0.087662993,0.930947777,-0.188629792,0.813994556,1.791556388
YDL120W,-0.274490694,0.477704203,-0.191645927,0.663891828,4.900123482
YDL121C,0.163767779,0.790303215,-0.571019956,0.215894673,5.720120316
YDL122W,0.728526103,0.093798805,0.279167306,0.610686475,4.237222791
YDL123W,-0.440576091,0.404655277,0.020702165,1,5.470715791
YDL124W,-1.374797266,0.000601888,-0.862837975,0.04271802,5.738962405
YDL125C,-0.383053228,0.467497644,-0.293849647,0.616436969,8.686294106
YDL126C,-1.063228666,0.023949094,-0.851344365,0.073409516,7.927824394
YDL127W,-0.688999449,0.072762785,-0.882137783,0.013497802,2.766710658
YDL128W,0.449377829,0.286874361,0.549511153,0.168045219,8.368637472
YDL129W,0.916029351,0.02242797,-0.374075341,0.455753826,2.271083722
YDL130W,0.728916158,0.083084009,0.759481429,0.057911043,10.75312658
YDL130W-A,-0.185208469,0.768828867,0.256655699,0.673221703,3.921780429
YDL131W,-0.830070166,0.027671874,-0.37416702,0.396019602,6.961890884
YDL132W,-0.747321944,0.047298916,-0.927348764,0.008455504,4.751808531
YDL133C-A,0.593534443,0.21273535,-0.097643363,0.91404191,7.04483706
YDL133W,0.401597951,0.243043498,0.26800624,0.486007289,3.596910952
YDL134C,-0.236554081,0.60182296,0.280570081,0.5304393,6.100537157
YDL135C,-0.340693251,0.398857511,-1.042568497,0.001155493,5.082773957
YDL136W,0.446774036,0.433942761,-0.058153816,0.981100312,8.257286435
YDL137W,0.098139046,0.882821052,0.337113708,0.474107281,7.430108801
YDL138W,0.525834708,0.181439448,0.864817288,0.012767801,5.359115228
YDL139C,-0.719653753,0.106456388,-0.608051425,0.178105434,2.08351988
YDL140C,0.186800283,0.732363578,0.384296512,0.415989864,7.947703728
YDL141W,0.036515402,0.985071117,0.3525603,0.392569309,6.081954065
YDL142C,-0.151123392,0.743595661,0.238740078,0.579797201,4.199414059
YDL143W,-0.037423066,0.981899136,-0.387891909,0.329081105,6.281286241
YDL144C,-0.943947082,0.094910367,-0.190672083,0.824530016,6.353067076
YDL145C,0.435760157,0.32295966,0.776644856,0.042589202,8.214916681
YDL146W,-0.717455319,0.030711694,-0.247650821,0.558108084,5.497249768
YDL147W,-0.16763918,0.768097789,-1.096240111,0.00361445,5.51225186
YDL148C,0.851601038,0.094910367,-0.304322655,0.651437075,3.40440561
YDL149W,-0.03929162,0.984838088,-0.292509646,0.555473769,2.616500792
YDL150W,0.370916549,0.468150416,-0.462823051,0.361594464,2.808151088
YDL151C,0.196257898,0.846779502,-0.932659357,0.171359137,1.035685993
YDL152W,2.577519655,0.001078745,0.695800341,0.577230458,-1.609523904
YDL153C,0.909303682,0.097106647,-0.351529894,0.617019809,3.452059609
YDL154W,0.327584755,0.577314492,0.621969506,0.228627722,0.964172869
YDL155W,0.875334218,0.01620398,-0.072467982,0.940902931,2.758302174
YDL156W,0.227153719,0.738986537,-0.482844874,0.408647244,1.143413435
YDL157C,-0.185550379,0.691069379,-0.457553027,0.226015317,5.492938065
YDL158C,-0.048918347,0.967306206,-0.305498346,0.502462285,2.860580623
YDL159C-B,0,1,0,1,-4.776081025
YDL159W,0.486147059,0.338735352,-0.231700532,0.724388148,2.476717808
YDL159W-A,1.881311587,0.035525768,2.005742377,0.019043181,-1.710223998
YDL160C,1.449327016,0.000359286,1.497420558,0.000235828,5.276164667
YDL160C-A,-0.372492301,0.371599428,-0.7876556,0.026173464,2.659838888
YDL161W,-0.094547725,0.845784325,-0.244827989,0.52295098,3.682202737
YDL162C,0.556206162,0.691644019,0.668153347,0.631985032,-2.109745164
YDL163W,0,1,0,1,-4.776081025
YDL164C,-0.227030207,0.532338278,-0.449180987,0.150066889,3.873836763
YDL165W,-0.364092268,0.315313504,-0.215766298,0.613234691,3.869433638
YDL166C,0.271555702,0.554497899,-0.463663757,0.265824416,3.927885904
YDL167C,0.689095526,0.093545989,-0.12362054,0.857757105,4.167827085
YDL168W,-0.268826889,0.513641889,-0.047727464,0.969468494,5.474628171
YDL169C,-0.029185746,1,0.031777609,1,1.973364272
YDL170W,0.336078128,0.408764178,0.593622669,0.093816348,4.760501457
YDL171C,-0.533657752,0.446532517,0.391464584,0.620285362,8.990035868
YDL172C,0.543958303,0.382223302,0.052628913,1,1.721084903
YDL173W,1.23826332,0.000180883,0.43078408,0.293747544,3.496326071
YDL174C,-0.601426197,0.187525134,-0.496783267,0.292046988,5.929673571
YDL175C,-0.758955498,0.068149263,-1.045916614,0.006553293,2.445282399
YDL176W,0.365872149,0.327332672,0.174273412,0.708867534,3.104681464
YDL177C,0.467172586,0.373662114,0.16640981,0.822156181,2.221629333
YDL178W,-0.222705135,0.595618284,0.090977948,0.882869949,4.848856803
YDL179W,-0.134971788,0.780852903,-0.378793348,0.317247543,3.243647705
YDL180W,0.860406889,0.011423968,1.283713043,5.16E-05,5.712281877
YDL181W,1.643084447,0.000207732,2.210151127,3.02E-07,4.661919591
YDL182W,-1.427431568,0.000991423,-0.912063045,0.04675032,7.929253402
YDL183C,-1.00627878,0.017267888,-0.858896509,0.043912525,2.075488071
YDL184C,0.226773401,0.659242336,0.173443837,0.761219226,8.024479354
YDL185C-A,0.459122296,0.504083826,0.313519356,0.691650815,3.345248685
YDL185W,-0.035310881,0.991344067,0.156253874,0.793306502,10.07089115
YDL186W,-2.781813467,2.45E-13,-1.815899326,2.31E-06,3.749676644
YDL187C,-2.444388605,0.000126782,-1.440621504,0.029576224,-1.417207566
YDL188C,0.252767467,0.538980952,0.794376389,0.012586384,6.136442938
YDL189W,0.624293579,0.11185364,-0.029484469,1,3.403761788
YDL190C,0.22316882,0.625863947,0.942060133,0.004931311,5.681308057
YDL191W,0.41239797,0.407118799,-0.088947305,0.924020586,8.342700065
YDL192W,0.699327699,0.152214676,-0.200724307,0.762344498,7.618990394
YDL193W,-0.44746984,0.234073259,-0.830605376,0.010852946,4.551427605
YDL194W,0.717515138,0.029079706,0.225349591,0.611621002,2.939132926
YDL195W,-0.026899846,1,0.082512306,0.931278799,7.730226251
YDL196W,0.211311219,0.936900736,-0.856808031,0.44663785,-1.716498121
YDL197C,0.214201592,0.721635062,-0.53206694,0.281886833,2.036132097
YDL198C,-0.566995408,0.172688127,-0.242719236,0.640237467,8.699498521
YDL199C,0.556226318,0.212757372,0.817105458,0.04231692,5.16312987
YDL200C,0.412236934,0.292302942,-0.00504221,1,3.492315234
YDL201W,0.164637236,0.748980919,-0.368996898,0.403075567,3.868291778
YDL202W,0.425840284,0.319282875,-0.205435327,0.707821762,3.258865919
YDL203C,-0.030043736,0.987650379,-0.265932622,0.474195146,3.539045285
YDL204W,0.385538541,0.501684141,0.518594962,0.339360281,2.044732584
YDL205C,0.974324545,0.031012809,0.608924402,0.212536701,3.651064129
YDL206W,0.795881686,0.02014246,0.969399697,0.002693415,4.908172012
YDL207W,-0.110978869,0.804781019,-0.703068387,0.01814746,3.389215355
YDL208W,0.87405495,0.085601527,0.108886306,0.91385994,5.913255449
YDL209C,0.813559981,0.108499161,0.06857676,0.967944967,1.78700182
YDL210W,0.209407937,0.666448522,0.716753264,0.046413175,3.765900971
YDL211C,-0.238748254,0.674187383,0.480091874,0.31207546,1.767230553
YDL212W,0.529637234,0.202365816,0.354860533,0.434168044,8.039195293
YDL213C,0.660825719,0.238168385,-0.040151141,1,4.171131841
YDL214C,-2.358127625,1.39E-09,-1.894045772,1.62E-06,4.610902313
YDL215C,-0.096063908,0.875476309,0.380564981,0.368391015,5.797702172
YDL216C,-1.21259206,0.001498036,-1.310367958,0.000556533,2.516539589
YDL217C,0.142793638,0.781959462,-0.46718075,0.241274582,2.769290905
YDL218W,-0.385518355,0.428508048,0.335181955,0.515019874,2.621520897
YDL219W,0.382781908,0.424170434,-0.301059386,0.566669087,4.495479149
YDL220C,-0.497469905,0.289905686,-0.702239381,0.102391081,3.732185884
YDL221W,-0.560986063,0.34703135,-0.13131674,0.894918854,2.157447621
YDL222C,-0.085974367,0.92676278,0.378594352,0.500682164,3.555825248
YDL223C,-2.227511298,2.65E-11,-2.043859734,1.40E-09,3.901050184
YDL224C,-0.128958746,0.851578034,0.385182451,0.458038999,7.168703775
YDL225W,0.088775906,0.912971844,-0.843091313,0.045864911,3.468399089
YDL226C,0.033662726,0.985926676,-0.186572719,0.686928408,5.123866889
YDL227C,-1.007089393,0.000356938,-1.411319136,1.99E-07,4.018290535
YDL228C,-0.117780481,0.906327357,0.303954657,0.677539536,7.358340346
YDL229W,-0.023980512,1,0.130786677,0.835047333,11.86729212
YDL230W,-0.308366447,0.415824902,-0.051420626,0.955341862,3.717656869
YDL231C,0.490841573,0.20125254,0.67087651,0.056110231,6.016811118
YDL232W,0.855581655,0.068630036,1.243725229,0.003610146,5.34937044
YDL233W,-0.560993586,0.238773362,-0.562679114,0.237287486,2.485966535
YDL234C,-1.288932805,0.000150718,-1.558361636,3.03E-06,4.209163934
YDL235C,0.243575137,0.564614724,0.100656688,0.868253728,4.609131991
YDL236W,-0.255231524,0.553489837,0.109524758,0.854282953,5.96779613
YDL237W,0.111612029,0.861509782,0.421685433,0.347142763,6.980858955
YDL238C,-0.436837691,0.441219914,0.07396625,0.965510082,2.31552394
YDL239C,0.004890573,1,0.504407919,0.390380227,2.479892174
YDL240C-A,-0.788637766,0.663919247,-0.164752604,1,-3.297992216
YDL240W,0.845927001,0.029790289,0.408744965,0.369741364,2.841493418
YDL241W,-0.875958642,0.025281248,-0.383558811,0.407389308,2.53525264
YDL242W,-0.305872189,0.615367164,0.450617958,0.433404023,1.276522221
YDL243C,-0.861153734,0.007540207,0.327039278,0.404782707,3.69239746
YDL244W,-0.163448567,0.771113535,0.06997703,0.946698615,4.370579823
YDL245C,0.715565979,0.121164879,0.691612237,0.131359192,1.641824169
YDL246C,0.503570076,0.241431196,0.243374323,0.651448886,2.091535033
YDL247W,0.073807693,0.901783834,0.521243271,0.116343382,3.305062499
YDL247W-A,0.296977401,0.68921895,0.714967272,0.233369759,-0.310461665
YDL248W,0.220079528,0.657320817,0.180726248,0.73758198,5.015400734
YDR001C,-0.373188785,0.432764324,-0.30475491,0.551406822,5.106094009
YDR002W,0.30375614,0.597471407,-0.594222894,0.233094137,6.690750627
YDR003W,-0.009282055,1,0.211349532,0.678836098,4.948514833
YDR003W-A,0.053970655,0.971785333,0.251930554,0.663006417,2.449262098
YDR004W,0.068477997,0.909517311,-0.131669648,0.784772264,3.213805661
YDR005C,-0.147882047,0.752837848,0.04729347,0.967179058,3.760906368
YDR006C,0.806409627,0.049808376,1.186266331,0.001544898,4.348370562
YDR007W,-0.405067705,0.275668063,-0.222648478,0.61520305,4.803409312
YDR008C,-0.255159628,0.712251833,0.18137701,0.834174743,0.700889663
YDR009W,-0.143744616,0.769211188,0.37537851,0.351029606,3.024752863
YDR010C,-0.57796069,0.331498766,0.300070544,0.680776002,1.278303611
YDR011W,0.838490663,0.038093364,0.854407601,0.029255546,7.527688053
YDR012W,-0.159403784,0.803720892,-0.054741731,0.976457957,12.19201948
YDR013W,-0.269469094,0.491231551,-0.301308338,0.435172259,3.256432385
YDR014W,0.614053174,0.247558085,-0.336965312,0.611128693,1.414330731
YDR014W-A,0.667248749,0.298757878,0.859465011,0.152755491,-0.493174534
YDR015C,2.726331338,0.721629089,0,1,-4.62031503
YDR016C,-0.176541146,0.68827876,-0.417701021,0.245147764,3.226542704
YDR017C,-0.2429819,0.55084805,-0.802892869,0.010973539,3.768576848
YDR018C,0.87502895,0.047298916,0.461124443,0.365513917,1.849270797
YDR019C,-1.399897327,0.005797101,0.01564688,1,5.841806382
YDR020C,-1.166050266,0.000833515,-1.263060282,0.000272355,3.540204641
YDR021W,0.362858093,0.566178133,-0.86325794,0.106184001,2.329813651
YDR022C,-0.653355889,0.118388508,-0.664055334,0.102632097,2.600289357
YDR023W,0.065739099,0.951045128,-0.772779271,0.070404232,6.752553166
YDR024W,0.554650999,0.225573743,0.480143164,0.314548538,1.093995906
YDR025W,0.322208044,0.509063089,0.423374095,0.362783775,8.815135908
YDR026C,0.737109558,0.098673175,0.148633743,0.8275851,2.920157777
YDR027C,0.211340122,0.606026217,-0.165363853,0.72696135,3.159388453
YDR028C,0.714268599,0.035820935,0.047216941,0.970270546,4.065315734
YDR029W,0.951807201,0.309875944,-0.012882295,1,-0.021984464
YDR030C,-2.622504356,3.92E-09,-2.585026413,7.90E-09,4.330281802
YDR031W,0.133676796,0.814827583,-0.308285585,0.523577936,2.90911527
YDR032C,-0.554960219,0.272453483,-0.145172166,0.849278721,8.718269137
YDR033W,1.080750818,0.022996244,1.461569614,0.000993778,10.34907201
YDR034C,0.079792739,0.884381102,-0.335237734,0.364234074,4.035728837
YDR034C-A,-0.40004795,0.749597269,-0.454225134,0.724388148,-2.279641756
YDR034C-C,-0.929982298,0.321354878,0.0584121,1,-0.502841096
YDR034C-D,-0.311730995,0.396431896,-0.720118572,0.018502727,4.336684937
YDR034W-B,0.425777272,0.462789379,1.240331162,0.006654382,2.047652993
YDR035W,0.074855401,0.910707431,0.037194512,0.990102852,6.8516983
YDR036C,0.073054603,0.91617172,0.403598516,0.319079913,3.750684215
YDR037W,0.037080817,0.985697841,-0.159977383,0.767066378,8.22529885
YDR038C,-0.297002191,0.617154697,-0.25706257,0.690411641,7.344106647
YDR039C,-0.460213208,0.409677773,-0.377655099,0.525252192,7.442582727
YDR040C,-0.710367667,0.181439448,-0.532731896,0.342640354,7.74867373
YDR041W,0.588371861,0.162241775,0.014979233,1,3.3956561
YDR042C,-1.384133236,0.005065263,-1.48147853,0.002342969,2.155550027
YDR043C,-0.561533675,0.18665029,-0.126918448,0.848111947,2.407987718
YDR044W,0.114395258,0.852272774,0.042752012,0.987100268,6.815534723
YDR045C,0.632272401,0.153336027,0.056381581,0.970175725,4.085357756
YDR046C,0.796822341,0.027106586,1.249220093,0.000156535,7.928387937
YDR047W,-0.765099602,0.043111036,-0.439706759,0.293177245,5.804135779
YDR048C,0.013531326,1,-0.575806519,0.728314902,-1.838425728
YDR049W,0.741883291,0.153614795,-0.089762297,0.947773423,2.363822653
YDR050C,-1.148036462,0.000964643,-0.510553321,0.206563193,11.52974678
YDR051C,0.195638469,0.639177519,-0.327700728,0.386495657,4.05069331
YDR052C,0.487558116,0.302943462,-0.384981604,0.453045966,2.865084043
YDR053W,0.875671883,0.436487357,-0.636861475,0.635631396,-1.041290358
YDR054C,0.525430893,0.152803753,-0.328505714,0.425274473,3.690488041
YDR055W,0.704552452,0.061672143,1.656291679,3.02E-07,7.760071221
YDR056C,0.267901096,0.545590387,-0.199678892,0.690466403,5.16218579
YDR057W,0.576599478,0.092710026,0.207894289,0.638593356,3.650125764
YDR058C,0.507675777,0.277873647,0.198268994,0.740988393,2.779622397
YDR059C,-0.307312663,0.612661107,0.48632436,0.380910013,6.618190083
YDR060W,0.826344624,0.093545989,-0.030256639,1,4.296056857
YDR061W,-0.325956112,0.374107556,-0.295157196,0.439209495,3.396806382
YDR062W,0.571271221,0.123961057,0.587103729,0.101719466,7.457703302
YDR063W,-0.281745565,0.493423993,-0.36193247,0.355631126,4.765362709
YDR064W,0.685052609,0.148608317,0.611740464,0.198851445,10.66111148
YDR065W,-0.159281859,0.81633437,-0.954409055,0.033268648,2.304777062
YDR066C,-0.225540824,0.680550343,-0.384674887,0.43131295,2.110244974
YDR067C,-0.354853693,0.343470175,-0.229658492,0.595936653,3.344911073
YDR068W,0.207043009,0.672710374,-0.142074635,0.813994556,3.547565494
YDR069C,0.744574302,0.029101728,1.182672712,0.000146104,3.842065616
YDR070C,-0.606692405,0.244974527,0.086823076,0.942545475,1.457549386
YDR071C,0.348258302,0.534135914,-0.222987691,0.734166954,5.845592193
YDR072C,0.736626117,0.038593184,1.087485105,0.000861908,7.110343976
YDR073W,0.129908278,0.768485361,-0.153564058,0.734166954,3.505572728
YDR074W,0.325210443,0.506611251,0.506496856,0.25507307,5.009450214
YDR075W,0.355488633,0.438600947,0.013558829,1,3.017969416
YDR076W,-2.326307189,9.10E-06,-2.459992701,2.63E-06,5.202526332
YDR077W,1.110403361,0.040688296,1.621506562,0.001186511,12.37755298
YDR078C,-0.300497448,0.53856355,-0.326642846,0.506048515,2.496288642
YDR079C-A,0.019242619,1,-0.603247872,0.061738968,3.232931915
YDR079W,0.456615129,0.197973795,0.395967042,0.279305665,3.038182814
YDR080W,0.128654361,0.804535008,-0.606924528,0.08756471,3.90848528
YDR081C,0.662307747,0.026249452,0.484000598,0.120863304,3.271664063
YDR082W,0.630058093,0.160107344,0.052141138,0.97516397,2.591818221
YDR083W,0.342101497,0.494929693,-0.784807886,0.060080711,3.88525196
YDR084C,0.155942602,0.771240491,0.160903825,0.773345429,6.477023134
YDR085C,-0.468984177,0.183057385,-0.602628256,0.066173272,3.405381346
YDR086C,0.29284376,0.51239499,-0.428892556,0.301853058,5.814194
YDR087C,-0.568462867,0.110771456,-0.861905836,0.006950818,4.684160416
YDR088C,0.488657581,0.350508983,-0.330713128,0.585479788,1.939322471
YDR089W,-0.473592117,0.187061749,0.049197134,0.964584813,4.319991942
YDR090C,0.411676966,0.280748297,0.981247331,0.001944149,5.552358653
YDR091C,0.20288202,0.703061126,0.671875225,0.093816348,7.460573746
YDR092W,-0.247562147,0.54954063,-0.394291081,0.293892124,5.523897611
YDR093W,-0.341620927,0.541090893,-0.176709938,0.801132671,7.289561881
YDR094W,-0.442081887,0.673251262,-0.15360509,0.938980202,-0.908960397
YDR095C,-0.32514734,0.75063473,-0.368475256,0.721328598,-1.726315264
YDR096W,1.177596113,8.51E-05,1.746082834,1.27E-09,4.402713435
YDR097C,-0.016653045,1,-0.443218198,0.190063608,3.478525251
YDR098C,-0.698670983,0.054885732,-1.00984567,0.002372096,5.345830779
YDR098C-A,-0.345950013,0.851578034,3.649227413,0.001377972,1.780594088
YDR098C-B,0.154089179,0.843821485,-0.36504695,0.563479586,5.901095921
YDR099W,0.288853512,0.51552935,0.524449337,0.178539804,6.285209994
YDR100W,-0.126956049,0.854988691,-0.256639547,0.663029838,7.518605709
YDR101C,0.353649669,0.509063089,0.173626971,0.799071935,5.80491481
YDR102C,-0.560744853,0.564818355,-0.488424621,0.660314031,-0.729652038
YDR103W,0.482059354,0.199409717,0.966180464,0.002719946,4.28265259
YDR104C,0.512335046,0.236982899,-0.198036136,0.729375684,2.255350385
YDR105C,0.225131297,0.624850116,0.264250032,0.564649002,7.165737167
YDR106W,-1.412834439,0.001643595,-1.900129791,1.73E-05,1.16170814
YDR107C,0.731343979,0.041809401,0.751547169,0.030380975,6.327469654
YDR108W,0.348211687,0.409880001,0.512449408,0.186093337,3.322816064
YDR109C,0.153374436,0.786430083,-0.465688391,0.297053102,2.884208503
YDR110W,-0.278914518,0.463087833,-0.810735382,0.007471417,3.58730984
YDR111C,-0.872013113,0.003932378,-0.933947727,0.001654594,4.535885306
YDR112W,-0.652084698,0.159517302,-0.94020507,0.027727807,1.389204794
YDR113C,-1.795704702,1.04E-06,-1.833354376,7.02E-07,3.842320863
YDR114C,0.347712109,0.611904423,0.414369044,0.55368547,-0.366655689
YDR115W,0.290420069,0.470729783,0.29521549,0.471068,4.281198629
YDR116C,0.213958738,0.595618284,0.187639755,0.670169266,3.283029904
YDR117C,0.258748626,0.578035438,-0.454327076,0.285461088,2.969190761
YDR118W,-1.001259295,0.000658234,-1.139433803,8.49E-05,3.708540716
YDR118W-A,-1.139534779,0.090503857,-0.958116174,0.169358546,-1.028089127
YDR119W,0.99149467,0.002564198,1.029837205,0.00151951,7.63977908
YDR119W-A,0.427157442,0.608953806,1.034928742,0.098250479,-0.328624275
YDR120C,0.650956582,0.176710407,-0.382136553,0.489397379,4.343997993
YDR121W,-0.442198347,0.300051702,-1.010673166,0.004798915,2.920087864
YDR122W,0.018129988,1,0.092813063,0.892320996,4.194604373
YDR123C,-0.386740839,0.465687086,-0.076616263,0.948800636,2.489329133
YDR124W,-0.599853069,0.132329033,-0.048615224,0.973993714,3.536913022
YDR125C,-0.589903135,0.26030888,-0.231637958,0.731488944,2.834386623
YDR126W,0.034084701,0.981899136,0.114890986,0.822102111,4.755552743
YDR127W,-1.052201596,0.019663838,-0.096683241,0.921643482,8.971880375
YDR128W,0.095911083,0.851578034,-0.114513579,0.822534728,3.699749642
YDR129C,-1.155903885,0.004040817,-0.655235507,0.13825479,6.648848333
YDR130C,-0.382611972,0.404655277,-1.011353399,0.007542548,2.311841823
YDR131C,0.403208804,0.432740589,0.513300844,0.294774094,2.738312697
YDR132C,-0.27858868,0.503617848,-0.271245782,0.529865271,2.896183032
YDR133C,-0.245565431,0.84489337,-1.889049857,0.015691998,8.5444882
YDR134C,-0.566076432,0.222133566,-0.635773643,0.152802365,8.562245169
YDR135C,0.079754794,0.911861165,0.567062272,0.145160537,7.374133482
YDR136C,-0.895841476,0.197171424,-2.14787688,0.000582601,-0.424597255
YDR137W,0.092048709,0.875555871,-0.743522363,0.030380975,3.338561519
YDR138W,0.505637697,0.2180724,0.32006617,0.490835001,3.310348447
YDR139C,0.130656816,0.801397389,-0.340247454,0.420577141,4.451260107
YDR140W,-0.368711965,0.341387559,-0.075237003,0.919411934,3.440265025
YDR141C,-0.046945815,0.96812894,0.759550301,0.031797203,5.290553434
YDR142C,0.469755462,0.196596312,1.008216473,0.00109951,3.687660944
YDR143C,0.206628569,0.644366011,0.561267414,0.11387769,5.039094552
YDR144C,0.145089794,0.77948603,0.250702419,0.594976219,7.198671174
YDR145W,0.467711953,0.348189601,-0.146933561,0.843403526,3.292982294
YDR146C,0.944912649,0.05306725,-0.007482947,1,2.724483635
YDR147W,-0.239909579,0.564614724,-0.291762416,0.477668154,3.339481571
YDR148C,0.095100435,0.8752759,0.157401566,0.765824913,5.885721193
YDR149C,0.925388136,0.302943462,-2.732209326,0.021790651,-2.212654529
YDR150W,-0.257607398,0.574752182,-0.855355445,0.015956053,3.643107527
YDR151C,0.181795527,0.716332055,0.411221086,0.320858092,4.357702353
YDR152W,0.311903983,0.538927995,-0.209305336,0.724692209,4.46400031
YDR153C,0.488066673,0.297720187,-0.167730935,0.800349042,3.322893944
YDR154C,-0.657571187,0.170731176,-0.170669867,0.80609809,10.74548307
YDR155C,-0.73341294,0.116267905,-0.231639469,0.710096325,12.3380958
YDR156W,0.146041693,0.768719532,0.446505225,0.244795748,6.376394646
YDR157W,0.178061597,0.712546538,0.385039669,0.342348766,2.817843053
YDR158W,-0.352705066,0.404849509,0.062281911,0.947013217,9.82472354
YDR159W,0.761526348,0.103886276,0.078140558,0.940955827,2.604641952
YDR160W,-0.191196265,0.647827024,-0.00719728,1,4.595117034
YDR161W,0.019893864,1,-1.058370497,0.008735654,4.486770662
YDR162C,-0.118632858,0.854951867,-0.604066,0.150989429,2.760162085
YDR163W,0.478388227,0.330543693,0.115284063,0.888259132,2.240998541
YDR164C,-0.108293142,0.820831328,0.045592702,0.965568937,3.728829707
YDR165W,0.211504084,0.728729438,-0.214297037,0.738943192,4.848735559
YDR166C,0.018820848,1,0.133768841,0.777338522,3.982533163
YDR167W,0.145645905,0.767199201,-0.52954324,0.154931536,3.451022584
YDR168W,0.244585354,0.695687198,-0.599230627,0.245252558,3.955961498
YDR169C,0.726873508,0.06957355,0.66531716,0.093446142,2.806484115
YDR169C-A,-2.619755142,7.99E-05,-1.726762219,0.010209242,-0.845326871
YDR170C,0.179478326,0.68244746,0.278086801,0.493590611,4.993358152
YDR170W-A,-0.236476064,0.604135454,-0.183861483,0.72031097,4.465526631
YDR171W,-0.363894994,0.343934436,-0.417353552,0.265362018,3.593385976
YDR172W,0.688909337,0.127890625,-0.464541581,0.343028614,5.130266027
YDR173C,0.517014653,0.273767445,0.150874617,0.82225232,2.552981814
YDR174W,-0.198934529,0.678909564,-0.155448197,0.769416388,6.41573344
YDR175C,0.263044249,0.566178133,-0.205225681,0.694699606,3.066134736
YDR176W,-0.830644191,0.025713499,-1.077603802,0.002072278,3.573343831
YDR177W,-0.252472629,0.666019823,-0.630890706,0.181992989,4.232469692
YDR178W,-0.270957078,0.766986451,0.305426095,0.740739106,8.098015413
YDR179C,0.762738447,0.098558084,0.0311769,1,1.875592732
YDR179W-A,0.302840841,0.516565943,0.499056718,0.235713647,3.564197483
YDR180W,0.628592204,0.100794226,0.89503707,0.010180788,3.057017849
YDR181C,0.410995878,0.375584025,-0.430845413,0.367530147,2.617798189
YDR182W,0.67544089,0.048683463,0.586294955,0.086600882,5.209539165
YDR182W-A,-0.466488031,0.506159547,0.420665563,0.548519006,0.181035429
YDR183C-A,0.848540272,0.085096413,0.441495726,0.446698991,0.452025992
YDR183W,-0.039355841,0.98083347,-0.673141196,0.04599141,3.073172678
YDR184C,1.05656238,0.033121882,0.42322414,0.485321587,3.401585176
YDR185C,-0.471045737,0.197587274,-0.44547985,0.225831277,2.975257965
YDR186C,0.564735948,0.142413557,0.496285471,0.202148576,4.353655661
YDR187C,0.067592441,0.940388521,-0.13478812,0.827564386,3.756144854
YDR188W,-0.02951709,0.996869536,0.1703298,0.739143868,6.647898694
YDR189W,-0.025864953,1,-0.212811243,0.678836098,3.694356399
YDR190C,0.306856081,0.54770062,-0.600533828,0.174212651,4.893621239
YDR191W,-0.053632566,0.972121482,-0.218513814,0.704520103,2.157203513
YDR192C,0.004164053,1,0.370947139,0.398144025,3.227035808
YDR193W,0.200210265,0.851680887,0.127078573,0.935868683,0.342863053
YDR194C,0.838973347,0.061257489,-0.041151496,0.999508214,4.33161137
YDR194W-A,1.67648339,0.639177519,2.043143514,0.657194977,-4.180779257
YDR195W,0.055199359,0.961080019,-0.375041923,0.435536266,2.900133448
YDR196C,-0.190951047,0.655172265,-0.637353487,0.047886265,4.079385355
YDR197W,0.712284922,0.036323612,0.68499583,0.040402076,3.32172267
YDR198C,0.530446573,0.185084232,0.417019071,0.319207928,3.263742644
YDR199W,-0.160812677,0.910707431,-0.39273339,0.678836098,-0.145774801
YDR200C,1.123360691,0.021428961,0.029807942,1,2.024188618
YDR201W,0.12150911,0.85024796,-0.496101057,0.28167908,2.726968619
YDR202C,0.335167428,0.387440761,-0.257341417,0.556253205,2.956313884
YDR203W,-0.289970525,0.804781019,-0.546095226,0.57763404,-0.318702168
YDR204W,-1.537731279,0.002682095,-1.149590386,0.029979083,5.481343833
YDR205W,0.383823612,0.410439319,0.547855495,0.202070394,6.917337
YDR206W,0.372641955,0.35673269,0.654659246,0.063677144,5.594126276
YDR207C,0.824887679,0.04056449,0.234474523,0.670851646,2.679049203
YDR208W,0.194707361,0.643609206,0.347324586,0.350515203,4.229330784
YDR209C,-0.508473202,0.182515845,-0.795211445,0.019768176,5.059956699
YDR210C-C,-0.181746027,0.893916465,1.314735211,0.065218566,-0.130281873
YDR210C-D,0.182130815,0.721629089,-0.101127403,0.885215499,5.930569434
YDR210W,-0.525242684,0.915949176,-6.460351231,0.076541988,-2.523755123
YDR210W-A,-0.629429296,0.491849811,0.213598457,0.885215499,-0.219496554
YDR210W-B,-0.363414909,0.316611132,-0.725945691,0.019110261,4.69402527
YDR211W,0.352942826,0.353182495,-0.400579412,0.283668894,4.652104404
YDR212W,-0.584418539,0.145361718,-0.384981588,0.377690872,7.182922224
YDR213W,-0.151762558,0.802613455,-0.507120896,0.259332365,2.617555909
YDR214W,-0.737011089,0.068431355,-0.252228418,0.631652435,6.812689524
YDR215C,1.177748685,0.010793589,1.291300941,0.004106249,0.780124207
YDR216W,2.026099724,5.96E-08,1.325014558,0.000776176,5.187495801
YDR217C,0.784039031,0.067201136,0.004023414,1,2.206188288
YDR218C,-1.586767247,0.000914379,-1.600988802,0.000856685,1.979125177
YDR219C,0.492891166,0.273190209,-0.504933071,0.27076535,2.783566549
YDR220C,0.049805267,1,-0.745428622,0.432728999,-1.671046329
YDR221W,-0.491905516,0.209775525,-0.680706689,0.057805307,4.544428144
YDR222W,0.556086827,0.114771432,1.655538918,9.69E-09,4.860500906
YDR223W,-0.447675021,0.281886942,0.144105549,0.80696326,4.273207358
YDR224C,0.537640467,0.29620502,0.278705951,0.655733437,6.236329316
YDR225W,0.348967583,0.440935111,0.390575243,0.380910013,7.292995432
YDR226W,-0.416668551,0.324327704,-0.018567736,1,8.12113529
YDR227W,0.706169329,0.094012153,-0.127824725,0.861347183,3.042788409
YDR228C,0.365731793,0.391344792,-0.073910906,0.935334726,3.05713571
YDR229W,0.504798787,0.306351261,0.102339132,0.910218982,2.021389709
YDR230W,-0.489789569,0.474193351,-0.272507551,0.73826633,1.528948239
YDR231C,-0.413315537,0.350429396,-0.714595309,0.067820059,2.977609619
YDR232W,0.565012885,0.147922178,0.872677528,0.01222032,8.000758218
YDR233C,0.387501455,0.350508983,0.29809349,0.506048515,9.997793914
YDR234W,-0.307960898,0.600611094,-0.025761753,1,7.157341555
YDR235W,0.250685543,0.53856355,-0.049383537,0.968317911,3.629164572
YDR236C,-0.347503493,0.423525324,0.07003699,0.935868683,6.303678495
YDR237W,0.059543682,0.928948658,-0.093300638,0.868545123,3.373629874
YDR238C,0.057851708,0.944048508,0.205380612,0.669540741,6.101274374
YDR239C,0.178013043,0.674570721,-0.472833006,0.167213919,3.090069777
YDR240C,0.206219102,0.692031937,-0.242391354,0.651824978,2.528084867
YDR241W,-0.067035742,0.977951387,-0.316932411,0.663006417,1.416450646
YDR242W,-0.258938741,0.564818355,0.07727418,0.924824291,4.004868195
YDR243C,-0.694347887,0.073382019,-0.500268767,0.218584782,3.017386765
YDR244W,0.506964958,0.174209077,-0.451166318,0.243517744,2.940875938
YDR245W,0.538264926,0.216959822,-0.02166167,1,5.606515412
YDR246W,-0.471264371,0.211597877,-0.562910759,0.116206596,3.572590483
YDR246W-A,-2.108976502,1.01E-05,-1.431824932,0.003990997,1.082224324
YDR247W,0.763703935,0.023133514,0.583089484,0.092545489,3.839987095
YDR248C,0.42088756,0.339600816,0.295018642,0.547015894,2.962996518
YDR249C,-0.485421926,0.143707629,0.111413392,0.824530016,4.400955416
YDR250C,-0.097577554,0.985926676,0.448297002,0.735447177,-0.836398502
YDR251W,0.140014606,0.802960598,0.375300944,0.397344611,5.031086193
YDR252W,-0.35541111,0.52823803,-0.60439947,0.235064968,1.905343118
YDR253C,-0.259553027,0.595228142,-0.283085994,0.568965678,2.683562395
YDR254W,-0.633805624,0.128427878,-0.454289017,0.303683428,3.858019211
YDR255C,0.190364249,0.68827876,0.073470153,0.928823726,2.764881895
YDR256C,-0.715484549,0.025713499,-0.183264916,0.678836098,4.267108772
YDR257C,0.722637554,0.120455828,-0.165250735,0.818764777,3.50251752
YDR258C,0.396970318,0.325323243,0.222992044,0.645037415,4.69880408
YDR259C,-0.390929515,0.480420767,-1.149253894,0.011191866,1.136497787
YDR260C,-0.712913862,0.058294057,-0.810758135,0.022977264,4.264200299
YDR261C,-0.391936823,0.370201024,0.048574146,0.9755191,6.380542924
YDR261C-C,-0.071093052,0.994523022,1.136867832,0.104144651,-0.702651065
YDR261C-D,0.023589234,1,-0.307502155,0.548519006,6.246093169
YDR261W-A,-0.493355185,0.583992959,0.217206815,0.871057431,-1.116500369
YDR261W-B,-0.470748771,0.160818404,-1.05582622,0.000235999,3.955925523
YDR262W,-0.028536928,0.999578071,0.160786651,0.767231795,5.633540286
YDR263C,0.040459999,0.985175139,0.624002209,0.137104102,4.201232094
YDR264C,-0.20166041,0.695687198,-0.107640456,0.877851662,7.962529604
YDR265W,-0.087654086,0.882608398,0.158134666,0.739426446,3.159729056
YDR266C,0.44600942,0.246387439,0.02245948,1,3.751855345
YDR267C,-0.718023391,0.024032616,-0.740294954,0.016574725,4.004922907
YDR268W,-1.867833034,6.32E-11,-1.731003851,2.13E-09,3.925917183
YDR269C,-0.434211505,0.666448522,-0.417286085,0.686954706,-0.536682299
YDR270W,-0.231954365,0.674570721,-0.284662897,0.602316857,3.970464992
YDR271C,-0.607516477,0.639302127,-0.211281162,0.935997399,-0.607813249
YDR272W,-0.206780742,0.649716212,-0.697159495,0.042422779,4.271272114
YDR273W,-0.661043624,0.201434195,-0.663155629,0.200822344,1.137166115
YDR274C,1.139493777,0.113521645,0.466114547,0.597509931,0.270000698
YDR275W,0.703396011,0.17708591,0.388046671,0.522377998,1.944723405
YDR276C,-0.373437416,0.497117546,-0.019847365,1,9.650818615
YDR277C,-0.817567399,0.073382019,0.854349484,0.049065257,3.095330158
YDR278C,-3.709219603,0.010559997,-1.989272258,0.180661599,-3.629443745
YDR279W,-0.072864941,0.91415853,-0.583811052,0.095817266,3.183198361
YDR280W,0.281793358,0.549961353,-0.367390658,0.423667766,3.782963957
YDR281C,-2.531635801,1.52E-07,-1.525458716,0.002394629,1.411763381
YDR282C,0.088638476,0.929548752,-0.254058175,0.708336776,1.762484681
YDR283C,-0.146958767,0.73014302,-0.507107936,0.118356892,3.599784933
YDR284C,0.057788363,0.957763193,0.567463615,0.181182318,6.735209916
YDR285W,-0.026916846,1,0.217640289,0.852108822,0.310715427
YDR286C,0.390148163,0.441321927,-0.043068755,1,2.469537907
YDR287W,-0.568269425,0.124547434,-0.774398196,0.022526314,3.580029291
YDR288W,0.138714618,0.771240491,-0.292726358,0.485903713,3.384775791
YDR289C,0.42474629,0.419485917,-0.615357378,0.213738868,2.653176294
YDR290W,0.640186287,0.666448522,-0.583662433,0.861269184,-2.849473213
YDR291W,0.242456139,0.542430179,-0.494673908,0.147063712,3.18077601
YDR292C,-0.006873445,1,-0.524020514,0.164317707,4.359776596
YDR293C,0.098610198,0.890310738,0.518658523,0.243152893,6.494966807
YDR294C,-0.157492452,0.788639684,0.000270919,1,6.333056162
YDR295C,0.256652298,0.663919247,-0.588773868,0.237694289,2.43855856
YDR296W,0.331850651,0.372349586,-0.173227142,0.710898368,3.211319381
YDR297W,0.841439237,0.013335968,0.66505774,0.055004945,6.578082452
YDR298C,0.558235346,0.1750556,1.128888379,0.001374071,7.783394754
YDR299W,0.589157351,0.203666135,-0.257168735,0.664275722,3.515899354
YDR300C,-0.024881261,1,-0.555163876,0.126971797,4.44294648
YDR301W,0.138958612,0.751538043,-0.156456476,0.734166954,3.494120583
YDR302W,0.848024091,0.019442564,0.578509873,0.130168203,4.462346912
YDR303C,0.392573831,0.360394547,0.963939491,0.006310178,4.828318693
YDR304C,-0.450886134,0.25300862,-0.378004242,0.357384805,7.624114944
YDR305C,-0.516109268,0.216568053,-0.475531008,0.260255918,2.881016129
YDR306C,-0.231768868,0.588322306,-0.380808039,0.326235143,4.127571908
YDR307W,0.319854226,0.422905572,0.654651661,0.051223306,5.470756215
YDR308C,0.124752745,0.850186223,-0.212650567,0.725693301,2.897643203
YDR309C,1.209664473,0.002315451,1.286125271,0.001034414,6.078060105
YDR310C,0.432576858,0.182685254,-0.383147275,0.250103158,3.919184532
YDR311W,0.661646886,0.080197256,-0.298749517,0.515794684,2.92509984
YDR312W,0.60712577,0.18760802,-0.336812273,0.537983037,2.943862194
YDR313C,0.516914754,0.140937417,0.926718169,0.002440162,3.23384187
YDR314C,-0.52054131,0.338735352,-0.836178281,0.089829977,1.459376664
YDR315C,-0.234621152,0.591854637,-0.15533524,0.762344498,3.067759009
YDR316W,0.616678813,0.177529603,0.260447181,0.655733963,2.500940391
YDR316W-A,-0.006131543,1,1.187068123,0.09177372,-0.302905616
YDR316W-B,0.080399807,0.907465871,-0.191797321,0.708617253,5.880878622
YDR317W,-0.686811699,0.030377081,-0.276592735,0.47691923,3.771355558
YDR318W,-1.035803321,0.001018228,-0.9818566,0.00194215,4.136476982
YDR319C,-0.630629047,0.078204435,-0.281356942,0.507698838,5.218199302
YDR320C,-0.593455564,0.049130869,-0.661651435,0.021724751,3.481451802
YDR320C-A,0.248317831,0.513641889,0.330059852,0.362941352,3.602160727
YDR320W-B,-1.121563516,0.076691164,-1.279536785,0.035206836,0.051566169
YDR321W,-0.772369798,0.064354059,-0.856348142,0.030431083,8.292846595
YDR322C-A,0.974381327,0.00581292,0.975743227,0.005026345,4.436422549
YDR322W,0.380043147,0.398857511,0.384401888,0.395817284,3.255320082
YDR323C,0.367651678,0.446429666,-0.092758756,0.915506226,2.309863164
YDR324C,0.359099466,0.409880001,-0.53485099,0.180439946,4.527451812
YDR325W,0.108632319,0.859012612,-0.600642058,0.118832175,2.700347718
YDR326C,0.861208592,0.011557159,0.262927559,0.55657913,5.633001019
YDR327W,-0.976180541,0.003597593,-1.185844361,0.000294935,3.139333716
YDR328C,-0.963644572,0.003066693,-0.957498426,0.003052389,5.491121466
YDR329C,0.360375977,0.342330015,-0.382191244,0.308290026,4.264701183
YDR330W,0.143344904,0.752417397,-0.418423112,0.254832926,2.950694982
YDR331W,0.97955274,0.013241838,1.031878089,0.007110326,4.684269764
YDR332W,0.250353012,0.678909564,-0.139264402,0.871864461,2.471212649
YDR333C,0.350277448,0.386362455,0.149100109,0.773537875,4.417721178
YDR334W,-0.555067732,0.128560389,-1.001878931,0.001847602,3.590515217
YDR335W,0.202215314,0.693397167,0.916591633,0.012129648,5.289421843
YDR336W,-0.369657169,0.359699797,-0.599101449,0.098110873,2.819063915
YDR337W,0.481371054,0.329011876,-0.074740371,0.95432195,3.014015307
YDR338C,0.59609122,0.090262533,0.69244418,0.035225561,4.511145856
YDR339C,0.458316287,0.360394547,0.035994141,1,4.572370512
YDR340W,0.845408367,0.477605317,0.298121976,0.90869179,-2.84542004
YDR341C,-0.125246653,0.830519085,-0.216381803,0.678836098,6.967204717
YDR342C,0.275391993,0.728747938,-1.381144182,0.01440135,5.991057007
YDR343C,0.156725586,0.871787393,-1.431474176,0.010421086,5.935527316
YDR344C,-0.639890448,0.212067487,-0.573710041,0.27299643,1.677208459
YDR345C,0.426956548,0.298936202,0.716993943,0.046231162,10.01005836
YDR346C,0.14166127,0.80450123,-0.795667783,0.037518983,5.746973083
YDR347W,0.163211175,0.711964973,0.469186919,0.171895259,4.889792068
YDR348C,0.018546353,1,-0.18138781,0.678836098,4.160857828
YDR349C,0.016399727,1,0.368649668,0.380365746,7.807789402
YDR350C,0.483712324,0.19265148,1.118223357,0.000364583,4.70332481
YDR351W,0.729693567,0.0380756,0.182124695,0.71552696,3.382732961
YDR352W,-0.024280947,1,0.215549696,0.674902387,6.551064802
YDR353W,-0.226520138,0.656390565,0.226614723,0.670851646,8.298054978
YDR354C-A,0,1,0,1,-4.776081025
YDR354W,-0.666183998,0.059216402,-0.057189147,0.950875057,7.460482428
YDR355C,0.945404307,0.369584675,-0.067570425,1,-2.703389264
YDR356W,0.630995216,0.197694465,-0.161108326,0.830667491,2.16022705
YDR357C,0.394439705,0.254419698,-0.197673099,0.64566633,4.103551701
YDR358W,-0.352523081,0.42793501,-0.549419632,0.173862371,2.558213856
YDR359C,-0.092928771,0.886668047,-0.204916953,0.701472497,3.390044001
YDR360W,0.543880842,0.468150416,-0.264771564,0.807984486,-1.251494495
YDR361C,0.084268016,0.916344803,-0.749576672,0.072518387,4.681149443
YDR362C,-0.083898946,0.872760559,-0.072474207,0.909896502,3.475197812
YDR363W,0.629811875,0.266270603,-0.372369472,0.582098878,1.72787375
YDR363W-A,0.045105247,0.982333485,-0.390858261,0.447227305,5.093477726
YDR364C,0.51098231,0.25606263,0.100134366,0.899170712,3.036222716
YDR365C,0.538878502,0.320767462,-0.176462468,0.820198672,4.442461317
YDR365W-A,0.190466763,0.913291844,1.583454302,0.028053033,-0.942578053
YDR365W-B,0.000347086,1,-0.345996557,0.462318689,6.143716454
YDR366C,-0.037799206,1,-0.256165237,0.687112873,1.425643911
YDR367W,0.437763585,0.307799906,0.260776566,0.601498646,5.844889835
YDR368W,-0.394199903,0.368886686,0.297335549,0.530994528,5.95764879
YDR369C,-0.050486495,0.97473428,-0.420809478,0.385263373,2.207314774
YDR370C,0.362723526,0.445169371,-0.258259166,0.640753135,3.500230291
YDR371C-A,0,1,0,1,-4.776081025
YDR371W,0.514525253,0.146797256,-0.042031287,0.98112399,3.58383502
YDR372C,0.092911129,0.885182363,-0.366532791,0.40482437,5.215361362
YDR373W,0.584534616,0.270034758,0.700260447,0.162875493,5.06967521
YDR374C,0.072475579,1,0.155594703,0.940902931,-1.594210512
YDR374W-A,-0.552081805,0.106456388,-0.389418416,0.28396429,3.294032125
YDR375C,-0.017004606,1,-0.085112163,0.892320996,3.571038945
YDR376W,-0.056472603,0.935689127,0.297299944,0.430647398,4.625484254
YDR377W,0.903963574,0.005923529,1.016922094,0.001377449,6.134183659
YDR378C,-0.058189596,0.937694924,-0.090439695,0.885116193,5.653271259
YDR379C-A,-0.507022911,0.323222721,0.625268305,0.198318214,3.321457185
YDR379W,0.654544653,0.119716789,0.371231998,0.434168044,2.612469319
YDR380W,-2.563896307,4.43E-06,0.619159458,0.380910013,6.574306718
YDR381C-A,0.027245924,1,-0.167607791,0.766222979,2.615376879
YDR381W,-0.00063082,1,-0.745676919,0.031494836,6.190535517
YDR382W,0.582081415,0.225344042,0.665222883,0.147907747,10.68487211
YDR383C,-1.375374213,7.74E-06,-1.374759825,9.05E-06,3.574106534
YDR384C,0.909365054,0.049120543,0.609161678,0.214431587,6.80684552
YDR385W,-0.746735971,0.134910025,-0.574013591,0.269823013,12.68029626
YDR386W,0.371792527,0.453472569,-0.444154095,0.374013289,2.206648606
YDR387C,-0.255811904,0.643675113,0.01689013,1,6.697943229
YDR388W,-0.710242535,0.112524633,-0.637221685,0.151833347,6.294770073
YDR389W,0.480711548,0.216535322,0.347480361,0.404624509,3.541721429
YDR390C,0.381750114,0.308421378,-0.341943979,0.382394648,3.533574053
YDR391C,-0.013419529,1,0.911406163,0.00670014,3.659885572
YDR392W,0.494167855,0.312544305,-0.237260861,0.705394168,2.292462977
YDR393W,-1.046710688,0.001654368,-1.152041045,0.000456683,4.102300568
YDR394W,-0.180448354,0.703990121,-0.285553712,0.509608707,5.436263939
YDR395W,0.385589643,0.409880001,0.770213396,0.052432078,6.236766705
YDR396W,0.410405954,0.326995306,0.109897061,0.865774819,3.628481901
YDR397C,0.460414317,0.222082013,-0.033663506,0.999508214,3.766425896
YDR398W,-0.070378554,0.923541636,-0.46663173,0.232044438,4.55739538
YDR399W,-1.035774955,0.001972032,0.258011238,0.574233968,6.236448903
YDR400W,-0.215285087,0.603666636,-0.018232017,1,5.148747274
YDR401W,-1.130132861,0.219190817,-0.182980881,0.922306107,0.65215513
YDR402C,-0.365044078,0.5107941,0.156357379,0.836972603,1.327793346
YDR403W,0.43055754,0.267737467,1.187241801,0.00017524,3.137024397
YDR404C,-0.043364887,0.972448538,0.374159745,0.353342769,7.004835933
YDR405W,0.412739572,0.303097152,0.10392827,0.871864461,2.781925374
YDR406W,-0.749845949,0.172698001,-0.447385601,0.467130972,6.52210755
YDR406W-A,-1.049961876,0.2180724,-0.088402179,0.987122033,-0.198441922
YDR407C,0.246889479,0.583992959,0.599955041,0.103563934,4.85725088
YDR408C,-1.721740743,0.000132162,-0.884230294,0.074467754,6.270551317
YDR409W,-0.197745019,0.63597368,0.010178441,1,3.46490625
YDR410C,0.029971235,0.99636639,0.069967768,0.932487984,7.014157672
YDR411C,-0.469489289,0.40908166,-0.225544689,0.744608522,7.567291802
YDR412W,0.26025778,0.684296997,-0.570263727,0.297531773,3.007684367
YDR413C,0.126132423,0.86201478,-0.157179504,0.841110808,1.854324856
YDR414C,0.176364702,0.712546538,0.363392874,0.374418905,4.836997705
YDR415C,-0.250271597,0.536131077,0.089028246,0.885243787,4.281845858
YDR416W,-0.37155086,0.332512739,-0.518362446,0.144732319,3.087181756
YDR417C,0.621651092,0.179761749,0.283441858,0.618780405,8.285676474
YDR418W,0.417300176,0.415699058,0.327435029,0.55631469,8.399469506
YDR419W,0.450719038,0.224221923,0.063895974,0.936135563,3.005836847
YDR420W,1.345249138,0.000173507,1.182049752,0.001197262,5.101256889
YDR421W,-0.887446527,0.0127413,-1.037761569,0.002388354,4.511982003
YDR422C,0.064396516,0.928081619,0.195047172,0.6735554,4.389324962
YDR423C,-0.093620814,0.883553467,-0.328667315,0.459632877,2.806508799
YDR424C,-0.069569621,0.93876944,0.016696047,1,3.629361853
YDR425W,-0.773969274,0.02300932,-0.742752533,0.026672312,3.09011763
YDR426C,-2.3084305,0.026438896,-2.226621214,0.030916221,0.064944577
YDR427W,0.090586582,0.912367131,-0.044850675,0.992372259,5.069430628
YDR428C,-0.701069905,0.030319057,-0.601410443,0.064161118,3.672336853
YDR429C,0.177937597,0.804535008,-0.763696607,0.135791023,5.888560446
YDR430C,0.214342806,0.574752182,0.433994381,0.181424697,3.761072359
YDR431W,-3.866648826,0.238168385,-3.673459186,0.233912653,-4.42120228
YDR432W,0.151880315,0.748878136,0.179925682,0.710096325,5.796024314
YDR433W,0.66569976,0.509111202,1.168477141,0.195546645,0.229592661
YDR434W,0.495089431,0.181439448,0.625360399,0.068507405,5.790867163
YDR435C,-0.531327278,0.134328936,0.183820097,0.691305767,4.636826884
YDR436W,0.471168792,0.238168385,0.853429313,0.014111103,5.36383715
YDR437W,-0.344155875,0.606026217,-0.321165761,0.654929512,2.555350342
YDR438W,-0.299085529,0.542430179,0.212016394,0.708178875,4.888309998
YDR439W,-0.087405096,0.908650935,-0.158844962,0.795663772,2.403489754
YDR440W,0.859258998,0.083920168,0.05450706,0.98112399,2.279404371
YDR441C,-0.253556375,0.665435762,0.120067297,0.885215499,6.892413854
YDR442W,-0.510343742,0.481193422,0.496197687,0.507610248,1.54554544
YDR443C,-0.177136152,0.789331081,-0.112705133,0.898743618,3.376050985
YDR444W,0.189574467,0.769290923,-0.281913517,0.660260218,2.85238783
YDR445C,1.796501849,0.128951424,-0.398725615,1,-3.40623031
YDR446W,-0.012976898,1,-0.674136292,0.343741773,-1.11450501
YDR447C,0.486591836,0.387440761,-0.063696223,0.974726804,8.165679349
YDR448W,0.411634735,0.431635916,-0.067796722,0.96724708,2.939270175
YDR449C,0.710401849,0.197149341,-0.53507055,0.367647653,3.445060504
YDR450W,0.418130331,0.444132384,0.107304155,0.90869179,8.732057961
YDR451C,-0.214250251,0.591658593,-0.25019607,0.529130718,3.670005661
YDR452W,-0.227639915,0.611696987,-0.661872163,0.059978295,6.019357922
YDR453C,0.129618551,0.804457793,0.128672422,0.822275653,3.065077999
YDR454C,-0.492419636,0.225344042,-0.499742122,0.212536701,7.527007497
YDR455C,0.167245577,0.868814813,-0.159071368,0.887847399,3.607325217
YDR456W,-0.093256687,0.913668606,0.178454386,0.795122723,8.484579685
YDR457W,-0.409426367,0.33198781,0.65823335,0.078975528,5.948241548
YDR458C,0.764604807,0.030319057,0.021326894,1,3.507184913
YDR459C,-0.150451515,0.739884317,0.2786957,0.492145229,5.142994189
YDR460W,-1.763386108,4.87E-06,-2.205967279,8.69E-09,3.639401737
YDR461C-A,-0.17422635,0.804457793,-0.268729352,0.68334818,2.650942659
YDR461W,0.512936621,0.269998079,1.228113512,0.00151951,5.8105559
YDR462W,0.210193498,0.645646813,0.133325966,0.811955716,3.204338722
YDR463W,0.765719485,0.031986034,0.30602802,0.485582468,4.425914176
YDR464C-A,0,1,0,1,-4.776081025
YDR464W,0.869616474,0.041563959,0.129818951,0.865579346,2.572694475
YDR465C,0.212799142,0.687123706,-0.537610845,0.210940513,4.217311589
YDR466W,-0.245164259,0.611696987,-0.493651886,0.237024309,3.305237469
YDR467C,-0.959704449,0.044441669,-0.392170203,0.502462285,0.523516258
YDR468C,0.182801316,0.682287545,-0.496981541,0.167979436,3.16062572
YDR469W,0.307855982,0.485338861,-0.439819389,0.291897335,3.310372038
YDR470C,0.397796652,0.302600846,0.784197596,0.017058831,3.787535896
YDR471W,0.665293182,0.148319151,0.396873192,0.437175554,7.706688528
YDR472W,0.352856812,0.366001878,0.757019331,0.021093233,4.425112346
YDR473C,0.30178021,0.621520629,-0.400571635,0.502494315,1.788333116
YDR475C,-0.855622532,0.0104622,-0.750523245,0.025243929,3.808682314
YDR476C,-1.082644559,0.029197789,-0.758552418,0.144447005,7.87690644
YDR477W,0.484250848,0.139829587,0.225195679,0.568965678,4.241043252
YDR478W,-0.509434165,0.375584025,-0.726270966,0.175439368,1.899077743
YDR479C,-0.176350977,0.695159576,-0.049125465,0.964292934,4.503102281
YDR480W,-2.987998642,3.48E-13,-2.011842031,1.22E-06,4.075572182
YDR481C,-0.580066707,0.166791531,-0.067685635,0.944606393,7.227481418
YDR482C,0.59932659,0.170384066,0.297880462,0.570481769,2.287228172
YDR483W,-0.171132235,0.731837436,0.257888858,0.587981466,8.265286882
YDR484W,0.430015575,0.33539519,-0.317634821,0.527021845,2.640429354
YDR485C,1.005537077,0.021784594,0.217718506,0.734166954,2.206842846
YDR486C,-0.403400812,0.246429366,-0.799663237,0.007597684,3.818346658
YDR487C,-0.619218348,0.121199757,0.059654654,0.955755839,7.770309566
YDR488C,-0.004363673,1,-0.265628413,0.590623858,3.126688414
YDR489W,-0.063351285,0.923836675,0.085197822,0.892320996,4.454572224
YDR490C,-0.845971801,0.027965424,-0.482905707,0.25636131,4.738592833
YDR491C,0.323449185,0.417301543,-0.135333102,0.797425545,4.67409324
YDR492W,-0.034550211,0.990324695,0.089315435,0.903821883,7.041592225
YDR493W,-0.649212978,0.090387554,-0.627680832,0.093816348,2.736611633
YDR494W,0.515275024,0.189529142,0.126103713,0.829957785,2.831589183
YDR495C,0.576276226,0.159599207,-0.056707874,0.970175725,2.565288933
YDR496C,0.913940801,0.101323114,-0.43372081,0.510416964,4.168410769
YDR497C,-0.711558381,0.155547505,0.856132162,0.068010409,11.19482463
YDR498C,-2.41092409,2.60E-07,-1.9286716,5.88E-05,5.596310798
YDR499W,0.504172532,0.309102364,-0.073840294,0.957130487,2.164943453
YDR500C,0.548652083,0.327622179,0.505598287,0.378401913,9.005167174
YDR501W,-0.749314478,0.032725632,0.014880208,1,3.536068405
YDR502C,-1.523129267,6.23E-06,-0.292773704,0.536539526,9.203488632
YDR503C,0.352268724,0.311848659,0.127798312,0.782522149,4.230707999
YDR504C,0.256901713,0.626007116,0.781697428,0.056343622,2.32471475
YDR505C,0.735992571,0.056815097,0.783302179,0.034349304,4.393595865
YDR506C,-1.352892004,0.00030262,-1.319371309,0.000479225,3.716075979
YDR507C,0.273473628,0.544035421,-0.364758356,0.400139459,3.189824705
YDR508C,0.177047024,0.759470909,0.728684236,0.081907394,8.89243107
YDR509W,0.289719605,0.719360402,0.650408697,0.329547345,3.64967309
YDR510C-A,0.429251515,0.396431896,-0.218510855,0.737833406,1.923589146
YDR510W,0.222455853,0.664693664,-0.079421443,0.926746749,6.065160148
YDR511W,-0.463003957,0.182378608,-0.217325118,0.610559867,3.669653643
YDR512C,0.352672902,0.317206209,0.27436503,0.46790355,3.92531877
YDR513W,0.236095306,0.622182291,0.713961469,0.055116477,6.711141024
YDR514C,0.593080016,0.368347149,-0.152880713,0.895154657,1.891001013
YDR515W,0.673026646,0.287909591,0.58400424,0.375222491,1.79592687
YDR516C,-1.01473754,0.023031028,-0.521681765,0.300105822,5.989817348
YDR517W,-1.069411481,0.030377081,-0.664068586,0.212536701,6.994841731
YDR518W,-0.548195264,0.148203238,-0.214338669,0.658244253,5.788597332
YDR519W,-0.602949263,0.121199757,-0.481035432,0.228985371,6.629173717
YDR520C,0.312414981,0.376892273,0.616046013,0.040997851,3.357464661
YDR521W,0.845100156,0.505227741,0.067932575,1,-1.478886066
YDR522C,-1.669925969,3.74E-08,-1.388483071,8.62E-06,2.896045604
YDR523C,-1.174376294,0.067667459,-0.247010877,0.802155637,0.437459289
YDR524C,0.828294259,0.03976593,1.253881802,0.000680521,4.608848349
YDR524C-A,-0.873543062,0.721629089,0.237382726,0.973993714,7.184844846
YDR524C-B,0.909394851,0.033063136,0.819714499,0.051791812,11.89688923
YDR524W-C,0.862494524,0.059054326,0.882689572,0.044598101,10.15405425
YDR525W,-0.208578163,0.871672619,-0.519352588,0.601907912,-1.028388848
YDR525W-A,-0.727072437,0.279306956,-0.425709078,0.582935937,5.372003355
YDR526C,0.644709254,0.307035095,-0.743850354,0.240041694,0.7816565
YDR527W,-0.080109944,0.894798033,-0.5779924,0.097329871,3.35314743
YDR528W,0.205740151,0.739024337,0.324819235,0.579833959,2.263861147
YDR529C,0.969963751,0.001946347,0.663682458,0.044663723,5.606149034
YDR530C,-0.945911935,0.022492098,-0.638861069,0.143779164,4.523677246
YDR531W,0.001785775,1,0.005577884,1,5.651381917
YDR532C,0.287825822,0.664382447,-0.382938562,0.562738542,1.775313305
YDR533C,-0.504686844,0.320278011,1.251984618,0.002831204,5.642966664
YDR534C,-0.175012663,0.759895123,-0.010576977,1,3.289195484
YDR535C,0.985575484,0.13716827,0.535138829,0.504278912,0.056334697
YDR536W,0.174804192,0.774462929,0.166591243,0.808383597,2.26926934
YDR537C,-0.106727921,0.861032828,0.683904604,0.068282411,2.922801856
YDR538W,-0.302913653,0.502506583,0.648040959,0.087608673,3.473489621
YDR539W,-0.160346897,0.721629089,0.604921008,0.066444887,4.069178547
YDR540C,-0.790357309,0.062066458,-0.766071316,0.066333982,1.623504016
YDR541C,-0.108700461,0.856311857,0.477276705,0.235064968,5.48727969
YDR542W,-1.56952208,0.05474238,-0.40260891,0.728335036,-2.159108723
YDR543C,-2.627871455,0.721629089,-2.45461693,0.734166954,-4.628312383
YDR544C,-1.534178918,0.152509263,-0.915849733,0.507698838,-3.051564521
YDR545C-A,0,1,0,1,-4.776081025
YDR545W,-0.351601661,0.430900464,-0.254426215,0.61236795,5.592361097
YEL001C,0.272373651,0.539574826,0.35113061,0.404782707,7.82846896
YEL002C,0.259131041,0.552887051,0.494314204,0.192498999,8.723121974
YEL003W,0.584440211,0.251189351,-0.249477607,0.703581723,3.984160245
YEL004W,0.931335231,0.004700753,1.331326007,1.84E-05,3.44796397
YEL005C,0.703815745,0.105791847,0.585704233,0.187130884,2.212410957
YEL006W,-0.709331856,0.036578504,-0.085007647,0.896003516,5.549176694
YEL007W,1.026907655,0.002746254,1.332623926,5.70E-05,5.805405415
YEL008C-A,0,1,0,1,-4.776081025
YEL008W,-0.461554671,0.373624316,-0.821078992,0.071850897,1.230655717
YEL009C,0.2259156,0.655354938,1.090804241,0.0024601,10.05290898
YEL009C-A,0.859133168,0.307799906,0.25837081,0.881483922,-1.688278546
YEL010W,-0.753055605,0.155547505,0.287133375,0.676389897,0.393881707
YEL011W,-1.688608896,6.23E-05,-1.250565646,0.004123623,5.229273844
YEL012W,-0.334626583,0.453512987,-0.402383725,0.355631126,2.805186708
YEL013W,0.290268616,0.492795398,0.457110632,0.230239079,6.834384193
YEL014C,0.534870931,0.49464286,0.458071844,0.595915863,0.546620636
YEL015W,0.176550126,0.691644019,-0.282390856,0.495461206,4.327652499
YEL016C,0.070562647,0.902882453,-0.131294404,0.779185616,4.254711644
YEL017C-A,0.563619391,0.206371722,0.918121609,0.020454059,8.519943442
YEL017W,-0.627916777,0.168181037,-0.387985001,0.440496845,6.726212312
YEL018C-A,0.397825716,0.77196752,-2.583040279,0.013867927,-0.593057112
YEL018W,0.614939223,0.311930024,0.015495451,1,1.932834211
YEL019C,-0.065278735,0.977262889,-0.744284532,0.242629825,0.182621569
YEL020C,-0.650371031,0.091473601,-0.250907721,0.60361702,3.630905817
YEL020C-B,0.288598112,0.599981428,0.067648531,0.957875194,2.023935246
YEL020W-A,0.684942851,0.117507132,0.433308428,0.367647653,2.711211913
YEL021W,-2.171092984,8.25E-06,-0.32689478,0.654929512,13.06649038
YEL022W,0.47482189,0.219215503,0.129051001,0.820198672,4.038717564
YEL023C,-0.323652103,0.605457055,0.054077452,0.983723765,2.155107161
YEL024W,1.612582557,3.59E-05,1.941460684,3.96E-07,6.966832098
YEL025C,0.497587577,0.221603912,0.482974059,0.234612858,4.512135103
YEL026W,1.030352159,0.018435074,0.918653253,0.034213278,8.460544942
YEL027W,0.655502494,0.12707827,0.611761163,0.15001214,10.09351502
YEL028W,-0.859447574,0.060462962,-0.272135977,0.659038268,1.875822491
YEL029C,0.199813388,0.632132051,0.522058447,0.118971756,4.91913319
YEL030C-A,-1.070024428,0.099822268,-2.228446712,0.000482974,-1.254907079
YEL030W,-0.515176846,0.237044527,-0.340970864,0.486539041,2.167041157
YEL031W,-0.39374265,0.485338861,-0.357138259,0.54624312,10.30323194
YEL032C-A,0,1,0,1,-4.776081025
YEL032W,0.110020079,0.84262578,0.022003488,1,5.235560365
YEL033W,0.325640897,0.490988189,0.507733084,0.233912653,4.808928735
YEL034C-A,0.392306907,0.331140736,0.776919947,0.02408147,11.17028746
YEL034W,0.101293803,0.894798033,0.345553312,0.516337525,5.089022606
YEL035C,0.238833044,0.789805205,-0.086018731,0.970112973,1.435715773
YEL036C,0.714358201,0.072787697,0.734603818,0.05434972,6.344296673
YEL037C,0.265080489,0.523370164,0.053117986,0.956825949,4.476906719
YEL038W,-0.841998532,0.048263215,-0.650339462,0.137104102,6.492142297
YEL039C,0.722380421,0.174255506,-0.113254897,0.922414224,1.04308911
YEL040W,0.882781008,0.019649035,0.582268394,0.146364991,9.109570521
YEL041W,-0.988347571,0.002227161,-0.7273405,0.031032536,3.934758474
YEL042W,0.687998806,0.075376101,0.618171185,0.106184001,8.323191283
YEL043W,0.409263082,0.251189351,0.511220401,0.126426228,4.932392156
YEL044W,-0.859367361,0.016463287,-0.717526116,0.046592862,4.204396637
YEL045C,0.383020182,0.483514608,0.564910214,0.258215813,4.450734473
YEL046C,0.301570836,0.540411063,0.69549944,0.086303183,9.637902493
YEL047C,-0.626581785,0.113969047,-0.467959493,0.25754987,8.605703907
YEL048C,0.03349405,0.992889665,-0.466746916,0.283748918,3.349632978
YEL049W,0.229585932,0.714912773,0.675413488,0.167418412,0.556225937
YEL050C,0.259592019,0.500557294,-0.070745363,0.91599,3.977471795
YEL050W-A,-0.182657101,0.88981398,-0.133989009,0.96375446,-0.43487483
YEL051W,0.10926458,0.882821052,-0.599526915,0.197198961,6.352087668
YEL052W,-0.027767357,1,0.466892455,0.260268731,6.101437206
YEL053C,0.18834274,0.66014368,0.544797369,0.1001143,3.736167492
YEL053W-A,0.463559159,0.337715413,0.48502484,0.310228231,7.296498479
YEL054C,0.48825268,0.314008678,0.520624314,0.274350667,9.267553458
YEL055C,-0.161321423,0.72895645,-0.010031511,1,5.325091205
YEL056W,0.002533706,1,0.131241568,0.787174191,4.4130506
YEL057C,-1.79347662,6.64E-07,-1.123329666,0.003235016,3.325225273
YEL058W,-0.548839207,0.181838913,0.074862634,0.931278799,7.349475288
YEL059C-A,0.622929466,0.214263782,1.170191922,0.006880934,2.235605955
YEL059W,-0.032898861,1,0.829074001,0.151054409,0.27155346
YEL060C,-1.098345733,0.098721062,-0.234395543,0.814098535,7.292408454
YEL061C,1.285289784,0.042708233,0.098161846,0.955326287,1.752526447
YEL062W,0.332868799,0.385529278,0.590958548,0.07700075,3.036739483
YEL063C,0.600281423,0.128036106,1.175313773,0.000609922,8.063171521
YEL064C,0.017293849,1,0.211095301,0.666607164,4.838670465
YEL065W,-0.253343985,0.817340929,-0.742864639,0.380910013,8.148873057
YEL066W,-1.118104444,0.019935356,-0.817143025,0.099127754,5.630532612
YEL067C,-0.040121179,0.995032573,0.001209836,1,2.209152276
YEL068C,-0.33152693,0.373662114,0.006585141,1,3.182235325
YEL069C,0.032118989,1,0.663210742,0.337870811,-0.583832386
YEL070W,-0.325136961,0.555002773,-0.056940482,0.974850577,2.307312206
YEL071W,-0.413939997,0.333393152,0.069420302,0.937725553,9.395365211
YEL072W,-0.115470918,0.914408517,-0.382688695,0.579346152,1.32571608
YEL073C,-1.698890618,6.28E-05,0.416845341,0.456754934,4.012177285
YEL074W,-2.588560037,0.000132828,-0.901711551,0.24922196,0.142729326
YEL075C,-0.855490594,0.058858762,-0.372633129,0.495486378,0.999159157
YEL075W-A,-0.815877823,0.140830203,-0.886240348,0.101665443,0.943747383
YEL076C,-0.500546396,0.415824902,-0.387539887,0.565220004,1.245325441
YEL076C-A,-0.344996746,0.712546538,-0.142854838,0.910807693,-0.969089766
YEL077C,-0.262640644,0.545590387,-0.138528185,0.799299973,4.43930643
YEL077W-A,0,1,0,1,-4.776081025
YER001W,0.782158579,0.023164084,0.687237089,0.044832013,4.646367643
YER002W,0.459367678,0.429252796,-0.148488576,0.869377431,3.61001685
YER003C,-0.284496017,0.53053336,-0.069479387,0.936135563,7.291898879
YER004W,-0.689854899,0.173785592,-0.312672071,0.615516316,8.790732911
YER005W,-0.601203335,0.125728944,-0.129099259,0.827998032,5.794666981
YER006C-A,0.011843828,1,-0.72447371,0.766230947,-2.941649643
YER006W,0.207611443,0.681557681,-0.34580649,0.4475828,4.975524955
YER007C-A,0.287627458,0.554411385,-0.062831284,0.957075436,4.949748616
YER007W,-0.327739227,0.521453819,-0.915587417,0.027057218,2.088925651
YER008C,0.214105494,0.573299098,0.152943847,0.726896311,4.288096582
YER009W,0.200374613,0.691828169,0.497010858,0.225863429,9.30689762
YER010C,-0.277398476,0.489538412,0.260939939,0.527999064,5.197453414
YER011W,-0.468374957,0.360886461,-0.044983286,0.995569852,2.778381735
YER012W,-0.351088063,0.433180415,-0.547002992,0.176067731,5.417346964
YER013W,0.344244481,0.426918189,-0.225209665,0.656289198,2.92247478
YER014C-A,0,1,0,1,-4.776081025
YER014W,0.404684733,0.267710476,-0.073177057,0.915897978,3.179577674
YER015W,-0.323589894,0.40039478,0.804560257,0.010254714,3.397007876
YER016W,0.901804359,0.125403617,0.006306145,1,2.641704224
YER017C,0.567515981,0.098956954,0.874298901,0.004490581,5.378553357
YER018C,-0.270516543,0.698570479,-0.147250382,0.875805633,5.578836719
YER019C-A,-0.025113073,1,0.202807253,0.674385989,5.704146386
YER019W,-0.537392403,0.312597877,-0.163703075,0.828453551,6.445038752
YER020W,-0.13705478,0.755671912,0.015781735,1,3.651591895
YER021W,-0.041694835,0.978518315,-0.339511963,0.436929818,5.921425395
YER022W,-0.200560122,0.759895123,-1.018961641,0.028464458,2.949884252
YER023C-A,-1.835990492,1,-1.688061281,1,-4.701658832
YER023W,-0.92936323,0.039203941,-0.287411317,0.631655589,8.364335369
YER024W,-0.50059898,0.236054919,-0.486874917,0.248834086,4.922255725
YER025W,0.071738874,0.919525699,-0.14178251,0.797447707,6.52070314
YER026C,-0.889790122,0.044049641,0.105799601,0.901323389,9.479777168
YER027C,-0.52555868,0.153614795,-0.616791321,0.075013869,4.153087716
YER028C,-0.967800587,0.002024009,-0.225532596,0.611621002,3.229029913
YER029C,0.159965036,0.787253278,-0.307184287,0.559226499,2.716404015
YER030W,-0.014878282,1,-0.345121409,0.504278912,4.319960493
YER031C,-0.145931425,0.772184985,-0.525884435,0.160094136,5.891948927
YER032W,0.185863825,0.649193069,-0.288795323,0.437929448,3.391434161
YER033C,0.770573173,0.025713499,0.679328772,0.049045634,2.786044007
YER034W,-0.320680827,0.525201426,-0.325940112,0.527860082,2.202149754
YER035W,-0.688673108,0.127343208,0.145214546,0.834477396,4.791082687
YER036C,0.042456186,0.977951387,0.119439628,0.85006972,7.540024703
YER037W,-1.105145621,0.002665828,-0.406480852,0.369732592,3.715888218
YER038C,-0.21597697,0.642844821,-0.069203089,0.933586803,3.053357671
YER038W-A,-1.854665748,0.200137126,-1.543657856,0.297181287,-1.762114449
YER039C,-0.939497163,0.090332573,-0.130421929,0.898627891,4.645085668
YER039C-A,-1.035891411,0.098956954,-0.215481247,0.820198672,2.898270558
YER040W,0.368500448,0.365274466,0.399269557,0.319326862,3.13785355
YER041W,-0.028424639,1,-0.374428714,0.468782403,2.552012543
YER042W,-0.693507588,0.068149263,-1.737288193,8.74E-08,4.286941818
YER043C,-0.376635959,0.372729712,0.289512673,0.526169483,10.71462356
YER044C,-1.382118139,5.19E-05,-0.752424622,0.042968836,6.739299319
YER044C-A,-0.503435026,0.394130844,-0.623343747,0.278502117,0.949259643
YER045C,0.113940916,0.817752483,0.207477046,0.637750646,3.020280296
YER046W,-0.261050754,0.605457055,-0.579471372,0.170467649,2.786511353
YER046W-A,-0.077851728,0.996211687,-0.080635882,0.995801878,-1.181766945
YER047C,0.61918093,0.18494642,-0.072810517,0.947946689,2.446196743
YER048C,-0.19594412,0.635846726,-1.009591472,0.00064013,4.560252459
YER048W-A,0.015274048,1,0.398282573,0.290090868,5.222165512
YER049W,0.351502485,0.466600538,0.372151229,0.439663773,5.467681327
YER050C,0.417543849,0.330416993,0.196688921,0.7130774,2.971779944
YER051W,0.074427749,0.921261104,-0.234955277,0.658244253,2.66860729
YER052C,-0.110767979,0.847503713,0.409261865,0.31637951,9.312231767
YER053C,-0.069051879,0.915629288,0.576026042,0.090502758,3.936735217
YER053C-A,2.088550655,2.41E-05,2.599572499,8.74E-08,2.172308941
YER054C,-1.654221007,0.001721047,-1.077076757,0.053440197,1.540621808
YER055C,-1.063759411,0.00254583,-0.380665666,0.38202292,8.559489091
YER056C,0.445406105,0.309316647,0.848086648,0.024013817,9.432508062
YER056C-A,0.773904806,0.181439448,0.458648424,0.483655576,7.774204866
YER057C,-0.356140537,0.438369072,0.379991137,0.404171402,7.952661547
YER058W,0.266558005,0.703990121,0.423819828,0.513964844,1.403100688
YER059W,-0.593454624,0.0982946,-0.974392721,0.002397149,2.998163418
YER060W,1.319749663,0.001587999,-0.280647382,0.643879519,5.082923265
YER060W-A,1.221038232,0.0014811,0.097067767,0.911212976,2.751812273
YER061C,-0.569043562,0.2180724,-0.413332025,0.403428549,2.566434147
YER062C,0.089196321,0.894520605,0.173999249,0.747569372,5.101989575
YER063W,-0.705126945,0.033756233,-0.923995704,0.002825605,4.972370273
YER064C,0.328760867,0.433884538,0.283067875,0.524796391,4.717031946
YER065C,-1.836900613,3.47E-06,-0.718525552,0.115309104,5.13384441
YER066C-A,-0.59835914,0.194857061,-0.750499781,0.087913675,1.305903375
YER066W,-0.79571926,0.098360928,-0.019529881,1,1.786162829
YER067C-A,-0.695838904,0.251920038,-0.868095532,0.144931537,-0.381072932
YER067W,-0.885085171,0.107989164,-1.047525616,0.045318555,1.073941488
YER068C-A,0.787128479,0.351375545,-0.749446336,0.385753081,2.41480819
YER068W,-1.699074698,2.47E-06,-1.663421039,4.53E-06,4.963543721
YER069W,0.187760517,0.695159576,-0.348803763,0.403428549,6.956452804
YER070W,0.181852991,0.706559515,0.17228101,0.734166954,7.778434456
YER071C,-0.029404714,0.993781291,-0.567188807,0.089005998,3.754878603
YER072W,-1.150774784,0.00344278,-0.888890429,0.028445132,7.218627011
YER073W,1.253563511,0.000211999,0.983010957,0.004906539,6.773184141
YER074W,0.712142626,0.181439448,0.046319995,0.997279174,8.991100043
YER074W-A,0.159860243,0.735299893,0.209493527,0.658444631,4.668258757
YER075C,0.997540951,0.002518698,1.020512561,0.001851023,3.638705663
YER076C,-0.068209427,0.912367131,0.323939167,0.392569309,3.681653817
YER076W-A,-0.222365376,0.703990121,0.008838246,1,1.275420741
YER077C,0.315838213,0.564614724,0.028783078,1,2.438944318
YER078C,-0.035569025,0.981899136,0.321969337,0.380910013,3.89429409
YER078W-A,-0.563408138,0.545590387,0.312005836,0.765824913,-1.091224239
YER079C-A,0.703915579,0.272934166,0.036250767,1,0.239369479
YER079W,-0.63863259,0.073534876,-0.719157029,0.033868603,3.089955414
YER080W,0.164648083,0.706127406,-0.433801826,0.218507468,4.026250556
YER081W,-0.996396681,0.612176057,-2.419789923,0.151117053,4.787770133
YER082C,0.660505119,0.100794226,-0.313723529,0.514981767,3.447291996
YER083C,0.026127436,1,0.239132839,0.610686475,6.890343102
YER084W,0,1,8.79822423,0.000420551,-1.448198864
YER084W-A,1.36978369,0.373662114,1.113035253,0.506048515,-1.769818702
YER085C,1.511850345,0.182303626,0.339960091,0.975870337,-2.886518274
YER086W,0.226463874,0.624850116,0.475598939,0.225863429,9.424789474
YER087C-A,-0.027368299,1,-0.094850278,0.981595681,4.192291116
YER087C-B,-0.004270907,1,0.479915974,0.221486156,7.457891916
YER087W,-0.105621854,0.885810173,-0.731200235,0.09250946,2.076616709
YER088C,1.011914946,0.016358537,1.237230057,0.001960021,6.972923197
YER088C-A,-0.855353899,0.07028609,-0.074642099,0.952045423,4.832870657
YER088W-B,-0.430637803,0.542797933,-0.028350784,1,-0.085010425
YER089C,-0.302177198,0.562201332,0.041093327,0.995569852,7.567612864
YER090C-A,0,1,0,1,-4.776081025
YER090W,-0.278311606,0.527574316,-0.015836504,1,6.916370443
YER091C,-1.48936438,0.00010381,-0.440972347,0.367530147,11.27614159
YER091C-A,0.322275834,0.921400282,-3.586462213,0.353059837,-4.10414245
YER092W,0.084303662,0.87240026,-0.331048186,0.364234074,4.183013958
YER093C,-0.898413841,0.008524186,-1.094169605,0.000861908,3.683577066
YER093C-A,0.08013723,0.905508959,0.40929659,0.301021201,2.66854518
YER094C,-0.224921996,0.638011436,-0.498522108,0.212457439,5.911998361
YER095W,-0.568628517,0.272934166,-0.213710326,0.747569372,7.090362445
YER096W,0.289269987,0.626808767,0.918540214,0.043912525,4.438116769
YER097W,-0.639426761,0.492795398,-0.924699602,0.32641766,-1.815547094
YER098W,-0.453220156,0.752861535,-0.601668951,0.673221703,2.858548695
YER099C,0.083151712,0.880160871,0.434545531,0.21401117,4.49301121
YER100W,-0.03401116,0.999578071,-0.239382244,0.676124227,3.777995453
YER101C,0.445152877,0.335528821,0.654688799,0.119047769,2.302519543
YER102W,0.259979268,0.6155027,0.085860267,0.922306107,9.24689122
YER103W,-0.500748414,0.160419475,-1.009812042,0.001096869,3.209972682
YER104W,-0.399932227,0.344702911,-0.137064582,0.819527436,2.614075758
YER105C,0.109842207,0.858425054,0.478132786,0.250103158,5.737507633
YER106W,-0.198354798,0.898752157,-1.469291831,0.092577197,-1.50183345
YER107C,-0.167367927,0.68911911,-0.110234513,0.827564386,3.99504939
YER107W-A,0.0909721,0.927639657,-0.284981562,0.654929512,1.953058756
YER109C,0.123818191,0.817076561,-0.36034065,0.381959073,2.775164603
YER110C,0.14871155,0.789331081,0.086165554,0.913888585,8.831159785
YER111C,0.476790452,0.22363199,-0.354662937,0.406801388,2.744569356
YER112W,0.147432507,0.794055096,-0.353947843,0.448124625,4.003672383
YER113C,1.087600499,0.011126513,0.856456253,0.049573767,5.084273423
YER114C,0.405756424,0.292041306,-0.206498672,0.659205644,3.892220853
YER115C,-0.805031379,0.060816156,-0.317204825,0.554119745,2.165952901
YER116C,0.180111122,0.76490908,-0.31991511,0.563761095,1.612316271
YER117W,0.36550524,0.420395055,0.147683415,0.807984486,9.706455467
YER118C,0.122060278,0.812610904,0.005000334,1,5.039230605
YER119C,-0.146192374,0.875555871,0.26605183,0.737975206,7.455605906
YER119C-A,-0.066119227,0.935812879,-0.006303557,1,3.342305836
YER120W,-0.067892638,0.935689127,0.249118887,0.627006617,7.709438873
YER121W,0.411637791,0.50278121,0.217662177,0.76437972,0.543740285
YER122C,0.220373511,0.644366011,-0.426169562,0.30402448,5.292391436
YER123W,0.583009045,0.086622485,0.163575628,0.728510014,3.409070778
YER124C,0.471257664,0.226801027,0.197611979,0.687686701,6.782660371
YER125W,-0.163057546,0.787343475,0.270268798,0.628635593,7.659895923
YER126C,0.720911392,0.130252736,-0.145967253,0.849095179,4.555360984
YER127W,0.55455732,0.283209699,-0.293874216,0.64566633,3.068568651
YER128W,-0.679110586,0.12168259,-1.016719267,0.010758163,2.381188524
YER129W,0.68496962,0.054444032,0.002226294,1,3.979871278
YER130C,0.079512223,0.921400282,0.019789455,1,3.431764757
YER131W,0.51402927,0.373564582,0.15151399,0.863526477,7.445530156
YER132C,0.113628484,0.821281813,0.503892197,0.148210405,3.960435208
YER133W,0.571257229,0.252609826,-0.403308221,0.459632877,5.548904509
YER133W-A,-0.261802986,0.68827876,-0.190175671,0.808337978,2.060951476
YER134C,-0.233241327,0.549936133,-0.250570679,0.526961935,3.640847628
YER135C,-0.839507812,0.190593629,-1.772292416,0.00334666,-0.989343313
YER136W,-0.134346648,0.815587531,0.158773868,0.782358859,6.554832205
YER137C,0.504894223,0.332512739,0.135460203,0.871864461,1.682021649
YER137C-A,-0.030879594,1,1.370085102,0.072764672,-1.173596476
YER137W-A,0.075989318,1,-0.859078147,0.36064087,-0.773246875
YER138C,-0.072344881,0.922286842,-0.399410321,0.342351795,6.187208202
YER138W-A,0.011958118,1,-0.545951961,0.314158519,2.110785291
YER139C,-0.370482143,0.444132384,-0.467385061,0.316978381,2.393095254
YER140W,0.295033869,0.415824902,0.15164514,0.734166954,3.696218415
YER141W,0.062080757,0.952436194,0.480473612,0.290065215,6.624260681
YER142C,-0.379402227,0.436880775,-0.825440504,0.044650076,2.429108969
YER143W,-0.869300537,0.009746334,-0.675500098,0.049817806,4.125684387
YER144C,0.164882645,0.721635062,0.842953343,0.009244365,4.271255262
YER145C,-0.288094096,0.727036713,-1.280175026,0.032208154,8.802175771
YER145C-A,-0.282263006,0.544992634,-0.878741266,0.015750473,4.019849768
YER146W,-0.089023872,0.893916465,-0.668433369,0.072764672,3.416517618
YER147C,-0.182737044,0.715132881,-0.139856173,0.808383597,4.148061315
YER147C-A,0.674217377,0.159093862,0.093531491,0.922414224,3.606295952
YER148W,0.602042463,0.174456293,0.107067452,0.889122353,4.239659374
YER148W-A,0.066043253,0.988595855,-0.184942963,0.896107621,0.935458758
YER149C,0.371187719,0.566178133,-0.663753828,0.256905491,2.401899668
YER150W,-0.692939801,0.198569464,-0.480632356,0.407802221,5.176667611
YER151C,0.968616659,0.018278612,0.954965274,0.017660773,3.253131334
YER152C,-0.7201378,0.134780714,-0.075192779,0.950539654,5.352163938
YER152W-A,-0.452124675,0.491849811,-0.235708554,0.766210678,1.784003939
YER153C,-0.21746556,0.737392719,-0.173971381,0.817700853,2.634980712
YER154W,0.579320056,0.08369191,0.610428407,0.055512047,4.584655131
YER155C,0.529713541,0.149360295,0.649010983,0.057236263,5.538756397
YER156C,-0.315866227,0.506159547,-0.079865406,0.926485128,5.672590758
YER157W,0.493252216,0.302600846,0.433128717,0.380365746,3.654350699
YER158C,0.42173566,0.375747391,0.833737181,0.040559622,5.682016255
YER158W-A,0.661955075,0.255739354,0.328267593,0.650464076,1.42326175
YER159C,0.678365919,0.071646115,0.328961712,0.452877615,3.698470369
YER159C-A,-0.060680948,1,4.031218158,0.001186511,1.481508972
YER160C,0.217702662,0.734931662,-0.185712378,0.798018845,5.556486588
YER161C,0.332550065,0.506159547,-0.390712304,0.437680661,2.545627523
YER162C,-2.621084033,1.25E-13,-2.643951841,8.14E-14,4.429266933
YER163C,-0.935162022,0.00405377,-0.707361933,0.036091442,5.005193077
YER164W,-0.242898217,0.585331388,-0.380587237,0.355615601,3.11894428
YER165C-A,-0.147092166,0.970270515,-0.938234941,0.51345472,-0.58864411
YER165W,0.331641279,0.474193351,0.39452402,0.380630127,8.739945006
YER166W,-0.204155977,0.697511112,-0.258041413,0.620285362,6.026205337
YER167W,0.974908098,0.000700799,0.170571217,0.698109309,3.800896452
YER168C,0.085870407,0.894798033,-0.24107816,0.627006617,4.289188244
YER169W,-0.122622968,0.787774445,-0.477636787,0.146659725,3.453989679
YER170W,-0.768859255,0.027121124,-0.375731694,0.351844398,2.708813244
YER171W,0.404017114,0.25467318,0.219621403,0.603433312,3.954380472
YER172C,-0.00253588,1,0.452909426,0.167613509,4.486530019
YER172C-A,1.161430105,0.159405916,0.599237067,0.645438556,-2.106877504
YER173W,0.462364343,0.434884013,-0.163735176,0.859184948,2.404699835
YER174C,0.55113804,0.127859245,0.926042326,0.003682512,4.077233865
YER175C,0.020119474,1,-0.766737501,0.016149389,5.149714077
YER175W-A,-1.416999621,0.0015883,-0.853847522,0.076959485,0.869448696
YER176W,-2.288277759,2.75E-08,-2.629104576,1.84E-10,4.768169487
YER177W,-0.779533152,0.071298788,-0.521930174,0.256443643,9.049854422
YER178W,-0.443844886,0.37300172,-0.328006499,0.54805716,10.55608786
YER179W,-1.369875661,0.001721047,-0.94740181,0.038652569,3.954390748
YER180C,0.093980615,0.91831502,-0.391980013,0.504610469,2.325654713
YER180C-A,0.690367989,0.288232019,-0.837989284,0.202070394,0.184421744
YER181C,-0.113015944,1,0.541326752,0.831625474,-3.703473909
YER182W,0.430868263,0.373564582,0.206919304,0.731895969,2.155184878
YER183C,-0.021693327,1,-0.187228893,0.682774608,4.219289068
YER184C,0.402638618,0.397629103,0.874713269,0.028795965,2.886465647
YER185W,-0.181009403,0.687998764,0.273979871,0.506048515,2.883003031
YER186C,0.13158124,0.789252767,0.017860143,1,3.713096417
YER187W,-0.606542426,0.293601183,-0.270874073,0.708178875,1.715886991
YER188C-A,-0.434262402,0.612176057,0.721953005,0.346776481,0.420874738
YER188W,0.906236985,0.045144913,0.835317313,0.063482465,1.431280661
YER189W,-0.508074997,0.391783543,-0.251541797,0.727821545,1.466489639
YER190C-A,0,1,0,1,-4.776081025
YER190C-B,0,1,0,1,-4.776081025
YER190W,-0.199429002,0.683497623,-0.025844273,1,4.924730721
YFL001W,0.675796198,0.173011843,0.051725108,0.983813453,2.636522413
YFL002C,0.343010882,0.416306703,-0.006188846,1,3.48130238
YFL002W-A,-0.548009281,0.139210427,-1.113187551,0.000546193,3.752101053
YFL002W-B,-0.554796551,0.55297637,0.745848677,0.357384805,-0.476479904
YFL003C,-1.627932954,0.000205103,-1.658617192,0.000195041,1.780223089
YFL004W,-0.541524841,0.111263738,-1.062599973,0.000325396,4.897399502
YFL005W,0.005289435,1,0.287881645,0.501869526,5.900450484
YFL007W,-0.732678408,0.094012153,0.118209634,0.876278782,6.560971788
YFL008W,0.192990104,0.718208517,-0.45699801,0.298961099,2.679763546
YFL009W,-0.229145964,0.598424667,0.314197232,0.445507833,6.164488991
YFL010C,-0.394122359,0.317206209,-0.15452321,0.761219226,5.728906001
YFL010W-A,-0.591666542,0.150649352,-0.122477952,0.854157149,3.453869485
YFL011W,0.578206184,0.459901482,-0.064245412,0.993408572,1.550456946
YFL012W,-1.054781956,0.081524652,-1.377604395,0.014744164,0.577762579
YFL012W-A,-0.497905849,0.721629089,-0.556280128,0.765095182,-3.076884513
YFL013C,1.116950612,0.047864365,0.629445076,0.315722879,2.118097936
YFL013W-A,0.231607513,0.755671912,-3.61E-05,1,1.606597493
YFL014W,1.913658664,1.77E-07,1.284567776,0.000866142,4.760886389
YFL015C,1.52410557,0.02014246,0.750165348,0.369450684,-1.38821004
YFL015W-A,2.510436106,0.278629946,0.395694899,1,-4.192351749
YFL016C,0.934496144,0.004182077,0.844486737,0.010095122,4.486974396
YFL017C,-0.285476662,0.4280809,-0.676132447,0.023156696,4.161570007
YFL017W-A,0.171928037,0.747311541,-0.018821167,1,2.823646119
YFL018C,-0.187141541,0.69992886,-0.405311468,0.319577723,6.361778016
YFL019C,-0.223768812,0.803270998,0.090449663,0.962627342,-0.373144637
YFL020C,0.355384787,0.738284647,1.001790411,0.225863429,-0.413644053
YFL021C-A,0.381001446,0.526762327,0.123116249,0.901973449,2.827487463
YFL021W,1.04279577,0.004911663,2.290169578,1.31E-11,6.627461143
YFL022C,-0.276536582,0.568465561,0.112106734,0.872872392,7.665942483
YFL023W,0.457467826,0.423846958,-0.351156985,0.587400816,2.218650971
YFL024C,-2.085036778,1.14E-07,-0.912712608,0.036372561,4.896900224
YFL025C,0.50452031,0.184175091,0.967491291,0.003185489,5.867873939
YFL026W,0.135232957,0.824938481,0.444269886,0.332056855,8.82832223
YFL027C,0.04713288,0.966583716,-0.32437141,0.460802653,3.314896269
YFL028C,0.090583732,0.861962839,-0.093885004,0.872606091,4.485423361
YFL029C,-0.231979551,0.576567632,-0.006481816,1,4.406734563
YFL030W,-0.934842578,0.154040693,-0.286224477,0.741110873,5.543006129
YFL031C-A,-0.803213532,0.149771521,0.095717721,0.937847998,6.630099281
YFL031W,-1.319874886,0.017738333,-0.607520369,0.34356902,9.639646108
YFL032W,-1.365502816,0.018123476,-0.788010383,0.21046047,6.322777356
YFL033C,0.47303663,0.224221923,1.091433345,0.000861908,4.74780649
YFL034C-A,0.631682401,0.140124287,0.489725709,0.272893713,5.391637221
YFL034C-B,0.56477818,0.338735352,0.03717763,1,2.26941395
YFL034W,0.317538073,0.452654458,-0.207146793,0.672937817,2.821363594
YFL036W,0.909676422,0.001895778,0.755237392,0.011937371,3.528029381
YFL037W,0.192688909,0.684775181,0.37578301,0.3597561,8.46414539
YFL038C,0.459556941,0.306063692,-0.029036179,1,6.056420229
YFL039C,-0.410809417,0.459632176,-0.181652994,0.801645892,12.30270092
YFL040W,-0.278027093,0.597402684,-0.012507301,1,2.059833027
YFL041W,0.220077083,0.642083779,0.601859505,0.10802798,7.300610382
YFL041W-A,-0.148884025,0.912367131,0.238667749,0.81409328,-0.40047717
YFL042C,0.028613733,0.998184794,-0.26410571,0.520972936,3.27965329
YFL044C,-0.607441063,0.06511706,-0.263035983,0.506047306,4.064347757
YFL045C,0.187545734,0.706127406,0.161745756,0.762344498,9.855347444
YFL046W,0.228039162,0.721635062,0.00789081,1,2.961061952
YFL047W,0.615758948,0.048126859,0.378746534,0.266595914,3.803267753
YFL048C,0.325692652,0.440554756,-0.132549967,0.817142525,5.723506648
YFL049W,0.637346779,0.136185239,-0.050764603,0.984886456,2.632987213
YFL050C,0.192908336,0.728747938,-0.171810434,0.786190085,2.237330208
YFL051C,-0.348591465,0.598096071,-1.138954106,0.038069231,-0.237304477
YFL052W,-0.636296494,0.179761749,-1.590994475,0.000146867,0.829489933
YFL053W,-2.258692403,1.10E-06,-1.166536816,0.019014877,1.65562442
YFL054C,-0.296522572,0.598235213,-0.493917245,0.330723506,3.887566403
YFL055W,0.955005008,0.00131176,0.788206833,0.009806218,3.656227656
YFL056C,-0.4981887,0.26776777,0.244631275,0.654038442,2.562774978
YFL057C,-1.068378742,0.00190538,0.017198033,1,2.627840658
YFL058W,1.317284303,0.000817086,1.165937881,0.003351645,4.385941507
YFL059W,0.122938758,0.843108546,0.414765436,0.356664214,3.861647407
YFL060C,0.633474847,0.268862481,0.279582423,0.699636208,1.765694587
YFL061W,0.167313402,0.81395074,0.673914193,0.170522117,1.209119872
YFL062W,-0.161920209,0.731582043,0.092474187,0.888649436,3.800684974
YFL063W,1.399699318,0.532934902,1.650810208,0.374947901,-3.762381594
YFL064C,-0.389176273,0.498201232,-0.373451072,0.531459478,1.451835449
YFL065C,-0.26918372,0.726121097,-0.129901386,0.91404191,0.308764888
YFL066C,0.280888961,0.742868116,0.451614516,0.568965678,2.266160649
YFL067W,1.016828293,0.054656576,1.187585064,0.018388031,0.661452036
YFL068W,-0.064268752,0.973520045,0.475623024,0.426521675,1.626000784
YFR001W,-0.031237166,0.990094281,-0.617738539,0.059882782,4.476751078
YFR002W,0.481165805,0.187397761,-0.23364843,0.602035681,4.232732269
YFR003C,0.070677723,0.936900736,0.007581868,1,3.063147097
YFR004W,-0.148377683,0.802960949,-0.535272241,0.221228321,4.647328467
YFR005C,0.251090992,0.610585529,-0.072654493,0.940902931,3.650622502
YFR006W,-0.152595216,0.752377849,-0.122246506,0.827564386,5.575995572
YFR007W,-0.240770064,0.542822624,-0.129607308,0.795122723,2.971164892
YFR008W,-0.35270396,0.564614724,-1.130600065,0.019470658,1.522021828
YFR009W,-0.234106933,0.577636408,-0.607784588,0.072764672,5.365615536
YFR009W-A,0.04050239,1,0.473917253,0.935868683,-3.765506094
YFR010W,-0.209334812,0.680819182,-0.931526232,0.010379992,4.771920995
YFR010W-A,1.173960685,0.027121124,0.31231442,0.6697003,0.38478574
YFR011C,1.128400024,0.002475028,0.36432062,0.442055523,4.10372058
YFR012W,0.486197659,0.54135159,-0.598165212,0.450802632,-0.171308617
YFR012W-A,0.171010824,0.998184794,0.379170485,0.834715008,-2.667287158
YFR013W,0.424505788,0.274448451,-0.029408409,1,3.112166914
YFR014C,-0.267412285,0.472440735,-0.746292006,0.012427572,3.82456483
YFR015C,-0.964917242,0.063577085,-1.012287774,0.042096238,3.6507465
YFR016C,0.362141428,0.442546634,-0.34268308,0.48327454,3.33731806
YFR017C,0.000732581,1,0.327122413,0.651679522,3.766221915
YFR018C,-0.116324186,0.900869479,0.192940635,0.811456223,7.265723868
YFR019W,0.281355403,0.499737756,0.328510489,0.41802491,4.049789273
YFR020W,-0.916916718,0.000982423,-0.460054698,0.144447005,3.67814463
YFR021W,-0.782660032,0.061373456,-0.332016198,0.507698838,5.456122891
YFR022W,-0.647448442,0.131004135,-0.017549715,1,5.379793887
YFR023W,-1.554540187,0.002468561,-1.211602516,0.022516872,0.638400871
YFR024C-A,-0.586866489,0.123961057,-0.335828224,0.431708638,6.802748702
YFR025C,0.307664689,0.438600947,0.51503143,0.144270152,5.007050173
YFR026C,-1.048072977,0.043821738,-1.065421065,0.038338116,0.648294187
YFR027W,-0.705939322,0.119462705,-0.559588913,0.233369759,1.352044332
YFR028C,0.157806468,0.739884317,-0.037986754,0.990421462,4.443036874
YFR029W,-0.08614424,0.899861854,0.092280331,0.908048234,3.006698704
YFR030W,0.304552012,0.484887909,-0.16971069,0.742363942,7.779020904
YFR031C,0.865560694,0.098360928,-0.043408507,1,2.509399319
YFR031C-A,0.050687849,0.965184788,0.220610983,0.6697003,10.08818795
YFR032C,-0.784323828,0.626773731,-0.794558269,0.657503541,-2.032344378
YFR032C-A,0.535384658,0.329343443,0.146883664,0.862543529,6.578016915
YFR032C-B,0.213700494,0.773587309,0.290325253,0.701472497,-0.487401448
YFR033C,1.227148085,0.002063734,1.038829734,0.010417717,3.911157513
YFR034C,-0.25987593,0.549936133,-0.293323133,0.502285649,3.033082628
YFR034W-A,-1.547865432,0.003483006,-1.043802277,0.060640127,1.247269336
YFR035C,-0.721370723,0.030377081,-0.414959773,0.260590855,4.16936047
YFR036W,0.213061823,0.739884317,0.411873537,0.464768184,1.749255957
YFR036W-A,0.134914225,0.875555871,-0.014791271,1,1.640049942
YFR037C,-0.200279588,0.649168407,-1.043430973,0.000857305,4.552408699
YFR038W,0.411368047,0.275869863,-0.480604157,0.189658246,3.477202255
YFR039C,0.555459893,0.171739424,0.243018736,0.63055047,4.371920067
YFR040W,0.829819413,0.047298916,-0.036982764,1,3.568710781
YFR041C,0.24567376,0.637905165,-0.548805957,0.213442506,3.990834853
YFR042W,-0.390413902,0.349235773,-0.166256593,0.751399565,5.742244153
YFR043C,-0.42239913,0.279148151,-0.2796213,0.523377952,2.920798562
YFR044C,-0.490859606,0.305858538,-0.391758732,0.436929818,9.576082109
YFR045W,-0.221401115,0.596199516,0.596504165,0.072538209,3.721170162
YFR046C,-0.275734826,0.663919247,-0.290946598,0.665722248,1.794616325
YFR047C,-0.998540085,0.040735903,-0.457227083,0.422150427,7.112828676
YFR048W,0.531842637,0.219215503,-0.059838853,0.970175725,2.725571379
YFR049W,0.198662063,0.700079403,0.38629827,0.386522346,3.43570524
YFR050C,0.160728673,0.79795988,0.540255195,0.255114432,6.084499658
YFR051C,-0.136241532,0.807783421,-0.053841054,0.967696961,7.507311415
YFR052C-A,-0.746332869,0.412985636,-1.495378132,0.058219696,1.913307214
YFR052W,0.142313486,0.793590265,-0.122491927,0.845886246,5.327704407
YFR053C,-1.081093083,0.171989209,-2.05442981,0.00331375,5.596487984
YFR054C,0.202275377,0.795136303,0.635942761,0.26541782,0.23321206
YFR055W,0.427823198,0.292443679,2.591867742,6.71E-17,6.464569527
YFR056C,0.094750746,0.916344803,1.858808555,1.16E-06,2.76290568
YFR057W,0.853815669,0.526377012,0.888324725,0.495486378,-3.315612322
YGL001C,-0.808372173,0.02242797,-0.479188125,0.214431587,6.386917944
YGL002W,0.394057267,0.311970315,0.551104213,0.121999469,5.295835135
YGL003C,0.401352887,0.28418838,0.657638299,0.046446984,3.995462736
YGL004C,-1.192775805,0.000234278,-1.529877272,1.32E-06,3.528245211
YGL005C,-0.143212467,0.832863966,-0.4699321,0.346331404,2.520861747
YGL006W,0.265330207,0.54281794,0.152979421,0.768500443,5.113087215
YGL006W-A,0.041125725,1,-0.12555671,0.96375446,-2.364889656
YGL007C-A,0.046241904,1,-0.03142909,1,-0.207468552
YGL007W,-0.2091246,0.78145573,1.295960634,0.012908711,0.995410548
YGL008C,0.967059833,0.014946947,1.069766988,0.005099543,13.61922491
YGL009C,0.765515908,0.118427559,0.695847812,0.152142645,9.887721262
YGL010W,0.011394525,1,0.283779286,0.522157376,3.927405263
YGL011C,-0.166760808,0.75740077,-0.546090592,0.187418567,5.820748569
YGL012W,-0.597483959,0.224366291,-0.279988568,0.645659167,10.32401446
YGL013C,0.562480474,0.14076808,0.748837786,0.032923909,4.003293323
YGL014C-A,0,1,0,1,-4.776081025
YGL014W,0.425939881,0.281578687,0.84190434,0.012533593,6.60888741
YGL015C,0.272600988,0.834602418,-0.49367971,0.669540741,-2.042494403
YGL016W,-0.060825924,0.942944601,0.521809581,0.178068046,5.956937765
YGL017W,-0.241538206,0.54770062,-0.085445169,0.889122353,3.527507285
YGL018C,0.418165927,0.40039478,-0.135897472,0.862584524,1.704591835
YGL019W,-0.884580813,0.024980483,-0.692371341,0.08523228,5.247408296
YGL020C,0.328439591,0.53754729,0.057290567,0.973200422,4.747380507
YGL021W,0.709662358,0.047409129,0.588398967,0.103462437,4.084740304
YGL022W,0.191986842,0.776732025,0.381576206,0.514353472,9.182249888
YGL023C,0.85453283,0.004307544,0.504090078,0.126363159,3.457816629
YGL024W,-0.874444316,0.181439448,0.200514617,0.841874905,0.037503907
YGL025C,-0.616830559,0.094437419,-0.571323017,0.115677796,3.271911655
YGL026C,-0.840194985,0.054198685,-0.446524224,0.365007431,9.932481923
YGL027C,-0.239365538,0.562010864,-0.317720816,0.41802491,5.400377761
YGL028C,0.517690264,0.216593122,0.822692675,0.027465353,7.90752482
YGL029W,0.565699092,0.186836556,-0.001705148,1,3.2600448
YGL030W,0.459898485,0.309875944,0.590865708,0.162039091,10.71890012
YGL031C,0.462414457,0.360886461,-0.269380756,0.654929512,8.734569253
YGL032C,-0.26853128,0.673036812,0.119735805,0.896003516,4.780342931
YGL033W,-0.613513021,0.438447802,-1.281942667,0.071049637,-0.874683684
YGL034C,-0.140163009,0.892393824,-0.455996307,0.583621431,-1.104570819
YGL035C,0.72589672,0.152214676,-0.389666328,0.51345472,2.618947572
YGL036W,0.907067609,0.003672908,0.952085053,0.001952479,4.629319407
YGL037C,-0.40835175,0.356530224,-0.311994859,0.513964844,5.965612495
YGL038C,0.467616443,0.251820487,0.610420972,0.106546087,5.737102276
YGL039W,-0.553429807,0.272727532,-0.287219819,0.637750646,5.236717526
YGL040C,-0.256801771,0.54654214,0.047769058,0.970175725,6.59872799
YGL041C,-0.89360875,0.63210085,-0.0014326,1,-3.615637811
YGL041C-B,-0.227169403,0.820831328,-0.021409739,1,-1.749148441
YGL041W-A,-0.135799085,0.821281813,-0.383117877,0.407389308,2.587458967
YGL042C,-0.40319288,0.425934294,-1.050562438,0.011194431,2.306819945
YGL043W,-0.085685061,0.895839979,-1.17500133,0.000456866,4.481390894
YGL044C,0.021797326,1,-0.330790609,0.493590611,2.619704223
YGL045W,0.497237187,0.289273112,0.520344887,0.262800094,2.243931438
YGL047W,-0.454091114,0.27673928,-0.560651277,0.154132575,2.718985685
YGL048C,-0.579350655,0.098673175,-1.114132198,0.000279592,5.935745201
YGL049C,0.442688971,0.243782028,-0.260971039,0.559947242,3.048072014
YGL050W,0.492243553,0.182752434,-0.199808264,0.678836098,3.444735906
YGL051W,-0.794876331,0.040559795,-0.53297752,0.1970279,3.885402678
YGL052W,-1.062406743,0.003774071,-0.649368756,0.101694208,2.83487153
YGL053W,-0.933694667,0.005273442,-0.557150128,0.126271148,4.137005273
YGL054C,0.730982037,0.065035232,0.504734617,0.227163739,7.143022649
YGL055W,0.29758302,0.555039795,0.54826642,0.214431587,9.489728048
YGL056C,0.239611753,0.571262844,0.296057002,0.473853865,5.157666447
YGL057C,0.797803387,0.073382019,0.872378567,0.039868053,2.772661745
YGL058W,0.445192154,0.415824902,-0.227698759,0.736472218,3.687605358
YGL059W,0.258648554,0.504083826,-0.077195351,0.906144,3.718287031
YGL060W,-0.101548961,0.8399121,-0.212732994,0.620172099,3.416797996
YGL061C,-1.476547872,2.22E-05,-1.379130221,9.70E-05,3.73482744
YGL062W,0.352803633,0.480986506,1.102953555,0.004906539,8.967020434
YGL063C-A,0,1,0,1,-4.776081025
YGL063W,-0.749680841,0.051818221,-0.555410472,0.164307101,3.920566851
YGL064C,-0.676732347,0.127859245,-0.955878956,0.019713261,2.261776962
YGL065C,0.276438575,0.496748243,0.325108815,0.409318149,4.592841434
YGL066W,0.199987293,0.69523739,-0.041681371,0.986486288,2.584811344
YGL067W,0.601770004,0.091747986,1.130443414,0.000285638,5.295628097
YGL068W,0.365033064,0.329003719,0.641633317,0.048750152,4.288170915
YGL069C,0.402831366,0.28233408,0.281247889,0.496831501,4.139855267
YGL070C,0.580938706,0.118946009,0.311338322,0.467130972,3.016536559
YGL071W,0.508191997,0.2180724,0.083548987,0.914361576,2.929827858
YGL072C,-1.04048422,0.273263267,-0.289393709,0.85245748,-0.499982611
YGL073W,-1.439773568,0.002027783,-1.160461852,0.014998836,7.028520456
YGL074C,0.130480891,0.974965121,-0.536821015,0.644308309,-1.563955161
YGL075C,-0.126109353,0.883553467,-0.946412641,0.056906234,1.335263339
YGL076C,0.268449617,0.600861228,0.181318671,0.75795457,9.650536025
YGL077C,-0.256329596,0.621520629,0.81066098,0.042707342,9.985271829
YGL078C,-0.264551827,0.519204885,-0.930972405,0.003256781,4.465627542
YGL079W,0.153740457,0.719501803,0.198618631,0.637750646,3.890676117
YGL080W,0.610204844,0.115912534,0.468336069,0.245134269,4.477986432
YGL081W,-1.883006334,8.84E-05,-1.635500131,0.000861908,2.590382617
YGL082W,0.215345525,0.635846726,-0.642985161,0.073917125,3.366708017
YGL083W,-0.897747778,0.006279618,-0.252024035,0.565096877,4.455999725
YGL084C,0.569935241,0.12440143,0.750143649,0.027868823,6.581358709
YGL085W,0.049264578,0.961039427,0.136443504,0.797998715,2.950851971
YGL086W,0.321784567,0.438639334,-0.334067784,0.43398654,2.97611309
YGL087C,-0.517344399,0.153130723,-0.041491118,0.980892532,4.472576169
YGL088W,-8.227555326,0.000325057,-1.599269907,0.380365746,-1.761429338
YGL089C,-0.633380082,0.28418838,-0.562224207,0.364267841,0.589441466
YGL090W,0.29966978,0.619169665,-0.348692609,0.56882219,1.787702248
YGL091C,-0.258932966,0.494801712,-0.631646967,0.040856706,4.09225846
YGL092W,0.475023858,0.177736137,0.433164961,0.221228321,5.113147011
YGL093W,0.608569307,0.191843723,-0.400834471,0.44818357,2.451909227
YGL094C,0.469773911,0.21436786,0.77728914,0.020052224,5.142391982
YGL095C,0.177175169,0.712546538,-0.326568487,0.446861599,3.777446899
YGL096W,-0.441003643,0.440525158,0.015191822,1,1.282831744
YGL097W,-0.26078277,0.56328455,-0.506306399,0.195062668,4.977471512
YGL098W,0.795370254,0.080555841,-0.193917737,0.770588333,2.383278974
YGL099W,0.439891472,0.345226217,-0.344793932,0.500061663,3.422516628
YGL100W,-0.29459016,0.466886363,-0.350554839,0.373604108,4.969927884
YGL101W,-0.177370038,0.672148367,-0.843677954,0.004608123,4.048392242
YGL102C,0.325977277,0.468150416,-0.14311604,0.811456223,5.111427989
YGL103W,0.247532795,0.618741441,-0.263146873,0.609826015,9.588121648
YGL104C,-0.653541443,0.132544137,-0.176586747,0.767667869,4.777365683
YGL105W,-0.034306764,0.99147819,-0.384958024,0.380365746,7.072038037
YGL106W,0.034297483,0.992889665,-0.281303162,0.57763404,5.152470675
YGL107C,0.441893015,0.234296794,0.210339541,0.648301681,3.69321109
YGL108C,-0.401386261,0.436214062,-0.473771462,0.346399964,2.120501428
YGL109W,-0.486319354,0.435612797,-1.2285883,0.021381813,0.434315561
YGL110C,0.582680203,0.162333183,-0.231583741,0.670851646,2.386879441
YGL111W,0.073253161,0.912367131,-0.722050544,0.033268648,4.619928341
YGL112C,-0.049197184,0.954664672,-0.27262657,0.50351431,4.721845815
YGL113W,0.358191925,0.539755918,-0.730086188,0.152755491,1.803919156
YGL114W,0.32594459,0.449729628,0.577271546,0.126363159,7.405301039
YGL115W,-0.321087792,0.425934294,-0.006372326,1,5.637850382
YGL116W,0.055447656,0.961039427,-0.466208732,0.302764293,2.764523682
YGL117W,0.11334385,0.84093853,-0.785329243,0.025203205,5.637073913
YGL118C,-0.58602824,0.443631482,-1.31191741,0.05279452,-1.303225269
YGL119W,-0.130410089,0.760175542,-0.151202368,0.731895969,3.746220749
YGL120C,-0.138344805,0.784665754,-0.514751368,0.163032736,5.298253184
YGL121C,-2.087974476,7.33E-12,-1.243726301,0.000112829,3.910890329
YGL122C,-0.354078396,0.39392186,-1.055400248,0.00148018,4.438278543
YGL123C-A,-2.204783153,0.469610589,-3.358455229,0.25244954,0.879333544
YGL123W,0.116753972,0.844318271,0.237483421,0.640237467,11.47214277
YGL124C,-0.404359356,0.272717952,-0.303239192,0.442055523,3.864836763
YGL125W,1.061077103,0.006193151,1.70195246,2.26E-06,8.375863331
YGL126W,-1.302099768,0.010032825,-1.118232277,0.027868823,6.589959524
YGL127C,-0.362041496,0.397297952,0.132202702,0.826470594,3.269260263
YGL128C,-0.020176434,1,0.349850041,0.509826828,2.112903094
YGL129C,-0.116699679,0.826212258,-0.158481182,0.753106253,3.567390485
YGL130W,-0.581817961,0.096412707,-0.980599719,0.001595026,3.888181947
YGL131C,0.017163544,1,-0.306761916,0.713711045,3.106269554
YGL132W,-0.15246731,0.913291844,0.714506214,0.380910013,0.194053027
YGL133W,-0.105125984,0.873137516,-0.088131075,0.914361576,4.102568815
YGL134W,0.042680606,0.977148702,-0.510338894,0.212133585,2.787254485
YGL135W,0.268321474,0.571599602,0.314810742,0.502928164,10.93392193
YGL136C,-0.263365567,0.494801712,0.030292178,0.997279174,3.488804138
YGL137W,-0.37824873,0.366001878,-0.149845774,0.784296985,6.59140796
YGL138C,-1.323962511,0.56328455,-1.662213801,0.444774888,-2.677911463
YGL139W,1.505802965,5.86E-05,1.549653333,3.63E-05,5.933748222
YGL140C,-0.016309136,1,0.425632017,0.411894282,7.551159826
YGL141W,0.128376267,0.764575644,0.33041907,0.342351795,3.841421854
YGL142C,0.430270765,0.277873647,0.735702242,0.03419729,6.689011922
YGL143C,-0.479308789,0.250502396,-1.077543595,0.002546575,2.461384358
YGL144C,0.191521116,0.694762638,0.344898462,0.421690576,2.936367261
YGL145W,0.598793064,0.233066996,-0.545630013,0.295587343,3.171610989
YGL146C,-0.528359091,0.226281295,-0.808062292,0.04073182,2.368963131
YGL147C,0.636080231,0.292302942,-0.230214366,0.770804037,9.107977224
YGL148W,-0.589050462,0.136061328,-0.217790779,0.669540741,8.230405438
YGL149W,0.352073836,0.822149532,-1.140688156,0.287925469,-1.507705791
YGL150C,0.050857566,0.954664672,0.296971936,0.460440502,4.237604776
YGL151W,0.873152219,0.024398493,1.46968539,3.05E-05,4.304112991
YGL152C,-2.015217324,0.035182285,-1.254036823,0.236655197,-1.465187262
YGL153W,-0.760468601,0.013409146,-1.329868637,2.26E-06,3.282872603
YGL154C,-0.82741515,0.008063867,-0.419066009,0.237748307,4.677046154
YGL155W,0.366120103,0.360921874,0.249113858,0.581904882,4.088364266
YGL156W,-0.857805801,0.017026441,0.473458371,0.234015759,4.609133453
YGL157W,-0.356175865,0.397117611,0.360523074,0.390380227,5.2841846
YGL158W,-0.876347074,0.096149293,-0.798236268,0.132436825,0.440338156
YGL159W,0.565578673,0.169446831,0.4597109,0.281488262,3.433709718
YGL160W,0.368147478,0.362007682,0.655863587,0.061738968,5.956460596
YGL161C,-0.211332032,0.687998764,0.074204896,0.936135563,6.644793577
YGL162W,1.053542665,0.032397268,0.313404255,0.635272883,2.294191832
YGL163C,0.604620308,0.172688127,-0.326046688,0.533484099,2.436732986
YGL164C,0.377635129,0.510316007,-0.624968236,0.237024309,2.523031848
YGL165C,-0.566625119,0.282307423,-0.447104767,0.427516907,1.539336172
YGL166W,-0.480833321,0.175337796,-0.55600148,0.099039703,3.198696721
YGL167C,0.40026146,0.331442041,0.798323975,0.02308079,7.575646227
YGL168W,-0.359798563,0.60886614,0.721892093,0.230365097,4.501372076
YGL169W,0.034545026,0.98083347,0.124011867,0.798662383,4.600676835
YGL170C,-0.137351508,0.882821052,0.031611382,1,0.415300802
YGL171W,0.257546609,0.674570721,-0.665638205,0.183002993,3.370178435
YGL172W,0.169298806,0.725829355,0.075016664,0.921643482,3.771875333
YGL173C,-0.553041803,0.162757469,-0.652762735,0.07889527,6.149541118
YGL174W,-0.415914537,0.412985636,-0.898798642,0.037300845,2.055087674
YGL175C,-0.827484948,0.136652983,-1.547082882,0.0020004,0.723403069
YGL176C,0.152835228,0.712546538,0.517544123,0.095329754,3.195028979
YGL177W,1.460852351,0.103713512,1.358762702,0.126434672,0.716045018
YGL178W,1.924111477,0.218938532,2.367352201,0.11311139,5.692187932
YGL179C,-0.52346161,0.119820394,-0.349374665,0.336916854,3.082739969
YGL180W,0.452999959,0.350508983,-0.235007329,0.69695734,2.132601267
YGL181W,-0.27061077,0.452654458,-0.58051384,0.055383933,4.11471954
YGL182C,-1.550414498,0.056067286,-1.386366598,0.087556888,-1.722951264
YGL183C,-1.979770804,0.032328366,-2.389332232,0.009244365,-0.813578567
YGL184C,-0.619716923,0.080704796,-0.91509713,0.004556837,2.768407573
YGL185C,-1.074801113,0.002253402,-1.787400956,8.74E-08,3.153849839
YGL186C,-0.402313075,0.420395055,0.396485536,0.432540033,7.64413203
YGL187C,1.279174058,0.00014406,1.535980496,3.14E-06,6.687538375
YGL188C,0.917130458,0.139479403,1.315217733,0.020255761,2.641509951
YGL188C-A,0.763400767,0.235100617,0.180977758,0.858005268,0.777786934
YGL189C,0.573634069,0.270257173,0.148222033,0.851082038,9.558200781
YGL190C,0.402128556,0.24272333,0.100366054,0.85006972,3.601431858
YGL191W,0.638394,0.12222659,0.458778214,0.293642463,5.060823204
YGL192W,-0.908458264,0.085474995,-0.591794126,0.293747544,6.829421067
YGL193C,-1.118832176,0.019649035,-0.311512666,0.630697978,4.318223475
YGL194C,0.090981571,0.894798033,-0.199819622,0.729014722,2.69638921
YGL194C-A,-0.415226373,0.303097152,-0.27208938,0.551406822,2.960093222
YGL195W,-0.315002862,0.517626498,0.415686433,0.371452747,7.839590782
YGL196W,-0.323906118,0.415824902,0.378562129,0.326566175,3.936933794
YGL197W,0.21457799,0.723718416,0.324520167,0.570054237,4.547435933
YGL198W,-0.64325099,0.2180724,-0.491021614,0.375215225,7.340669107
YGL199C,-0.199428981,0.75740077,-0.308590831,0.617036727,4.020867153
YGL200C,-0.343458477,0.426918189,-0.235261883,0.635184596,8.772785845
YGL201C,0.354663579,0.309875944,-0.288894499,0.435727894,3.697825162
YGL202W,-0.684291498,0.094730451,-0.163162446,0.779216732,9.976707764
YGL203C,0.400019076,0.268701842,0.405398698,0.257126347,4.600490954
YGL204C,-1.392728832,5.29E-05,-1.261563797,0.000321862,4.156087102
YGL205W,-1.356178997,6.49E-05,-0.713940262,0.056027488,3.194710915
YGL206C,0.303464122,0.514524385,1.145015475,0.001271563,6.124674431
YGL207W,-0.092323888,0.871672619,-0.211957071,0.648759365,5.48102667
YGL208W,-0.708924562,0.075376101,-0.536298695,0.193588637,3.339274736
YGL209W,0.307495131,0.425934294,0.573851523,0.084447972,3.508513416
YGL210W,-0.039852548,0.981267565,-0.312624386,0.486921344,3.4087722
YGL211W,-0.612500907,0.179761749,-0.942207963,0.021534568,4.743122955
YGL212W,-0.22312797,0.826310088,-1.508205521,0.027057218,1.318057245
YGL213C,-0.160670717,0.731582043,0.203996343,0.662575581,5.045560438
YGL214W,-0.221910957,0.785478402,0.623581824,0.306110631,1.826790273
YGL215W,1.115807749,0.00191351,1.28373248,0.000278028,7.180762292
YGL216W,0.094384031,0.855528176,-0.218683964,0.606071162,3.304342506
YGL217C,0.827900321,0.5107941,-1.208370778,0.354065081,-1.162756404
YGL218W,1.172272097,0.181439448,0.750272195,0.438343252,0.385952755
YGL219C,0.622281871,0.05295235,0.331887865,0.366170725,3.212246801
YGL220W,-0.764825688,0.046722891,-0.313737314,0.50159109,6.435620211
YGL221C,-0.890234716,0.013626326,-0.861248664,0.015284101,6.100460652
YGL222C,-0.735701779,0.104301439,-0.317584713,0.563479586,2.356291258
YGL223C,-1.33845263,6.23E-05,-1.140876321,0.000857859,4.845014347
YGL224C,-0.245660208,0.545928537,0.163515061,0.729632055,5.147842742
YGL225W,0.707308034,0.073382019,0.509520246,0.217776227,9.14904877
YGL226C-A,-0.037054588,0.986462993,0.186955283,0.724388148,6.669140797
YGL226W,0.059521626,0.960566369,-0.114309839,0.89117228,2.063630546
YGL227W,-0.204945759,0.631800036,-0.534125849,0.122591131,3.825095806
YGL228W,0.652058444,0.07526073,0.231192391,0.625563368,5.083708499
YGL229C,-0.237242542,0.551802347,0.024809899,1,4.587369418
YGL230C,-1.87873676,4.22E-06,-1.389722853,0.001076475,2.141492734
YGL231C,-0.330721371,0.420523702,-0.572147565,0.11246796,5.473275586
YGL232W,-0.070379535,0.949740886,-0.821165605,0.063118237,3.999957023
YGL233W,0.506005456,0.175347454,-0.238289201,0.609449814,3.744875334
YGL234W,-1.533519148,0.00017025,0.315833542,0.583893803,10.58355366
YGL235W,0.028466117,1,0.185843516,0.896107621,0.356959505
YGL236C,0.027807152,1,0.488423571,0.243338639,4.483498797
YGL237C,0.230395914,0.656390565,0.112739824,0.874723859,2.206901904
YGL238W,0.618887143,0.181319026,1.296653982,0.001085622,6.008359964
YGL239C,0.726565496,0.438600947,0.657131901,0.523577936,-0.581686094
YGL240W,-1.800149125,7.18E-05,-1.499859237,0.001186511,3.719880481
YGL241W,0.163487282,0.691828169,0.390385677,0.248527702,3.781755715
YGL242C,-0.038222092,0.979553219,-0.331604777,0.397468867,4.399355116
YGL243W,0.108172091,0.861291894,-0.508524404,0.221710381,3.279911701
YGL244W,0.315009763,0.503417676,-0.430665485,0.339360281,3.569354011
YGL245W,-0.447997522,0.318646441,-0.254813406,0.63241553,7.558041872
YGL246C,0.166206166,0.730071724,-0.410450556,0.307042459,4.003670112
YGL247W,0.342454347,0.378225389,-0.055474883,0.958917535,3.197530817
YGL248W,-0.004745377,1,0.178952245,0.711865602,4.076953685
YGL249W,-1.373565445,2.95E-06,-1.047456045,0.000642699,3.671154533
YGL250W,-0.610670056,0.113356408,0.249133827,0.605686428,3.722073302
YGL251C,-1.480171221,2.28E-06,-1.003081605,0.002394629,4.48210881
YGL252C,0.429724658,0.29984206,0.088839118,0.901323389,4.207815237
YGL253W,-0.348304552,0.414747056,0.144128629,0.797998715,9.852901925
YGL254W,0.167881901,0.787343475,-1.195963861,0.003604574,2.389759613
YGL255W,-6.685282901,2.09E-10,-0.022337704,1,12.07233903
YGL256W,-0.792234506,0.048683463,0.095548459,0.903048518,5.79175155
YGL257C,0.283907841,0.480808749,0.087429909,0.889866106,5.235616425
YGL258W,-2.69526986,7.18E-05,-1.62264315,0.021790651,2.197962173
YGL258W-A,-0.335645855,0.605457055,0.121586065,0.916519182,1.165484358
YGL259W,0.056337407,0.990094281,0.419561648,0.565096877,2.266680284
YGL260W,-2.422570999,0.053327253,-0.353340111,0.914361576,-3.311425454
YGL261C,-3.155770922,8.33E-05,-1.509534165,0.07752253,-2.383329552
YGL262W,0.73370941,0.260052312,1.061558403,0.071841824,-0.585204209
YGL263W,1.830921253,1.74E-07,1.813316779,2.83E-07,4.112027336
YGR001C,-0.125116765,0.851578034,-0.527937467,0.247868413,5.11889925
YGR002C,0.184983812,0.758852497,-0.458679951,0.368366707,2.435208937
YGR003W,0.287630003,0.487084935,-0.248539105,0.582056725,3.307097592
YGR004W,0.151285725,0.721629089,0.221962596,0.578486087,3.897926441
YGR005C,0.004247929,1,-0.530302321,0.162833304,3.182289333
YGR006W,-0.18553034,0.81395074,-0.985889713,0.06960465,0.932331884
YGR007W,-0.073909914,0.898328364,-0.288438901,0.447150933,4.435313678
YGR008C,-0.263678068,0.596582061,-0.531138909,0.215042615,3.726264063
YGR009C,-0.270941583,0.533399426,-1.008654224,0.002467926,3.168425741
YGR010W,-0.227192827,0.559941978,-0.224867916,0.582098878,3.265966422
YGR011W,-0.293347896,0.658327988,-0.042936891,1,-0.004949102
YGR012W,-0.163815405,0.691828169,-0.538037109,0.08590164,3.714958929
YGR013W,-0.411198499,0.33539519,-0.765676944,0.039941177,2.945595084
YGR014W,0.919040212,0.014384145,0.860854231,0.020291734,8.299932503
YGR015C,-0.207574667,0.610717917,0.216046298,0.607926183,3.269672872
YGR016W,0.163708086,0.795532739,-0.179896033,0.799129385,1.299916845
YGR017W,-0.222858732,0.6011319,-0.816415647,0.011191866,4.347221089
YGR018C,-1.41885545,0.012707337,-1.133406795,0.050379088,1.284926581
YGR019W,-0.552437707,0.239786524,0.21521325,0.724388148,6.066982665
YGR020C,0.538690933,0.215528905,0.252961255,0.636860524,5.772424762
YGR021W,1.045146258,0.017472503,0.422406757,0.430647398,2.060385413
YGR022C,1.570831532,0.092896688,1.409403107,0.12851841,0.534592853
YGR023W,1.629317963,3.01E-07,1.693336578,1.06E-07,4.948376955
YGR024C,-0.218431269,0.608991802,-0.280268002,0.499752026,5.448847403
YGR025W,0.159122025,0.796841656,0.491494756,0.300232728,4.594826164
YGR026W,0.236877392,0.585248553,0.493715605,0.180454567,7.486607539
YGR027C,0.034335806,0.993781291,-0.078696701,0.929204503,8.981117211
YGR027W-A,-0.015946352,1,1.598075402,0.023214398,-1.13874187
YGR027W-B,-0.169412343,0.728729438,-0.358740595,0.389071456,6.26470268
YGR028W,-0.415685514,0.249381765,-0.65979097,0.040536192,3.964859787
YGR029W,-0.504763505,0.1643642,-0.461265516,0.205725802,4.693415464
YGR030C,-0.200841481,0.681557681,-0.670684227,0.068859546,3.375715215
YGR031C-A,2.675659216,0.721629089,0,1,-4.626858206
YGR031W,-0.33526311,0.452654458,-0.630224441,0.103563934,4.183433204
YGR032W,-1.073343517,0.134466102,0.193445759,0.871864461,8.657526552
YGR033C,0.688280751,0.070973114,0.141538307,0.805655464,4.221051427
YGR034W,0.620858888,0.227305944,0.351661389,0.555256603,9.201683654
YGR035C,-1.635076564,0.000714172,-0.478671798,0.43999147,1.680268475
YGR035W-A,-0.242306621,0.690602464,0.213265324,0.736472218,2.131910031
YGR036C,0.031212412,0.989288641,0.167885672,0.711651399,4.213145894
YGR037C,-0.836295774,0.026798687,-0.573999623,0.14886981,7.074456042
YGR038C-A,-0.196426081,0.870023452,0.912602313,0.17612519,-0.251985562
YGR038C-B,0.146486699,0.777779533,-0.134841258,0.814098535,5.880875365
YGR038W,-0.031572588,0.992901635,0.260132554,0.568965678,6.83005509
YGR039W,-0.697739089,0.1145629,-0.677022506,0.118891043,1.634310819
YGR040W,-0.977673953,0.000966892,-0.834581403,0.005693522,3.869685656
YGR041W,-0.289014618,0.501684141,0.021193284,1,4.927652558
YGR042W,-0.279673475,0.542991362,-0.297369782,0.525796601,2.846066903
YGR043C,0.167654503,0.727812497,-0.357883534,0.393212371,2.759660058
YGR044C,-0.484531768,0.152214676,-0.319346844,0.383634534,4.67203476
YGR045C,-0.463269685,0.426142374,-0.598231425,0.285461088,0.893808589
YGR046W,0.842792676,0.017190868,0.709921501,0.046094046,3.376646736
YGR047C,0.985095111,0.037732764,0.342825512,0.569208311,2.192338986
YGR048W,0.013497791,1,-0.269730098,0.549767193,3.820231625
YGR049W,-0.331066903,0.385962517,0.230305987,0.591521595,3.186483108
YGR050C,-0.339081527,0.380954946,-0.621022906,0.065046505,3.821076482
YGR051C,0.142822787,0.861572637,-0.383534094,0.611265742,-0.024029371
YGR052W,0.955949223,0.028365193,1.138939016,0.005852961,2.231018391
YGR053C,1.041982205,0.030948165,0.277548638,0.703291522,0.362530027
YGR054W,0.384733205,0.338623149,0.777390158,0.022796182,6.875588382
YGR055W,0.631942278,0.113795943,0.845706099,0.020742634,8.898765648
YGR056W,0.42847836,0.314365069,0.258888716,0.605674893,2.795202165
YGR057C,0.224305323,0.63210085,-0.062183677,0.955326287,3.180572898
YGR058W,-0.581297236,0.124499735,-0.40231228,0.319674246,2.922961425
YGR059W,-3.697855983,4.21E-18,-3.093023929,1.93E-13,2.211722048
YGR060W,0.630843556,0.129077832,1.096704335,0.002712092,8.672077923
YGR061C,-1.075549067,0.006637558,0.245642231,0.663006417,9.292244406
YGR062C,-0.25313553,0.533167127,0.150750992,0.753106253,4.105927991
YGR063C,-0.041037981,0.982333485,-0.050948724,0.974617769,5.706504028
YGR064W,-0.261870986,0.595512457,-0.034523203,0.999508214,3.20782896
YGR065C,-1.179517343,0.067600401,0.03396154,1,9.201939401
YGR066C,-0.895513345,0.115636029,0.261259391,0.734166954,2.335539648
YGR067C,1.280796186,0.001191929,0.847111898,0.04618687,1.885098704
YGR068C,0.326985845,0.452511254,-0.057265087,0.9546357,3.465524537
YGR068W-A,0,1,0,1,-4.776081025
YGR069W,-0.216761353,0.834739799,-1.058295183,0.112174799,-0.703857035
YGR070W,0.621673985,0.094439417,0.934912077,0.005099543,2.891780206
YGR071C,0.971846754,0.003672908,0.867779586,0.010280772,3.272439083
YGR072W,0.268989418,0.663919247,-0.278608548,0.673221703,2.426074141
YGR073C,-0.023856335,1,0.43361172,0.336430113,2.758619037
YGR074W,-0.194926678,0.629716756,0.199310231,0.637750646,4.179448889
YGR075C,0.203395215,0.612176057,0.378785535,0.283660365,3.864752676
YGR076C,0.337950074,0.49397433,-0.092393578,0.915897978,2.298563178
YGR077C,0.185553927,0.702517758,0.689787141,0.052379689,5.79818188
YGR078C,-0.153200893,0.791522868,-0.415574829,0.367530147,3.665719817
YGR079W,-0.495307102,0.228768744,-0.629751497,0.102391081,3.899625024
YGR080W,-0.308388062,0.417301543,-0.166628223,0.72031097,4.46068103
YGR081C,0.750718184,0.165058526,-0.099428886,0.933473756,4.137809034
YGR082W,0.125803876,0.817115472,0.454071653,0.25255959,6.637014821
YGR083C,0.573276248,0.190777825,-0.566944116,0.197703568,3.541468559
YGR084C,0.319844784,0.577636408,0.003239337,1,2.781173669
YGR085C,0.461347852,0.425215631,-0.162350937,0.841913337,7.933419411
YGR086C,0.127566783,0.804781019,-0.37139174,0.359179408,7.124495236
YGR087C,0.777614767,0.091076349,1.161273564,0.004854625,2.243097872
YGR088W,0.676036043,0.187371007,1.222023926,0.0062139,3.077142322
YGR089W,0.653825767,0.063896861,0.514313459,0.152755491,6.09928351
YGR090W,0.842009309,0.072976868,1.207674109,0.004661688,5.60121763
YGR091W,-1.053177176,9.73E-05,-1.774567621,9.79E-12,3.290409757
YGR092W,-0.107938433,0.82563205,-0.543539388,0.099935493,3.815168497
YGR093W,-0.028005401,0.998311476,-0.467086311,0.207857656,3.619477945
YGR094W,0.211403292,0.672148367,0.086840761,0.909896502,8.015405952
YGR095C,0.235169125,0.634633806,-0.116604662,0.868253728,3.875254589
YGR096W,-0.928021729,0.02581907,-0.646683443,0.13866086,4.855089396
YGR097W,-0.25868975,0.661740651,0.109173061,0.903048518,5.417410475
YGR098C,0.464498934,0.217791394,0.930751027,0.003886941,3.910238917
YGR099W,0.027074902,0.996869536,-0.153152298,0.733825617,3.367079193
YGR100W,-0.337714788,0.376236118,-0.414664945,0.25754987,3.863719653
YGR101W,-0.208677427,0.711842676,0.249411533,0.660230367,6.252320379
YGR102C,0.534083657,0.153154368,0.162584622,0.744466922,3.562780714
YGR103W,0.544493102,0.341901418,-0.742325685,0.163032736,5.51876836
YGR104C,0.020262255,1,-0.505803334,0.337192381,2.585213681
YGR105W,0.135994555,0.789331081,0.042448262,0.979132929,4.290232096
YGR106C,0.246491696,0.594495289,0.318516256,0.477001037,9.333422112
YGR107W,-1.948230367,6.23E-05,-1.134400428,0.028372239,1.063430884
YGR108W,-0.112608265,0.819597751,-0.861081802,0.004569109,3.240775888
YGR109C,-0.010790969,1,-1.32452249,0.008307189,0.394732182
YGR109W-A,-0.88987736,0.795124164,-0.128424803,1,2.975502592
YGR109W-B,-0.031305985,1,0.24711735,0.739948405,4.873157791
YGR110W,0.753922119,0.030898672,1.036381585,0.001342652,4.238426593
YGR111W,-0.489012235,0.131092594,-0.749716248,0.009910295,4.227197713
YGR112W,0.050829986,0.972854767,-0.117211655,0.871864461,2.460138687
YGR113W,-0.186366188,0.748808264,-0.660310666,0.133283773,2.706880997
YGR114C,3.193858854,0.16225523,3.424118776,0.141301433,-2.906874245
YGR115C,0.550004595,0.661405941,-0.536825362,0.682746805,0.606424639
YGR116W,0.28459275,0.486068468,-0.446203141,0.228627722,4.599880994
YGR117C,0.330002875,0.393340213,-0.078433852,0.911485241,3.875490488
YGR118W,0.459645539,0.365761101,-0.019226385,1,8.836109468
YGR119C,0.727924327,0.06511706,0.090240749,0.906144,4.05888404
YGR120C,-0.42859021,0.207770536,-0.730609493,0.014992645,3.664818947
YGR121C,-0.632319981,0.309316647,1.869374374,0.000265745,6.848034722
YGR121W-A,-2.358689575,3.28E-08,-1.593033076,0.000333449,1.415103211
YGR122C-A,0.412543632,0.510316007,0.132147841,0.892320996,0.033446314
YGR122W,0.530244754,0.168454892,0.093053589,0.891395094,3.15632045
YGR123C,0.24327524,0.670392634,0.083508915,0.933586803,4.732860228
YGR124W,-0.523635806,0.231728489,-0.094125793,0.906108123,9.514600428
YGR125W,-0.241603419,0.659025248,0.31187881,0.55657913,5.949121119
YGR126W,-0.025748028,1,0.345700526,0.642596719,0.395047248
YGR127W,-0.021281308,1,0.679800294,0.095329754,2.9210768
YGR128C,0.557160861,0.311970315,0.360029744,0.562336028,4.333696917
YGR129W,-0.365862374,0.496842906,-0.8001259,0.079224094,1.987138356
YGR130C,-0.095127815,0.859797335,-0.331040812,0.392017926,4.212308961
YGR131W,-1.039145864,0.007588512,-0.032865564,1,3.030309529
YGR132C,-0.477345745,0.212067487,-0.66539002,0.056413314,5.380567287
YGR133W,-0.77950706,0.030200875,-0.271475593,0.55154269,4.5712137
YGR134W,-0.121102077,0.790303215,0.297027513,0.422385384,4.495777204
YGR135W,-0.183598946,0.747133263,-0.627435118,0.145809632,6.190952716
YGR136W,0.269638244,0.558843138,0.490731376,0.226526135,4.862983708
YGR137W,0.220527923,0.735311352,0.647008029,0.214923965,1.83498658
YGR138C,1.610594445,0.000888503,2.325367204,6.09E-07,6.147982181
YGR139W,1.725643549,0.065367233,2.161263768,0.014238484,0.980911619
YGR140W,-0.803008801,0.053327253,-1.697283286,3.74E-06,2.943894026
YGR141W,-0.699650997,0.175889823,-0.425144967,0.461203103,5.061966811
YGR142W,0.331887115,0.514520845,0.573301399,0.207828351,2.707502092
YGR143W,0.416607973,0.357961909,0.448287125,0.314600803,5.456503271
YGR144W,-0.265556496,0.678267519,0.234192949,0.734166954,5.260208489
YGR145W,0.585913533,0.273094507,-0.364475492,0.554973579,3.487779342
YGR146C,0.434826655,0.428923435,0.445963955,0.419281714,4.810559941
YGR146C-A,-0.017887679,1,0.054673576,0.996746188,0.721508614
YGR147C,0.007801019,1,-0.400946398,0.280578354,4.579592116
YGR148C,1.054993167,0.054969383,0.351896025,0.622253329,7.725824974
YGR149W,-1.067011612,0.03897475,0.311252094,0.655733963,7.061690136
YGR150C,0.340547861,0.424763109,0.081177004,0.914855394,2.859433375
YGR151C,-0.269837033,0.796973474,-1.466574605,0.038504317,-1.753224263
YGR152C,-0.065980367,0.961414127,-0.660610365,0.170396419,3.087710683
YGR153W,-0.913011356,0.050877898,-0.462258753,0.386767003,1.458665751
YGR154C,-0.474705851,0.226231091,-0.500364269,0.197903908,2.557873684
YGR155W,-0.403065837,0.320056944,-0.033112791,0.998534341,7.91410733
YGR156W,-1.701208748,1.09E-05,-0.155735328,0.821349935,5.607044947
YGR157W,-0.814165263,0.037606678,0.401768135,0.37382961,9.430095677
YGR158C,-0.490639343,0.129344395,-0.512305933,0.10177609,4.062805737
YGR159C,0.392648333,0.447307997,-0.230965204,0.708561948,7.26596079
YGR160W,0.557179444,0.170427869,-0.380770346,0.387474539,4.48241466
YGR161C,0.634222511,0.074709293,1.301520757,2.39E-05,4.309058251
YGR161C-C,-0.15350477,0.917194337,1.292251706,0.058219696,-0.301016481
YGR161C-D,0.264425218,0.549150079,0.091604805,0.893718466,5.849861901
YGR161W-A,-0.342305026,0.728729438,0.821465713,0.256905491,-0.634242727
YGR161W-B,-0.547094269,0.119027388,-1.052702192,0.000597534,3.844526942
YGR161W-C,0.09002122,0.875170353,0.078074396,0.910807693,3.626137481
YGR162W,0.611951829,0.209551646,-0.602513906,0.213442506,5.520482839
YGR163W,0.370342998,0.315719321,0.029976792,0.998236368,3.515926546
YGR164W,-0.458596323,0.489245609,0.522064311,0.402078707,0.089145247
YGR165W,0.429159521,0.211350362,0.023338759,1,3.912792316
YGR166W,0.229803679,0.620274814,0.738478575,0.038822831,3.709071409
YGR167W,0.353694549,0.444488903,-0.223263369,0.679449128,5.218078994
YGR168C,-0.366387529,0.392948184,-0.33750062,0.446698991,3.588511919
YGR169C,-0.211739048,0.68827876,-0.310999688,0.52986818,2.437612052
YGR169C-A,1.052964928,0.046505459,0.298217808,0.674385989,2.557822623
YGR170W,0.114347282,0.79795988,0.149215989,0.734166954,3.864313153
YGR171C,0.335102577,0.339916844,0.179721773,0.673221703,3.080000583
YGR172C,-0.333890578,0.508606238,-0.417096624,0.3891785,7.024636855
YGR173W,0.31224412,0.535289362,-0.79610942,0.051894959,4.21703237
YGR174C,0.618806937,0.103359081,0.279657403,0.541910369,2.778632794
YGR174W-A,-0.123538473,0.963827913,-0.04498974,1,-1.817315431
YGR175C,-0.727683473,0.100820515,-0.106372517,0.895782499,8.890362092
YGR176W,-0.994249186,0.041679119,0.067781763,0.969468494,1.98239108
YGR177C,-0.712728405,0.037708319,0.220872431,0.63068246,4.918608068
YGR178C,-0.036958352,0.985175139,-0.348708216,0.41802491,5.729188964
YGR179C,0.450724947,0.413157706,-0.532448187,0.332426866,2.149110822
YGR180C,-0.364857546,0.423525324,-0.229449736,0.665656266,7.777349754
YGR181W,-0.043352521,0.965227089,-0.097394483,0.864788749,3.964380573
YGR182C,1.368209865,3.99E-05,1.92452048,2.13E-09,4.687791931
YGR183C,1.540123178,3.90E-07,2.102656158,1.79E-12,5.997507468
YGR184C,-0.456737646,0.30689496,0.226189438,0.677539536,5.41218306
YGR185C,0.161483642,0.790303215,-0.11600924,0.880478929,6.389317408
YGR186W,0.442110796,0.246493928,-0.230981946,0.619392355,3.779357589
YGR187C,0.843269037,0.100392729,-0.151606183,0.862543529,3.882550973
YGR188C,-1.080844138,0.033393976,-1.830176761,0.000102066,2.107612099
YGR189C,1.123122937,0.001368023,1.326598,0.000110107,8.971724931
YGR190C,0.578937232,0.375760924,0.295402155,0.713230507,5.652962104
YGR191W,0.285640791,0.554279056,0.42501544,0.341837709,8.371030401
YGR192C,-1.25638739,0.006179926,-0.926455505,0.049770644,15.42636459
YGR193C,0.593200532,0.098782908,0.740541611,0.026163072,4.92029904
YGR194C,-0.861017298,0.02361002,-0.631261661,0.108731394,3.899338762
YGR195W,0.110744582,0.85024796,-0.506822458,0.205494454,4.085010832
YGR196C,0.046316555,0.954664672,-0.047028921,0.960419043,3.423343353
YGR197C,-0.238371905,0.726002756,-0.067656219,0.971759732,6.672230212
YGR198W,0.429562646,0.375584025,0.074325426,0.942545475,4.260560252
YGR199W,0.156500705,0.787405749,0.291723167,0.56749072,7.089898019
YGR200C,-0.099563231,0.859012612,-0.076171477,0.915468776,5.367741395
YGR201C,-0.746694913,0.079431337,-0.008477529,1,5.47112531
YGR202C,-0.098120938,0.852024423,-0.310237554,0.425004597,3.358397872
YGR203W,-0.521980908,0.286935876,-0.221332547,0.722699178,6.007758763
YGR204C-A,0.595574527,0.320548097,-0.004106693,1,-0.599943433
YGR204W,-0.63480249,0.17547674,0.264710976,0.654929512,9.67191325
YGR205W,0.315229954,0.552303254,0.096247853,0.91404191,2.462251991
YGR206W,0.053616382,0.972471037,-0.509519857,0.308290026,2.47667026
YGR207C,-0.256432574,0.592256882,-0.519838894,0.205725802,4.854367768
YGR208W,-0.406002479,0.356331645,-0.546315332,0.18271783,4.614204562
YGR209C,-0.233946147,0.626852697,-0.026403191,1,7.69766398
YGR210C,-0.720431299,0.093545989,-0.885691766,0.026173464,5.759519834
YGR211W,0.094489533,0.878294882,0.024309865,1,5.772372199
YGR212W,-0.385121285,0.445191215,0.102039297,0.908519613,1.75851807
YGR213C,-1.481914739,0.000119013,-0.710722124,0.099442169,2.342144839
YGR214W,0.168261248,0.751888731,0.20400107,0.705038696,9.33045041
YGR215W,0.424687887,0.395932369,0.177062788,0.783457876,3.098262871
YGR216C,-0.168098833,0.743595661,0.16766499,0.756181645,6.628440844
YGR217W,0.255195751,0.54770062,0.989303032,0.001927962,5.105834546
YGR218W,-0.045224953,0.979794588,0.565833439,0.197703568,6.532993614
YGR219W,0.510384382,0.364279917,0.269508835,0.692292996,1.105418646
YGR220C,0.714004634,0.14742345,0.138415364,0.863937432,3.821625267
YGR221C,-0.708997765,0.031198791,-0.404854457,0.267573676,3.820851954
YGR222W,-0.181443519,0.658825573,-0.501137516,0.121582328,3.523251622
YGR223C,0.217091736,0.625310192,-0.136250399,0.807984486,2.662541152
YGR224W,0.304168403,0.577636408,0.483424469,0.323149906,2.142401547
YGR225W,0.190207524,0.902882453,0.236425179,0.877785207,-0.750985846
YGR226C,0,1,0,1,-4.776081025
YGR227W,0.568989773,0.188114686,0.758621844,0.056009002,6.777038473
YGR228W,0.087200542,0.932997379,-0.744918326,0.162145622,1.642033161
YGR229C,0.342037188,0.494929693,-0.499843557,0.28280389,4.453663941
YGR230W,0.155169895,0.785692955,-0.625297231,0.137713746,2.314598874
YGR231C,0.14345073,0.777720133,-0.281945795,0.527860082,4.549559311
YGR232W,0.260723211,0.577636408,0.490795443,0.230239079,5.154656437
YGR233C,-0.93858296,0.002367037,-0.26671528,0.513056848,4.150707241
YGR234W,-0.363733203,0.432740589,1.112901033,0.002397149,6.827563846
YGR235C,0.220280917,0.580421845,-0.302275049,0.426531637,4.512030021
YGR236C,-1.895066016,0.004361409,-0.848070847,0.268232296,-0.65717508
YGR237C,-0.376436261,0.339600816,-0.858567646,0.009806218,2.897087129
YGR238C,-0.002756927,1,0.65096322,0.170467649,2.702018444
YGR239C,0.025175197,0.999442799,0.267124346,0.511187017,3.933311044
YGR240C,-0.603179913,0.126085274,-0.082764512,0.914361576,9.908136737
YGR240C-A,0.706110136,0.187371007,0.205138489,0.778997542,0.922934448
YGR241C,-0.321205262,0.438447802,-0.348967054,0.395817284,3.753023869
YGR242W,0.717508588,0.320767462,0.174494115,0.899093313,0.163982904
YGR243W,1.432037012,0.003252347,1.707829658,0.000336087,2.725085551
YGR244C,-0.465812229,0.222082013,-0.764988928,0.023746388,5.541176907
YGR245C,0.372157189,0.409739117,-0.409332153,0.363879237,3.993766748
YGR246C,0.163015306,0.81405815,-0.751899304,0.122788879,2.944027769
YGR247W,0.255962151,0.614032587,0.304619604,0.547135176,3.014709806
YGR248W,-0.73818748,0.186279985,-0.906731735,0.084136093,1.869408879
YGR249W,-0.305943503,0.622182291,-0.309059456,0.635184596,1.525598594
YGR250C,0.164595703,0.743595661,0.22191808,0.656550962,4.176491217
YGR251W,0.313808888,0.627068097,-0.619313508,0.282451186,2.15459264
YGR252W,0.067688145,0.912976697,-0.548382786,0.091226642,4.128578549
YGR253C,0.008838384,1,-0.454475462,0.380910013,5.185315518
YGR254W,-2.592076657,8.79E-05,-2.115177726,0.001592238,11.22265013
YGR255C,-0.133871929,0.794901669,0.327646851,0.435727894,5.459797716
YGR256W,-0.745040486,0.048159152,-0.219992574,0.663029838,3.93650971
YGR257C,0.115085282,0.834602418,0.048384588,0.971490825,4.717103002
YGR258C,-0.640034526,0.105566421,-1.175025113,0.000784467,2.926687249
YGR259C,-2.568613351,0.025458027,-1.111697638,0.387474539,0.89112702
YGR260W,-0.649065473,0.236937276,-0.768314066,0.140911893,9.293377765
YGR261C,-0.338409097,0.363064864,-0.141272274,0.766222979,4.741619029
YGR262C,-0.459006529,0.204822222,-0.171457315,0.718315397,4.695245605
YGR263C,-0.342361774,0.372440305,0.036158795,0.991388034,4.296116161
YGR264C,0.412666944,0.403190686,0.783461821,0.064909876,7.203070322
YGR265W,0.733274183,0.391783543,0.13838062,0.943199901,1.1115159
YGR266W,-0.429574996,0.288600118,-0.232089802,0.632513692,4.551550073
YGR267C,-0.376149253,0.326321215,-0.536316502,0.126131787,6.16447596
YGR268C,-0.644095629,0.090503857,-0.173804792,0.736061891,4.424541162
YGR269W,-0.493643262,0.399946622,-0.57377406,0.320858092,0.493823903
YGR270C-A,0,1,0,1,-4.776081025
YGR270W,0.49351081,0.145730168,0.051217808,0.954849017,3.952484972
YGR271C-A,0.311187319,0.622182291,-0.330355305,0.621497801,3.355802446
YGR271W,0.19277007,0.642318866,0.422844883,0.222176398,4.077502868
YGR273C,-2.237749873,0.001705608,-1.036051721,0.186160273,-0.913410199
YGR274C,0.937383796,0.047762649,0.387934192,0.501471999,2.347651754
YGR275W,0.445781164,0.20535897,-0.054961727,0.955326287,3.259094361
YGR276C,-0.081074232,0.920292275,-1.051854493,0.005496034,3.647074803
YGR277C,-0.725998395,0.040093535,-0.875700809,0.008614395,4.519029918
YGR278W,0.767572814,0.123794645,0.383692607,0.51113779,2.306835731
YGR279C,0.875715458,0.024506611,0.915650038,0.014881967,10.21297873
YGR280C,0.419734245,0.483747444,-0.287929164,0.678626053,3.118613351
YGR281W,0.066508991,0.927632765,0.898204629,0.006651021,5.869922127
YGR282C,-0.046324093,0.990605247,0.060115825,0.981100312,12.23603599
YGR283C,-0.976996196,0.001713215,-0.923674215,0.003107552,4.454272278
YGR284C,-0.65119603,0.172280625,-0.406209775,0.439209495,9.136080537
YGR285C,-0.466642233,0.283430299,-1.050899718,0.003971599,8.319235459
YGR286C,-2.025849452,0.002687309,-1.528481341,0.027303463,5.953677149
YGR287C,0.079210272,0.929158852,-0.529415805,0.257733476,2.209993658
YGR288W,-0.259266422,0.577636408,0.026989626,1,4.107123038
YGR289C,-0.515205346,0.189589721,-0.586990505,0.118703112,2.629811768
YGR290W,0.087635497,0.977742083,-0.645461526,0.494220217,-1.273114998
YGR291C,-4.828841188,5.37E-05,-2.725703419,0.00761743,-2.996286169
YGR292W,-2.465522764,2.01E-15,-2.190721765,2.56E-12,2.672718786
YGR293C,-0.252895992,0.788515411,-0.244890922,0.821349935,-0.404046403
YGR294W,-0.913454867,0.236912867,-0.370648828,0.734166954,-0.835396428
YGR295C,-0.541403548,0.18116567,-0.670675839,0.074610878,8.200307088
YGR296C-A,-1.835974096,1,-1.688044993,1,-4.701658832
YGR296C-B,-1.835937762,1,-1.688008896,1,-4.701658832
YGR296W,0,1,0,1,-4.776081025
YHL001W,0.427616602,0.402142593,0.353737552,0.51345472,7.362733701
YHL002C-A,-0.353880474,0.619169665,-1.301257978,0.019204028,1.310652248
YHL002W,-0.596862688,0.098782908,-0.9117452,0.004979332,4.194903784
YHL003C,0.316398251,0.445169371,-0.051897116,0.964103674,6.663801139
YHL004W,0.394485471,0.307799906,0.778635897,0.01811,4.6453548
YHL005C,0.390544603,0.599470228,1.109478957,0.044977045,0.338639111
YHL006C,-0.351169432,0.423060374,0.179655379,0.737538097,4.277182202
YHL006W-A,0.451087745,0.502574959,0.270583214,0.744466922,0.649367672
YHL007C,0.380675583,0.271284294,0.325886447,0.36482346,4.629846274
YHL008C,0.525690699,0.12947547,0.354057784,0.347871177,3.537311353
YHL009C,-0.155905391,0.812514567,-0.936699425,0.028101331,2.276860984
YHL009W-A,-0.299579509,0.794901669,0.240570372,0.915726688,-2.382980083
YHL009W-B,0.799811208,0.092710026,0.24842288,0.702136951,1.204635858
YHL010C,0.585488188,0.395286631,0.136148017,0.910737845,1.655596005
YHL011C,0.101301566,0.875807645,0.281315222,0.569932802,6.682051555
YHL012W,0.539870739,0.219215503,1.374334085,0.000194546,3.642839594
YHL013C,-0.134210327,0.849700698,-0.715102301,0.11060154,2.634520718
YHL014C,-0.188022636,0.666448522,-0.504021793,0.149471469,2.948783235
YHL015W,0.524088796,0.342723709,0.383152514,0.525252192,9.362291021
YHL015W-A,0.266525738,0.819886391,-0.41464649,0.710951235,-1.336105052
YHL016C,-0.361256979,0.513594443,2.161739475,8.74E-08,5.518232781
YHL017W,0.405779898,0.28418838,0.490572666,0.171359137,5.950691708
YHL018W,-0.434171816,0.558798758,-0.829192273,0.206493198,0.968759295
YHL019C,-3.596847724,5.34E-13,-2.313602485,3.42E-06,5.894445958
YHL019W-A,-1.797884417,0.031429664,-0.484689264,0.662673273,1.194725699
YHL020C,-0.273185944,0.546718614,-0.137928135,0.81409328,4.214185101
YHL021C,-0.195313144,0.809912962,0.49742995,0.446861599,6.115665189
YHL022C,-1.974736622,1.25E-07,-1.321384215,0.000766912,2.615062327
YHL023C,-0.223916879,0.626773731,-0.365993311,0.381527916,3.532521853
YHL024W,-1.361481329,0.000381877,-0.274158508,0.621155789,4.705940144
YHL025W,-0.582736938,0.221603912,-0.598359805,0.202629943,4.914777814
YHL026C,0.353291752,0.344902953,0.311446008,0.425274473,3.290470962
YHL027W,0.464432619,0.214200904,0.73275993,0.027868828,5.320918241
YHL028W,-0.985469776,0.011124306,-0.065280522,0.950539654,3.124993716
YHL029C,0.898575061,0.006267522,1.490199009,8.73E-07,5.734251706
YHL030W,-0.146542984,0.773321142,0.522865216,0.167148075,6.170147831
YHL030W-A,-0.377063862,0.519204885,-0.654776634,0.209973515,1.554862495
YHL031C,-0.698288768,0.070821881,-0.650535686,0.087927276,2.963545318
YHL032C,-0.232104253,0.687589914,0.239879262,0.687468129,5.692193885
YHL033C,-0.480851643,0.252238831,-0.756406556,0.04289411,8.206888523
YHL034C,-0.673163299,0.090991743,-1.375725577,6.66E-05,6.539920896
YHL034W-A,-0.801366837,0.041538603,-1.185852189,0.00100663,4.396149032
YHL035C,-0.638416688,0.270246998,-0.479572291,0.436839536,5.306765715
YHL036W,-0.044942397,0.975050763,0.58507304,0.144732319,4.760721463
YHL037C,-1.094158981,0.182211318,-0.14467031,0.941647912,-1.786803204
YHL038C,0.093463941,0.892703189,-0.367354243,0.418750867,2.552720099
YHL039W,0.146822013,0.776891961,0.530431962,0.166417357,5.532062402
YHL040C,-0.187935023,0.873766691,-0.52880504,0.55657913,7.900565401
YHL041W,-2.649411523,6.31E-05,-2.38684669,0.000390138,-0.77599864
YHL042W,-0.784390778,0.09081367,-0.086629896,0.935360769,1.585767476
YHL043W,-1.044472653,0.012649458,0.226953345,0.708336776,1.893381434
YHL044W,0.172240148,0.680759887,0.67681381,0.02627274,4.147256725
YHL045W,-1.553471486,0.005434239,-0.982756318,0.098214027,-0.111325247
YHL046C,-1.763199167,0.004789272,-1.352423195,0.035669898,0.063592775
YHL046W-A,0.085442087,0.962132632,-0.748804953,0.283745568,1.729339959
YHL047C,-0.44758697,0.602119867,-1.145586692,0.101512563,5.708542172
YHL048C-A,0.488998202,0.795532739,-0.70081267,0.826470594,-3.46455824
YHL048W,0.371832828,0.378225389,0.469992722,0.240327661,6.867653678
YHL049C,-0.726737386,0.175264515,-0.778454524,0.132436825,1.929353533
YHL050C,0.206815479,0.666448522,0.466891645,0.238998056,3.774993308
YHL050W-A,0,1,0,1,-4.776081025
YHR001W,-0.596970584,0.073382019,-0.993351732,0.000858172,4.344898063
YHR001W-A,1.437452854,4.95E-06,1.990898286,9.42E-11,5.327890456
YHR002W,0.493245078,0.195153126,0.855709755,0.01015753,2.752479461
YHR003C,0.146496451,0.755780144,-0.268812789,0.5304393,3.77590961
YHR004C,-0.025746081,1,0.401833749,0.287190837,4.079615488
YHR005C,-0.149353509,0.761749589,-0.899758281,0.006682667,3.903349362
YHR005C-A,1.024648456,0.002066376,0.454992561,0.243152893,5.879963208
YHR006W,0.709695354,0.026007718,0.27182962,0.49367976,3.936820614
YHR007C,0.502721995,0.212831538,1.200959683,0.000408451,9.07496884
YHR007C-A,-0.925345249,0.063888231,-0.348484703,0.571346023,2.010692618
YHR008C,-0.253789319,0.652147395,0.28914858,0.611789684,6.79632058
YHR009C,0.341352564,0.443616986,1.24511728,0.000324316,6.143403562
YHR010W,0.735217629,0.194857061,0.004981777,1,8.861884991
YHR011W,-1.508627353,7.54E-06,-1.64254236,1.16E-06,2.673459253
YHR012W,-0.271653259,0.484887909,-0.680914919,0.030925054,4.744298212
YHR013C,-0.563968389,0.104745158,-1.052923168,0.000546193,4.44639893
YHR014W,-0.172766555,0.751626742,-0.220166364,0.684952839,2.484408637
YHR015W,-1.122494598,0.045858501,-1.591433076,0.002541537,1.103935427
YHR016C,-1.513223034,0.000992824,-1.258196841,0.007024163,4.805071521
YHR017W,0.169466523,0.706127406,0.416561646,0.255114432,3.889986171
YHR018C,-1.112875175,0.005735147,-0.027874851,1,9.039103486
YHR019C,-0.474222812,0.342540937,-0.131548049,0.864980905,9.960641411
YHR020W,-0.178081912,0.721629089,0.224304966,0.654929512,8.952784859
YHR021C,0.959670269,0.025780614,1.071189085,0.009262033,10.57054679
YHR021W-A,-0.910586591,0.126085274,-0.589585335,0.37448451,-0.012238615
YHR022C,-0.286940128,0.654703787,-0.019028004,1,1.508291679
YHR022C-A,-1.252407108,0.029197789,-0.914686081,0.134568704,-0.967110473
YHR023W,1.074833825,0.033825262,0.002452773,1,2.632501428
YHR024C,-0.042465531,0.971511271,0.408943721,0.28032626,5.433379985
YHR025W,-0.548117947,0.272934166,-0.252527284,0.680780601,10.15789535
YHR026W,0.05822817,0.952436194,0.051818437,0.971759732,9.166845329
YHR027C,0.114112091,0.835967449,-0.199437933,0.685603153,5.808421979
YHR028C,0.057772939,0.954027222,0.329264062,0.48327454,6.501134116
YHR028W-A,-0.875840141,0.324850758,-0.899053447,0.31409332,-2.199926542
YHR029C,-1.401413879,4.88E-06,-1.657295371,4.61E-08,5.611669913
YHR030C,-0.195049583,0.642318866,-0.304933283,0.42712258,4.734627269
YHR031C,-0.646772531,0.071605375,-1.10516449,0.000585737,3.361615135
YHR032C-A,0.741168545,0.318646441,0.676964002,0.379046639,1.186864392
YHR032W,0.628139572,0.244189763,0.262767047,0.701636135,6.144417713
YHR032W-A,0.520335898,0.328696677,0.353663453,0.55657913,2.963201854
YHR033W,0.569771287,0.24690501,0.972696038,0.024706546,5.920196865
YHR034C,-0.548308681,0.189529142,-0.514372997,0.221281761,2.818851354
YHR035W,-1.244601839,0.002536484,-0.718154829,0.110820039,2.122695867
YHR036W,-0.612176007,0.136185239,-0.741056258,0.05417496,2.823889549
YHR037W,0.029734944,0.996869536,0.455061092,0.250937401,5.167302883
YHR038W,0.152638121,0.819308401,-0.094971245,0.926431115,1.999712433
YHR039C,0.172812382,0.721629089,0.399918367,0.322514605,7.847144309
YHR039C-A,0.520325769,0.297881173,0.102077611,0.909896502,6.520464938
YHR040W,0.424488116,0.328391002,-0.037904781,0.998236368,2.656199181
YHR041C,-0.469030288,0.288475706,-0.185180658,0.741351772,6.61116812
YHR042W,0.355983604,0.451441612,0.61879659,0.137663545,9.055395014
YHR043C,-0.306362994,0.493423993,-1.151122275,0.000766912,4.150131896
YHR044C,-0.097877385,0.872010196,-0.128346783,0.826470594,2.840221762
YHR045W,0.211367654,0.661083635,0.150479787,0.785442138,5.157534144
YHR046C,0.645385839,0.105375965,0.133393718,0.826489019,4.107183663
YHR047C,0.052847169,0.952436194,0.185023077,0.702136951,5.915992523
YHR048W,-0.596526151,0.152288376,0.153799372,0.799299973,4.701833805
YHR049C-A,0.78200537,0.115159982,0.471034922,0.393631571,2.57126826
YHR049W,0.041880871,0.977262889,0.534587038,0.160885767,6.494357314
YHR050W,0.318945251,0.507249822,0.228534672,0.674385989,7.587257688
YHR050W-A,1.032475035,0.001018228,1.20376907,9.69E-05,3.415373
YHR051W,1.133102125,0.000337045,1.398538808,5.35E-06,5.701836581
YHR052W,0.516115772,0.464646111,-0.539086619,0.446889906,5.135720205
YHR052W-A,0.708096773,0.221163464,0.397980647,0.552156326,6.141596729
YHR053C,1.26383581,0.124038089,1.870911036,0.012543072,2.163954634
YHR054C,0.310834915,0.420449723,0.868002274,0.004906539,4.709986337
YHR054W-A,0.753175726,0.199389537,0.443486904,0.505195808,6.006184812
YHR055C,-0.637590243,0.882214578,-0.06120967,1,0.492562593
YHR056C,0.393773322,0.293473402,0.773498126,0.015722434,5.086555109
YHR056W-A,-0.507272981,0.508746411,-0.204135303,0.852003036,0.371554673
YHR057C,-1.234811929,0.000264453,-0.892302844,0.011751058,5.00470369
YHR058C,-0.336836568,0.440551972,-0.704369874,0.057911043,2.459973071
YHR059W,0.583650762,0.269221839,0.422160353,0.461872756,2.106445379
YHR060W,0.161198504,0.851456046,0.035195991,1,3.206632774
YHR061C,0.549134126,0.098487953,0.784792942,0.008909626,3.723312805
YHR062C,-0.703830916,0.024904063,-0.639917281,0.039809966,4.247191648
YHR063C,-0.651623329,0.056709326,-0.670889776,0.04155161,4.615665659
YHR063W-A,0.194844186,0.683497623,0.341365528,0.421050433,4.154187854
YHR064C,0.37621996,0.393357233,0.283620897,0.55657913,8.021014055
YHR065C,0.630132593,0.17547674,-0.443731477,0.380111528,3.959209536
YHR066W,0.10839778,0.864325154,-1.208796631,0.00081828,3.600797143
YHR067W,-0.735483359,0.019149066,-0.279233913,0.471200496,3.871447266
YHR068W,0.372192222,0.509887687,-0.027956535,1,6.878549779
YHR069C,-0.352493754,0.320548097,-0.942806412,0.001131505,4.437522939
YHR069C-A,-0.336315303,0.569970874,-0.508934882,0.365513917,1.050559867
YHR070C-A,0.296686057,0.556043089,0.431767358,0.3597561,2.549651894
YHR070W,-0.082802917,0.91248393,-0.213748505,0.695828456,4.797848494
YHR071C-A,0.072531224,0.945519374,0.475463074,0.327112908,2.486429692
YHR071W,0.613776439,0.179761749,0.003922746,1,6.422815063
YHR072W,-0.056582762,0.949620378,0.233289719,0.63055047,6.39647242
YHR072W-A,0.532008707,0.327622179,0.185399257,0.803342331,6.378068515
YHR073C-B,0,1,0,1,-4.776081025
YHR073W,0.559176928,0.097106647,-0.021457915,1,4.374789875
YHR073W-A,0.040281356,1,-0.080411366,1,-3.853523443
YHR074W,-0.319200452,0.486014497,0.332127772,0.473083723,7.682454043
YHR075C,-0.368368297,0.438600947,-0.022013486,1,2.698427896
YHR076W,-0.196927769,0.640085505,-0.455105166,0.192340373,3.895693462
YHR077C,0.48561499,0.185084232,-0.105270298,0.862543529,3.972487915
YHR078W,0.25670093,0.54135159,0.53425674,0.131604422,5.92802971
YHR079C,0.332988401,0.391783543,0.686786563,0.036449259,5.04140147
YHR079C-A,0.398991104,0.539391563,1.04321833,0.040301218,0.593853466
YHR080C,0.505752018,0.161624506,0.274858406,0.509696557,3.971205008
YHR081W,0.577556041,0.295836104,-0.117604777,0.909538283,3.278564562
YHR082C,0.532186164,0.12301807,0.606718975,0.062241792,4.674231407
YHR083W,-0.06751749,0.929158852,0.209491194,0.672565291,5.452323845
YHR084W,0.582182414,0.170586251,0.332934105,0.493406861,3.968649625
YHR085W,0.247458875,0.577017788,-0.375718765,0.371752348,3.245636665
YHR086W,0.137034194,0.865107875,0.47190084,0.412260922,6.495901873
YHR086W-A,-0.48288118,0.722139475,-1.317410988,0.219482346,-2.16163095
YHR087W,-0.495242725,0.302600846,-0.054140573,0.980465336,2.450034155
YHR088W,0.139920994,0.851456046,-0.866504006,0.066612083,3.95172501
YHR089C,0.564401918,0.193701528,0.030375149,1,6.04576881
YHR090C,0.63228032,0.133140382,-0.0493481,0.989013392,2.713714657
YHR091C,-0.05099549,0.945203193,-0.468167107,0.158721278,3.331790122
YHR092C,-0.275753515,0.569213946,-0.372988612,0.41802491,3.444378523
YHR093W,0.69399268,0.457416169,0.742590894,0.426521675,-0.536922382
YHR094C,-0.370576992,0.451865146,2.125571512,6.28E-09,9.410604278
YHR095W,0.081150575,0.97502609,-0.09958505,0.965568937,-0.416068314
YHR096C,-0.268404398,0.594784869,0.562669888,0.19017513,3.189986519
YHR097C,-0.25385898,0.584820335,0.071464858,0.936135563,2.442578783
YHR098C,0.181050816,0.704972131,0.628968952,0.076799358,7.106233576
YHR099W,0.869825615,0.010359053,0.858319834,0.010129881,4.813150035
YHR100C,-0.325406421,0.385962517,0.439992828,0.206493198,4.466104929
YHR101C,-0.357331522,0.381511841,-0.322075246,0.446889906,3.976988843
YHR102W,-0.596437861,0.181439448,-0.85902669,0.034597699,3.276494035
YHR103W,0.559571336,0.1406415,-0.182018633,0.72954513,3.426781551
YHR104W,-1.069027248,0.035035634,-0.186139931,0.81592747,6.656669302
YHR105W,-0.371341077,0.479554732,-0.725188532,0.116762561,0.888261712
YHR106W,-0.458122226,0.325015978,0.217923157,0.708336776,4.277504029
YHR107C,0.539088832,0.324319061,-0.120087272,0.901323389,3.927550174
YHR108W,-0.30164805,0.492043253,-0.293588995,0.513056848,6.197451442
YHR109W,0.278025462,0.580535704,0.671381027,0.102454532,2.683127142
YHR110W,-0.225175638,0.600782994,-0.438681031,0.238242858,4.87891792
YHR111W,-0.716347517,0.029041094,-0.673082954,0.037424421,4.481607821
YHR112C,-0.425095208,0.241722959,-0.275030538,0.498405124,4.582347585
YHR113W,-0.639494827,0.166446377,0.141573976,0.841981271,6.377919284
YHR114W,-0.042616783,0.965216806,-0.47505761,0.152544602,3.554494801
YHR115C,0.445797313,0.28288387,0.893934526,0.011369219,5.753079049
YHR116W,-0.266875104,0.610717917,-0.336042244,0.513640784,2.092297494
YHR117W,-0.25661834,0.556721245,-0.494182848,0.192573616,5.282592752
YHR118C,0.0710847,0.938802405,-0.879725646,0.028852166,2.328857935
YHR119W,-0.352031229,0.330971549,-0.717332046,0.020425276,3.927612182
YHR120W,-0.547193881,0.146060513,-1.06262753,0.001237855,2.924313594
YHR121W,-0.039146334,0.98083347,-0.410126034,0.295954378,4.354065083
YHR122W,-0.207998145,0.627219401,-0.07966406,0.905501562,5.025656457
YHR123W,-0.435840525,0.320767462,0.130571687,0.836728574,7.711387182
YHR124W,-0.922843708,0.009039307,-0.52366771,0.178932675,4.98455649
YHR125W,0.95535231,0.283456256,1.038538793,0.219338903,-2.011416372
YHR126C,0.502508469,0.731371603,0.346628477,0.883385307,-2.757098346
YHR127W,-0.109404596,0.868814813,-0.745828318,0.061767131,2.876173954
YHR128W,-0.331150411,0.459359405,-0.197681987,0.710037313,6.352382172
YHR129C,0.153980946,0.82563205,-0.535743243,0.318344812,2.256457226
YHR130C,-0.056599188,0.986597703,0.186657877,0.843054786,0.706046109
YHR131C,0.375860713,0.306780655,0.341290268,0.366009891,3.697384577
YHR131W-A,0.74311481,0.598891385,0.254337338,0.925540338,-1.800779872
YHR132C,-0.257489368,0.614165503,-0.018288434,1,6.852466975
YHR132W-A,-0.374621803,0.322670716,-0.199225935,0.663029838,3.763486661
YHR133C,0.375054261,0.347740631,-0.122376531,0.828621516,6.097111141
YHR134W,-0.065077737,0.924623464,-0.639981387,0.056906234,2.851967362
YHR135C,-0.020164534,1,-0.176739946,0.679449128,4.418767549
YHR136C,-3.708601615,5.81E-21,-3.390995711,6.41E-18,3.470274022
YHR137C-A,0,1,0,1,-4.776081025
YHR137W,-2.050605684,0.001885776,1.124388761,0.115309104,7.486536319
YHR138C,-0.035820363,0.986895872,0.203800611,0.676389897,4.091515035
YHR139C,-1.444135755,0.003409248,-1.173378879,0.019976914,1.664714709
YHR139C-A,-2.522414502,2.72E-05,-1.236122543,0.05417496,0.508434273
YHR140W,-2.311518286,1.19E-07,-0.202743995,0.780788961,4.216088832
YHR141C,0.217782243,0.69523739,-0.009624683,1,9.00335912
YHR142W,0.353294747,0.403190686,0.9966305,0.003277479,7.469879791
YHR143W,-0.449303557,0.337802462,-0.219289399,0.704448976,9.818423152
YHR143W-A,0.548433597,0.226801027,0.3066296,0.561658665,4.830942272
YHR144C,0.4953776,0.307338594,-0.517714902,0.28601766,3.685409693
YHR145C,0.666946495,0.542430179,0.612282307,0.648301681,-2.494487053
YHR146W,0.130187019,0.835967449,-1.478457584,7.16E-05,4.774465385
YHR147C,0.218886381,0.590831353,0.160253663,0.73141078,3.815232142
YHR148W,0.498030378,0.492795398,-0.391860555,0.632381473,3.059951305
YHR149C,0.392441348,0.38396276,-0.457696331,0.300319146,3.583715076
YHR150W,0.436999575,0.243782028,0.388465779,0.312144272,3.283950385
YHR151C,0.233830667,0.6155027,0.327713701,0.45620209,6.691771655
YHR152W,0.163763999,0.773321142,-0.259131063,0.640237467,3.2509517
YHR153C,-0.196822258,0.728729438,-0.430232226,0.37740098,1.754658007
YHR154W,0.348434773,0.437395472,0.102190775,0.885215499,3.066160102
YHR155W,0.17571896,0.677435132,0.154152452,0.734166954,4.153191176
YHR156C,-2.855507483,2.35E-16,-3.060661766,1.55E-18,4.96721663
YHR157W,-1.624126605,1.91E-05,-1.407730909,0.000334449,1.191747348
YHR158C,1.152681839,0.000601888,0.956996473,0.005308301,3.989605811
YHR159W,0.070396526,0.947663828,-0.680512206,0.122246685,2.274043167
YHR160C,-0.237833283,0.712546538,0.082582437,0.950539654,2.366968007
YHR161C,0.076843327,0.914310255,-0.22835611,0.639360342,4.152110237
YHR162W,-0.682749619,0.078533845,-0.433945042,0.300232728,8.172408472
YHR163W,-0.88931788,0.019609598,-0.217135199,0.681119804,7.630319789
YHR164C,0.233625458,0.643675113,-0.395192937,0.383628199,2.334593811
YHR165C,0.094313985,0.854951867,0.139500825,0.765283273,3.640377987
YHR165W-A,0.056167163,1,0.529727891,0.741188879,-2.131289219
YHR166C,-0.304996505,0.487666252,-0.93858789,0.007085784,2.642833614
YHR167W,0.562174835,0.338517656,-0.321807175,0.659038268,2.201105898
YHR168W,-0.610644413,0.154058365,-1.012469422,0.008083646,2.431275229
YHR169W,0.290688105,0.494929693,-0.54836655,0.14220544,3.458784663
YHR170W,0.218123006,0.697597362,-0.118582942,0.877052513,5.667564005
YHR171W,-0.161653264,0.748430439,0.965105912,0.004106249,3.245859715
YHR172W,-1.400348952,1.49E-05,-1.545671368,1.61E-06,2.859517438
YHR173C,-0.663715026,0.218938532,-0.480689629,0.410994156,1.124883464
YHR174W,-1.395104968,0.000919988,-0.91504753,0.039560813,14.4299362
YHR175W,-0.437496578,0.435991668,-0.585646976,0.266633782,7.825478094
YHR175W-A,-0.573909998,0.258436341,-0.288375677,0.640753135,3.987035457
YHR176W,-1.201281646,0.001010363,-0.911661659,0.016139289,3.198311449
YHR177W,-1.711307843,0.000122203,-2.260414286,2.97E-07,2.589933896
YHR178W,-1.767614495,5.87E-07,-1.566873865,1.43E-05,4.231435346
YHR179W,-0.383739207,0.392948184,-0.052141923,0.972379723,7.480536122
YHR180C-B,0,1,0,1,-4.776081025
YHR180W,-0.014389264,1,0.297070938,0.489780729,2.90799622
YHR180W-A,-4.903058325,0.114825712,3.116134648,0.068426465,-2.259112583
YHR181W,-0.324005912,0.485759924,-0.199725035,0.715404989,7.203867143
YHR182C-A,-0.128111154,0.818139828,0.182324061,0.731150736,6.843720069
YHR182W,-1.054342527,0.00175861,-1.126032333,0.000766912,3.212989132
YHR183W,-0.165092684,0.75382475,0.346176065,0.443570187,9.129800475
YHR184W,-0.7082685,0.132544137,-0.900210864,0.041401885,1.017754538
YHR185C,-0.202333039,0.853204058,-0.703073647,0.409333238,-1.633775488
YHR186C,0.363464993,0.368347149,1.055302265,0.00109951,4.229866863
YHR187W,0.023272797,1,-0.311553344,0.435536266,3.850178964
YHR188C,0.176947294,0.743496367,0.439902038,0.32027612,8.045817532
YHR189W,0.153863742,0.860164186,0.290567563,0.695828456,2.998595406
YHR190W,-0.350455966,0.39997324,0.097451044,0.883216685,7.287549978
YHR191C,0.092538025,0.882821052,-0.405867621,0.340455303,2.67228778
YHR192W,0.045655282,0.963179354,-0.575989961,0.093065136,3.84778404
YHR193C,0.258427072,0.585248553,-0.297539059,0.527860082,7.867102276
YHR193C-A,-1.803283713,0.067201136,-0.330761673,0.7930349,-2.632929074
YHR194W,-1.021137861,0.023949094,-0.625602501,0.200587489,6.035872812
YHR195W,0.283584188,0.423525324,0.179795789,0.664275722,3.832302459
YHR196W,0.776340446,0.18719781,-0.326499379,0.66193618,4.319620931
YHR197W,0.716884661,0.119883271,0.889939215,0.03750591,4.353867255
YHR198C,0.325786749,0.373878465,0.722765806,0.018502727,4.48279955
YHR199C,-1.142529847,0.008008706,-0.269143821,0.659038268,6.712734733
YHR199C-A,-0.310201117,0.596676134,-0.199977222,0.768419994,2.33335112
YHR200W,-0.659045185,0.064508817,-0.572839541,0.106792992,5.257293853
YHR201C,-0.243538008,0.552303254,-0.867042984,0.005578517,4.482084367
YHR202W,0.897511083,0.005118782,1.387071911,2.99E-06,3.504614477
YHR203C,0.316919099,0.505371717,0.231569677,0.666687539,9.594530894
YHR204W,0.117115381,0.836117482,0.583887507,0.122788879,6.49390931
YHR205W,0.331663438,0.415973083,0.713809063,0.036674169,6.825111395
YHR206W,0.426453885,0.335222727,0.541182486,0.194635364,4.782383119
YHR207C,0.610841833,0.201621654,-0.210019079,0.746242529,3.044243226
YHR208W,0.394719085,0.388298395,0.882947192,0.020809581,9.968552943
YHR209W,-0.248642925,0.54494938,0.405643026,0.269823013,3.904609267
YHR210C,0.312754052,0.594458734,0.055344221,0.98824439,2.026250698
YHR211W,-0.816073869,0.063653187,-0.530867019,0.259128184,5.564440795
YHR212C,-0.624128844,0.485338861,-0.725677513,0.442618138,-2.000990757
YHR212W-A,-0.550077751,0.65404758,0.063696485,1,-2.460527343
YHR213W,-0.469039194,0.498155275,-0.573137996,0.406471293,-0.76766153
YHR213W-A,-0.659934245,0.386362455,-0.149991761,0.926485128,-1.248471813
YHR213W-B,-0.94071951,0.193256064,-0.491445169,0.565096877,-1.258001411
YHR214C-B,0.030379471,1,-0.368416909,0.502462285,5.619966414
YHR214C-C,-0.351160156,0.861962839,3.602069005,0.003000873,1.640170149
YHR214C-D,-3.189888461,4.26E-09,-2.311752345,2.53E-05,0.735271756
YHR214C-E,-3.759626634,2.61E-08,-2.460537274,0.000265745,0.294409214
YHR214W,0.468363351,0.406159216,0.336679861,0.594133662,4.17244651
YHR214W-A,0.154305344,0.788639684,0.688110372,0.084268764,4.416162342
YHR215W,-5.087611727,5.53E-33,-4.446854024,1.37E-26,6.528462901
YHR216W,-1.513336088,4.43E-06,-0.716516461,0.051223306,5.86688238
YHR217C,-1.190142692,0.258171422,-0.975513296,0.371212324,-2.856781749
YHR218W,-0.448396211,0.434884013,-0.24662803,0.722520134,2.613681088
YHR218W-A,0.112968411,0.925422202,0.488471825,0.424511151,0.228634358
YHR219C-A,0,1,0,1,-4.776081025
YHR219W,-0.164235585,0.737392719,0.410177925,0.311445691,3.553571445
YIL001W,-0.019531345,1,0.103981536,0.892320996,2.712971694
YIL002C,-0.118143252,0.815031798,-0.146999161,0.766665721,3.938311282
YIL002W-A,-0.643527293,0.058148491,-0.654430571,0.045937221,4.256652779
YIL003W,-0.304226367,0.408735532,-0.474022692,0.1530098,3.778932252
YIL004C,0.439192826,0.218660867,0.152028991,0.744466922,3.373365968
YIL005W,0.313007377,0.389621181,0.183577687,0.670851646,4.391908557
YIL006W,0.237199234,0.657355198,1.001394569,0.009244365,4.477145704
YIL007C,-0.228566452,0.610812604,0.206818973,0.669540741,2.693004366
YIL008W,0.529157488,0.297881173,0.042150786,0.99693963,3.812881594
YIL009C-A,-0.27599759,0.47742155,-0.006534163,1,4.070701741
YIL009W,0.523158397,0.178450968,0.59159038,0.109705922,4.512637753
YIL010W,-0.306761321,0.410724576,-0.390402151,0.270862733,4.404425051
YIL011W,0.915501467,0.009422886,0.621128901,0.096079235,4.993963308
YIL012W,-2.917038838,7.37E-07,-2.186618013,0.00028428,0.834277266
YIL013C,-0.217904829,0.688784611,-0.255298403,0.643817434,3.637179712
YIL014C-A,0.428211016,0.343934436,1.135907795,0.002059228,4.762138888
YIL014W,0.559095098,0.129260251,0.568630606,0.111990342,4.685507433
YIL015W,0.105165318,0.860189834,-0.109352143,0.866248252,6.22078162
YIL016W,-0.354768479,0.361755222,-0.739131783,0.02498315,4.317095573
YIL017C,-0.546845084,0.117257098,-0.272677526,0.504278912,4.008445705
YIL018W,0.089466476,0.90954176,0.118948723,0.871864461,12.4779555
YIL019W,0.61622258,0.266486336,-0.273742073,0.699959451,2.942616112
YIL020C,0.289912307,0.438600947,0.23423792,0.564649002,3.726107505
YIL020C-A,0.256894345,0.75893481,0.277583868,0.756404151,0.508853967
YIL021C-A,0.044536026,1,-1.558013261,0.38550726,-3.350791586
YIL021W,0.228031243,0.703061126,-0.716282501,0.121039029,4.134748755
YIL022W,-0.014712456,1,-0.247808771,0.608004705,5.233729181
YIL023C,-0.657178784,0.182361214,-0.634801343,0.1939838,6.899937849
YIL024C,0.583306682,0.094575231,0.70715094,0.029527865,3.044158765
YIL025C,-0.15040863,0.921820475,-0.31267385,0.773812475,-0.826393146
YIL026C,-0.747946104,0.024608004,-0.958377603,0.002227555,3.491839295
YIL027C,0.472043718,0.227305944,-0.369932086,0.376588978,4.534868802
YIL028W,-0.108054733,0.912071448,0.085532968,0.974741737,0.367911077
YIL029C,0.08061221,0.933896008,-0.397686375,0.506522348,1.123886521
YIL029W-A,0.98311984,0.317206209,0.595832533,0.60361702,2.103338295
YIL030C,0.454237006,0.256944035,0.655541149,0.071185034,7.950029049
YIL030W-A,-0.094019682,0.975087306,0.32457824,0.903527906,-1.93699126
YIL031W,1.041112166,0.420208848,0.716887047,0.625655669,2.720741793
YIL032C,-2.54268888,6.89E-07,-1.474808651,0.0062139,1.184732678
YIL033C,-0.289245796,0.609730232,0.489564403,0.336377381,7.667964904
YIL034C,-0.312077923,0.454108402,0.089718486,0.893718466,6.693882107
YIL035C,0.775859392,0.076691164,-0.003190071,1,4.362420246
YIL036W,0.403102231,0.247608848,-0.094512263,0.871864461,3.483822422
YIL037C,-1.371358812,3.23E-05,-0.79025883,0.027057218,3.219630522
YIL038C,1.195703182,0.009746334,0.37621385,0.527048667,3.608258467
YIL039W,-0.13224672,0.800332931,0.168643111,0.740543388,6.727153896
YIL040W,0.863031463,0.025683809,0.998183048,0.006553293,6.22095011
YIL041W,-0.658869132,0.177131625,-0.423101131,0.428854451,7.48253399
YIL042C,0.150884496,0.831608498,0.695810579,0.148182589,4.645680406
YIL043C,-0.648855094,0.153130723,-0.723303502,0.093816348,9.045702324
YIL044C,0.153751895,0.759895123,-0.344467302,0.424440198,4.204731438
YIL045W,-0.502097286,0.203852383,-0.708826298,0.050379088,2.644050384
YIL046W,-0.700470091,0.180043596,-0.632073033,0.229986065,4.550910676
YIL046W-A,-0.27749381,0.807148113,-0.594474723,0.557699347,-1.583015526
YIL047C,1.007727096,0.005440284,0.924048779,0.010624446,8.214344127
YIL047C-A,0.544928848,0.329343443,1.259589955,0.007055264,3.082290815
YIL048W,0.437634472,0.267627235,0.727514117,0.036078794,6.337303035
YIL049W,-0.297214999,0.432764324,0.139092463,0.767837181,5.157509912
YIL050W,0.317398594,0.419157793,0.537932457,0.120439725,3.575975997
YIL051C,-0.931523973,0.044468222,-0.124968308,0.881843049,8.33465933
YIL052C,0.550874521,0.298757878,0.061851126,0.974263765,8.307777183
YIL053W,-0.800028037,0.098360928,-0.423560841,0.439209495,7.879590031
YIL054W,0.20969641,0.977262889,-0.310175553,0.91404191,-2.472233195
YIL055C,0.19456261,0.732147692,0.382972223,0.440405634,3.131631684
YIL056W,0.311609519,0.519204885,0.680688404,0.093334952,5.740240804
YIL057C,-1.832911895,0.03976593,-0.675870921,0.55657913,-2.144954421
YIL058W,-0.629206006,0.155131645,-0.362538066,0.474195146,1.882242189
YIL059C,-0.63273313,0.196203713,0.170193475,0.811891697,1.896283083
YIL060W,-0.577901887,0.192548718,0.042102989,0.99160671,2.149673865
YIL061C,0.08514952,0.923963765,-0.247063406,0.678836098,2.124444038
YIL062C,-0.513708159,0.152267267,-0.552637302,0.10802798,5.670894929
YIL063C,0.504451278,0.272934166,0.041514638,0.991881047,3.673506663
YIL064W,-0.19041151,0.672148367,-0.776601017,0.017669575,4.79272618
YIL065C,-0.123739036,0.804457793,-0.533402756,0.129185886,3.542343593
YIL066C,-0.598400597,0.110318746,-0.506932339,0.181285829,3.247183005
YIL066W-A,0.297913496,0.697343525,0.232632326,0.793017477,1.43848879
YIL067C,0.035392983,0.985071117,0.502847227,0.161723641,5.376576534
YIL068C,0.556324942,0.18760802,-0.294921103,0.562576957,2.978565443
YIL068W-A,0.2716876,0.789670471,-0.959378049,0.250103158,-1.231911022
YIL069C,0.634336895,0.191589797,0.7254607,0.116762561,8.543978143
YIL070C,0.226873249,0.585941841,0.236682285,0.582470385,3.588768363
YIL071C,0.155306504,0.81395074,0.14320023,0.848939396,2.384557562
YIL071W-A,-0.174707442,0.830519085,-0.033558534,1,0.655749215
YIL072W,-1.027202681,0.005777976,-0.00637794,1,2.831768555
YIL073C,-1.226523549,8.15E-05,-0.678918072,0.046409816,4.247986736
YIL074C,-0.112402577,0.861032828,0.202310316,0.715404989,6.245961677
YIL075C,-0.215564148,0.637905165,0.297350539,0.495461206,6.845154506
YIL076W,-0.444080032,0.366001878,-1.144312977,0.004490581,5.50802448
YIL077C,-0.19416888,0.658554818,-0.263916071,0.52986818,3.228210629
YIL078W,0.225149253,0.649193069,-0.176850672,0.744466922,7.41294502
YIL079C,-0.086711325,0.912367131,-0.671037872,0.109262886,3.608014391
YIL080W,-0.22404601,0.853060047,0.397966079,0.654038442,-0.873703602
YIL082W,0.006721746,1,-0.120544592,1,4.905530254
YIL082W-A,-0.336611189,0.626852697,0.202220803,0.813166202,5.269236386
YIL083C,-0.252316143,0.54135159,0.385498844,0.303033605,4.534628166
YIL084C,-1.923168717,1.25E-07,-2.265076056,5.14E-10,3.692833091
YIL085C,0.053301946,0.952766502,0.107139389,0.862543529,5.299093777
YIL086C,-0.783507471,0.143815375,-0.977224513,0.05417496,0.976196463
YIL087C,-1.386803299,0.007401321,-1.170337995,0.024928419,5.718364309
YIL088C,-0.373276455,0.39971337,0.453280602,0.285959068,7.420297615
YIL089W,-0.343725845,0.567100109,-0.346189419,0.582533549,1.913627854
YIL090W,0.742907083,0.037895746,1.001411582,0.002510705,7.702974463
YIL091C,0.781944763,0.093900394,-0.089999103,0.931278799,3.695229826
YIL092W,-0.234567962,0.645725678,-0.701446019,0.079704848,2.023902945
YIL093C,-0.277333786,0.547517632,-0.854529708,0.01951398,2.813600917
YIL094C,-0.523908579,0.155131645,-0.838166843,0.010422955,6.508722429
YIL095W,0.086573845,0.864990257,0.504876966,0.108419905,3.359440711
YIL096C,0.304083727,0.629716756,-0.715474266,0.178068046,3.017675664
YIL097W,0.202648766,0.711964973,-0.051545085,0.987100268,2.163963098
YIL098C,0.570997391,0.269733625,0.263098427,0.678836098,2.60643906
YIL099W,-0.482843696,0.3403271,-0.817012178,0.068427629,3.041035713
YIL100C-A,0.826739874,0.24624402,0.490617233,0.564699018,0.188690984
YIL100W,-2.237483125,0.012638617,-2.537349569,0.004906539,-1.6201395
YIL101C,0.995116748,0.00753265,1.269566374,0.000361834,4.91200975
YIL102C,-0.924025251,0.281886942,-0.48704598,0.65231421,-2.055725016
YIL102C-A,-0.518817052,0.176828788,-0.511031445,0.178477181,2.733553859
YIL103W,-0.306582247,0.426918189,-0.349779734,0.355615601,4.419390627
YIL104C,0.119244484,0.874272997,-0.714032155,0.134794653,3.143284489
YIL105C,0.82822759,0.011411687,0.098940422,0.871864461,3.000404408
YIL105W-A,-2.585929609,0.731045641,1.989321404,0.329081105,-4.23268872
YIL106W,0.559850126,0.160818404,0.768030605,0.035079571,3.742511093
YIL107C,0.170148687,0.69523739,-0.378512023,0.296606342,3.678784589
YIL108W,-0.198523386,0.688150033,0.388803143,0.363539606,6.098891594
YIL109C,0.483498004,0.234073259,0.812262148,0.023211479,8.298402157
YIL110W,0.468538914,0.371979213,-0.041522612,1,3.953846368
YIL111W,-0.887732537,0.029148883,-0.864685117,0.029979083,4.828094025
YIL112W,-2.064156939,7.48E-05,-1.414134455,0.009172736,5.004073458
YIL113W,-0.888087993,0.052739485,-0.506326658,0.31637951,3.287056747
YIL114C,-0.483099288,0.189529142,-0.096349272,0.876278782,5.413507155
YIL115C,0.476839168,0.256118228,0.534153074,0.187749594,6.742511348
YIL115W-A,-0.625501988,0.397629103,0.234538589,0.815037762,2.76362801
YIL116W,-0.984304564,0.004904788,0.01569709,1,6.922213072
YIL117C,-0.152040848,0.757229001,0.296855656,0.493386876,5.279719354
YIL118W,0.113965942,0.872783092,-0.42986065,0.392017926,4.279464133
YIL119C,0.761322393,0.036562049,1.285175702,9.69E-05,3.087198451
YIL120W,0.127989458,0.820831328,1.135557787,0.001038349,4.32563479
YIL121W,0.815549254,0.024669393,1.092893983,0.001204772,9.134950005
YIL122W,0.254917665,0.648977137,0.385193,0.45620209,2.374831057
YIL123W,1.30379294,0.000310074,1.316186736,0.000285638,8.96507078
YIL124W,-0.510456601,0.273767445,-0.178429818,0.772264095,6.526297078
YIL125W,0.320643954,0.511747585,0.65399542,0.115712609,6.403262233
YIL126W,0.517704589,0.241728609,0.125876288,0.855038163,3.508732138
YIL127C,0.557326595,0.341901418,-0.422030167,0.512165946,3.376014936
YIL128W,0.471365524,0.253910898,0.943891174,0.007496156,4.165709788
YIL129C,-0.142662777,0.769095198,0.652839558,0.055190117,5.009849042
YIL130W,1.214668329,0.006209536,0.361429009,0.531090227,2.936536658
YIL131C,-0.241694652,0.57693466,-1.014031885,0.001812845,3.112802479
YIL132C,-0.698922203,0.155719718,-0.754595087,0.117324,1.576746298
YIL133C,0.763795862,0.107392076,0.752715016,0.102402895,9.265312351
YIL134C-A,-1.647227627,0.093271199,-0.618710738,0.606071162,-2.717660873
YIL134W,-0.201666343,0.627219401,0.013333833,1,3.788188227
YIL135C,1.237879292,9.63E-05,1.310195735,3.78E-05,4.967624639
YIL136W,0.164108069,0.759470909,0.037429121,0.999077516,2.842203473
YIL137C,-0.342846363,0.420050199,0.278960151,0.540559467,6.122271763
YIL138C,0.234625987,0.643954531,-0.557483707,0.184455676,4.985861919
YIL139C,0.297658576,0.539728671,-0.063100568,0.963278074,2.776480767
YIL140W,1.39180631,0.622182291,1.174928303,0.703956288,6.23292636
YIL141W,0.83575691,0.285756152,0.507293981,0.570593137,3.01038692
YIL142C-A,-0.594796184,0.354591071,-1.384279319,0.010750434,2.234260661
YIL142W,-0.776194272,0.032543989,-0.961272796,0.004798915,6.098844779
YIL143C,0.450504303,0.181439448,0.356642366,0.31207546,4.183259383
YIL144W,0.893924207,0.121279481,0.014706944,1,2.12610072
YIL145C,-0.246503167,0.575198065,-0.031358967,1,6.153564388
YIL146C,0.289489572,0.451441612,0.768660108,0.012880774,4.034450789
YIL147C,0.653537869,0.072373278,0.932396681,0.004674573,5.763723512
YIL148W,0.263319633,0.620373152,0.151902923,0.820166815,9.750172237
YIL149C,0.907886437,0.024608004,-0.07583081,0.943199901,2.999526263
YIL150C,-1.052307218,0.09081367,-1.227457006,0.037446792,1.021854908
YIL151C,0.846038286,0.009746334,1.04139412,0.000861908,4.177606339
YIL152W,-0.318730196,0.444132384,-0.274922824,0.535022658,2.79826647
YIL153W,0.095962772,0.881536967,0.461033223,0.26541782,5.847574211
YIL154C,-0.749676778,0.15427086,-0.487424399,0.393631571,4.669042486
YIL155C,1.158086937,0.000690017,0.719365974,0.049045634,4.579074792
YIL156W,0.559374058,0.110991869,0.482611022,0.172233803,3.650689398
YIL156W-A,-0.237961553,0.743595661,0.038913254,1,0.950041705
YIL156W-B,-0.413915185,0.260138192,-0.460075874,0.197487254,4.087360016
YIL157C,-0.453245753,0.273859269,0.185352243,0.729632055,4.648684639
YIL158W,0.618829739,0.177926709,-0.159891849,0.819225386,3.472679588
YIL159W,-0.763576822,0.023955923,-1.530036273,4.74E-07,2.966620143
YIL160C,-1.348193941,0.001864967,-0.505770843,0.334369012,3.527176369
YIL161W,0.766955551,0.090503857,0.356488428,0.505910889,2.416471123
YIL162W,-0.215936443,0.670112218,-0.251728519,0.622651532,7.778124173
YIL163C,-0.491752901,0.275869863,0.206423878,0.723589927,2.433659493
YIL164C,-0.000650971,1,-0.087016287,0.88036004,3.642900661
YIL165C,-0.093203177,0.886993554,0.296539215,0.521277596,2.979844026
YIL166C,-0.123384903,0.813715485,0.239118975,0.600526921,2.978338697
YIL167W,0.216661159,0.739884317,0.782820575,0.10293194,0.894566938
YIL168W,0.170443807,0.879849078,0.627012801,0.387618629,-0.121715925
YIL169C,-2.285914864,5.58E-06,-1.451084712,0.005829852,5.386220592
YIL170W,-0.897258244,0.049207572,-1.386255373,0.000993778,1.709953898
YIL171W,-2.081012728,9.43E-05,-1.0793069,0.061883421,0.193597852
YIL171W-A,-0.190416486,0.899202341,0.045300209,1,-1.978218361
YIL172C,0.0773353,0.942944601,0.121849253,0.885406474,0.930819482
YIL173W,-0.208540212,0.67706509,-0.223813275,0.664679988,4.272089411
YIL174W,1.323204159,0.181321726,1.639708677,0.05699347,-2.30393968
YIL175W,-0.075231164,1,0.995266992,0.203908067,-1.462605671
YIL176C,1.267866663,0.107151298,1.917090273,0.007885631,-1.657876333
YIL177C,0,1,0,1,-4.776081025
YIL177W-A,0,1,0,1,-4.776081025
YIR001C,0.202992967,0.652279648,-0.330074601,0.425633265,3.209184218
YIR002C,-0.037513162,0.974546426,-0.581380366,0.057704744,3.491632238
YIR003W,-0.197315335,0.659242336,-0.41192286,0.280829239,3.165257414
YIR004W,0.621804658,0.137119618,-0.253443724,0.641671666,3.276260074
YIR005W,-0.037566354,0.993434398,0.086616763,0.915140912,2.515873055
YIR006C,0.13299452,0.866643631,0.651604332,0.20981112,6.643346606
YIR007W,-0.246610061,0.564860203,-0.017713213,1,3.18991789
YIR008C,-0.126043505,0.782930279,-0.111900851,0.826837192,3.818180688
YIR009W,0.269013982,0.691142565,-0.09491666,0.943199901,1.542285047
YIR010W,0.916131653,0.095788998,0.092402203,0.942545475,1.772644485
YIR011C,0.319753523,0.411632053,-0.166492331,0.731895969,4.133392675
YIR012W,0.1194687,0.826310088,0.042167392,0.982040298,5.706300752
YIR013C,-0.900143013,0.104370459,-0.939563682,0.078774221,0.439268142
YIR014W,-0.581337133,0.273661971,-1.123488759,0.016328054,1.049379423
YIR015W,0.094874613,0.944772537,-0.05276882,0.996977825,1.021737493
YIR016W,-0.616509688,0.298981342,-0.437764445,0.500682164,3.199650783
YIR017C,0.065543513,0.965350327,-0.780591377,0.137713746,2.030763981
YIR017W-A,0.585385231,0.589528066,-1.114068924,0.241964959,1.283522899
YIR018C-A,0.134092659,0.898328364,-0.308877525,0.729375684,-0.510785508
YIR018W,-0.038814044,0.998184794,-0.76591924,0.075854389,1.593330092
YIR019C,-0.001983597,1,0.472756925,0.251001254,4.661725815
YIR020C,0.362299864,0.954664672,0.659344845,0.858908903,-3.443679852
YIR020C-B,0.31713356,0.588344345,0.2760445,0.670169266,1.793880382
YIR020W-A,0,1,0,1,-4.776081025
YIR021W,-0.096560435,0.855528176,0.252909653,0.530994528,3.773534108
YIR021W-A,-0.547023232,0.307799906,-0.43559218,0.448705694,1.339889946
YIR022W,-0.400854808,0.382223302,-0.144565299,0.820469172,6.621029255
YIR023C-A,0.21989155,0.850084199,0.188225201,0.888259132,-0.556816533
YIR023W,0.884267817,0.02014246,0.48225578,0.262878326,2.535418582
YIR024C,0.201516501,0.730343855,-0.115672526,0.89440984,2.344677766
YIR025W,0.183724032,0.791612448,-0.016797415,1,1.24997933
YIR026C,-0.189064543,0.655770896,-0.28031731,0.478447282,4.29795013
YIR027C,-0.523808371,0.204185674,-0.096449099,0.893677025,3.642026076
YIR028W,1.378627516,4.82E-07,1.823234346,9.79E-12,3.320621258
YIR029W,-0.172148476,0.813185494,-0.042787557,1,1.782964064
YIR030C,-0.793087758,0.016593978,-0.663233217,0.047199705,3.025819192
YIR030W-A,-1.198175436,0.042411344,-0.231994936,0.791710931,-0.013599537
YIR031C,-0.247817078,0.556266649,0.316085113,0.440315462,3.263299204
YIR032C,-1.132986235,0.042102361,1.103923491,0.041390001,4.232109748
YIR033W,0.064647217,0.921742529,-0.489893018,0.159985214,4.105871047
YIR034C,-0.611327498,0.132473505,-0.022865802,1,7.651208031
YIR035C,-1.484037525,0.001038255,-0.233957147,0.734166954,6.406657655
YIR036C,-1.971302575,0.000100805,-1.296876244,0.014909113,5.866042236
YIR036W-A,-1.833541922,7.24E-05,-1.128086043,0.021628778,2.901821843
YIR037W,-0.477716919,0.256851093,0.270780925,0.581676555,7.414516351
YIR038C,-1.019990024,0.046487615,-0.1378754,0.881374679,7.138022718
YIR039C,-0.403860197,0.517626498,0.23649867,0.748141358,5.939334415
YIR040C,-0.63843394,0.398312463,0.256536617,0.799651484,-1.454877589
YIR041W,-0.357111101,0.739677015,-0.465910207,0.711651399,-1.981091171
YIR042C,0.020472517,1,0.614160749,0.128019713,2.94060817
YIR043C,0.250309458,0.688150033,0.064704818,0.973993714,0.878185742
YIR044C,-0.196880995,0.932849542,-0.076624463,1,-1.477774081
YJL001W,-0.570282745,0.12176295,-0.201657846,0.673221703,6.62088289
YJL002C,0.283452207,0.507249822,0.347384389,0.397928551,9.068505837
YJL003W,0.320120073,0.508477699,-0.068921949,0.9546357,2.616708669
YJL004C,0.574834891,0.1505457,0.252527764,0.609125064,5.301897982
YJL005W,0.395239495,0.320056944,0.4157949,0.288788916,4.78567925
YJL006C,0.611079492,0.126085274,0.130466353,0.829613121,2.935958456
YJL007C,-0.252004047,0.91248393,-0.665608524,0.708224195,-3.198706054
YJL008C,-0.313516438,0.468232542,-0.751779193,0.03414934,5.781538742
YJL009W,-0.334833644,0.577636408,-0.478291376,0.396019602,2.029891139
YJL010C,0.672180515,0.163443171,-0.173847612,0.810211973,3.436219025
YJL011C,0.340758574,0.538812255,-0.407622279,0.462703801,3.117159698
YJL012C,-2.315488785,3.74E-09,-2.292378819,6.28E-09,7.05687352
YJL013C,0.581592996,0.288492177,-0.054216247,0.994953931,2.218455708
YJL014W,-0.333537625,0.415699058,-0.63262601,0.072251249,5.605437405
YJL015C,-0.447896476,0.669455525,0.769777483,0.398357475,-0.521838656
YJL016W,-0.106291999,0.868814813,1.096900329,0.002455737,5.77457953
YJL019W,-0.741649415,0.112524633,-0.85703108,0.050614438,4.030827474
YJL020C,-0.456807183,0.206640664,-0.656815729,0.04511321,4.368463702
YJL020W-A,0,1,0,1,-4.776081025
YJL022W,-0.380508265,0.674570721,0.101374261,0.982947485,-1.109266376
YJL023C,-0.03168328,1,-0.65730673,0.152544602,2.62118215
YJL024C,-0.21993339,0.645891579,-0.601466697,0.114248696,3.402347918
YJL025W,0.697798522,0.125611578,0.697776301,0.115712609,3.39205826
YJL026C-A,1.356425403,0.591041335,-0.340700978,1,-4.238761312
YJL026W,-0.014001753,1,0.011757395,1,8.908999583
YJL027C,-0.862984149,0.15433888,-0.704301838,0.26786457,0.364503259
YJL028W,-0.049477085,1,-0.516916448,0.695828456,-1.542996834
YJL029C,0.31312438,0.373075004,0.265669745,0.47691923,3.865408702
YJL030W,-0.266317785,0.503364507,-0.88222688,0.004440245,3.295524025
YJL031C,-0.038144299,0.985071117,-0.953873962,0.004108357,3.471355593
YJL032W,-0.149475457,0.927632765,-2.682654509,0.000553089,-0.692314623
YJL033W,0.634972221,0.217017946,-0.461064802,0.4062667,3.782234147
YJL034W,-0.366501592,0.401382003,-0.003769669,1,9.098467387
YJL035C,-0.078088092,0.897813217,-0.821032767,0.00915795,3.535436528
YJL036W,0.219014681,0.683590554,-0.40051609,0.404782707,2.734859242
YJL037W,0.768765529,0.093668956,1.114652611,0.006953234,2.749511793
YJL038C,0.382546334,0.342942114,0.755495162,0.028171431,4.636516263
YJL039C,0.510460987,0.224381321,1.155683993,0.001135218,6.56179354
YJL041W,0.231694188,0.562746679,-0.039916198,0.978674155,4.729091756
YJL042W,0.139627609,0.84654635,0.570086629,0.254798615,6.860025299
YJL043W,-1.187668021,0.027106586,-0.969946038,0.073132432,2.408498074
YJL044C,-0.211283761,0.603620194,-0.520538536,0.116375881,5.064812482
YJL045W,-1.326654468,0.004299388,-0.201672126,0.780744588,3.577700373
YJL046W,0.809507609,0.051818221,0.644155224,0.131696354,2.533488594
YJL047C,-0.767217283,0.032968062,-1.135639335,0.000664911,3.085988956
YJL047C-A,-2.158631197,7.88E-15,-2.075204978,1.14E-13,3.258848259
YJL048C,-0.427712853,0.374994979,0.94761546,0.019346198,5.196695668
YJL049W,1.038333421,0.091473601,0.36649807,0.64566633,2.093727526
YJL050W,0.656683637,0.155547505,-0.549965093,0.250103158,4.008560682
YJL051W,-0.221512719,0.65013324,-0.148102324,0.797827296,5.976231922
YJL052C-A,-2.324844384,0.011403424,-1.529984485,0.103462437,-2.678811116
YJL052W,-2.811914244,0.000547578,-2.149286284,0.008798206,7.944029352
YJL053W,-0.176233939,0.721629089,-0.2837356,0.531090227,3.902882902
YJL054W,-0.026879199,0.995032573,-0.658501534,0.035567001,4.212044374
YJL055W,-0.51713646,0.257036951,-0.287899331,0.591125504,5.623363228
YJL056C,-1.154103204,0.022996244,0.662374503,0.232355609,4.631979142
YJL057C,-0.098097759,0.841939912,-0.011807947,1,3.233931701
YJL058C,0.074458053,0.91067979,0.283987747,0.496218033,3.019002184
YJL059W,-0.387893702,0.434884013,-0.136436367,0.84672938,6.702626587
YJL060W,0.368740227,0.4051192,0.767541436,0.03976186,6.268312531
YJL061W,-0.09984579,0.875170353,-0.421171485,0.32641766,4.138267935
YJL062W,0.155020101,0.759470909,0.182517623,0.724388148,7.470418029
YJL062W-A,-0.618293258,0.216593122,-0.095388169,0.923825787,6.616267566
YJL063C,-0.790083998,0.068431355,-0.764320239,0.070228796,4.378803275
YJL064W,0.756181271,0.115215881,0.40796817,0.46574243,1.147945838
YJL065C,0.021445384,1,-0.136418815,0.798662383,3.344894879
YJL066C,-1.024952201,0.009746334,-0.376186677,0.439794798,3.238271826
YJL067W,-1.002685149,0.141299508,0.179757911,0.885406474,0.026753994
YJL068C,-1.038012785,0.011526647,-0.5172176,0.268888786,7.282696651
YJL069C,-0.232533347,0.573771787,-0.681503816,0.036449259,3.990193377
YJL070C,-0.08426696,0.892393824,0.389588281,0.303187394,3.070879211
YJL071W,0.255134397,0.527336418,0.727503472,0.022403947,4.672495934
YJL072C,-0.344430055,0.373672048,-0.223961394,0.616496185,4.314467194
YJL073W,-0.253094448,0.511758995,-0.027263148,1,4.282898996
YJL074C,0.287705844,0.605457055,-0.439314232,0.403187789,2.154741394
YJL075C,-0.398168008,0.589475355,-0.186081058,0.864755363,0.906400323
YJL076W,0.024946025,1,-0.287978151,0.524174376,4.765321866
YJL077C,-0.635610162,0.100820515,-0.74101038,0.041764028,3.715729191
YJL077W-A,0,1,0,1,-4.776081025
YJL077W-B,-0.502382138,0.471752844,-0.195295886,0.841705593,1.014913227
YJL078C,-0.36353403,0.548549518,-0.373083164,0.54805716,8.691316478
YJL079C,-0.136767736,0.910071964,0.068461949,0.989192726,7.643916295
YJL080C,0.277632223,0.577636408,0.493869657,0.263549556,7.056788648
YJL081C,-0.071904022,0.923594942,-0.952840008,0.005507802,4.0748968
YJL082W,-0.067130621,0.923594942,1.245955612,6.40E-05,5.129228484
YJL083W,-0.946623615,0.016732941,-0.981328688,0.010732244,3.486306108
YJL084C,0.047500453,0.965096932,0.684873625,0.046797203,4.605629873
YJL085W,0.177963891,0.792958322,-0.321269582,0.609978656,2.521224814
YJL086C,1.655707473,0.144841923,0.587612378,0.734515144,-2.547891635
YJL087C,0.856956293,0.089553291,0.337305337,0.592074352,2.283123288
YJL088W,-0.20753085,0.793590265,-0.599441572,0.333082429,4.823918768
YJL089W,-1.40095147,2.20E-06,-0.71201299,0.029420763,4.103588636
YJL090C,-0.458872858,0.190777825,-0.182167459,0.684856927,3.420741041
YJL091C,-0.397455653,0.416028581,-0.252533375,0.658244253,6.98559076
YJL092W,-1.588768283,0.000110996,-1.224769285,0.003972472,5.40355253
YJL093C,0.279557237,0.539728671,0.483241598,0.230239079,7.059412717
YJL094C,-0.314721261,0.509578662,0.112310752,0.874723859,7.227212454
YJL095W,0.339254619,0.452654458,0.238571422,0.645659167,2.895106695
YJL096W,0.639525599,0.157795869,0.313607109,0.55838216,3.727945584
YJL097W,-0.92780027,0.023561768,-0.922832354,0.020692852,7.989349998
YJL098W,1.130055885,0.007540207,0.338545412,0.540559467,3.33612949
YJL099W,0.334864624,0.358769745,0.095308006,0.868384479,3.015749173
YJL100W,-0.428416412,0.268701842,0.001232239,1,3.704456649
YJL101C,-0.173310094,0.716332055,0.372543256,0.353490142,5.148974761
YJL102W,0.725081353,0.139210427,0.536970484,0.302764293,1.822828778
YJL103C,0.615818383,0.104762572,1.091121872,0.00100663,2.847970362
YJL104W,0.353383473,0.375584025,-0.105286138,0.866827799,3.927435889
YJL105W,-2.162772643,4.94E-13,-1.654018426,5.97E-08,4.296288688
YJL106W,0.204240972,0.766986451,0.475267172,0.404929018,1.656079387
YJL107C,0.394078805,0.466565691,-0.079129402,0.949102538,1.56691969
YJL108C,0.779495358,0.036952626,1.060721466,0.002197582,2.952199972
YJL109C,0.68624117,0.134626626,1.290053373,0.001265759,6.656870182
YJL110C,1.069822711,0.01076444,0.40609041,0.42868665,3.078324312
YJL111W,-0.002461666,1,-0.400687481,0.319995235,5.701466687
YJL112W,0.250869652,0.566178133,-0.256115527,0.578489605,3.165416122
YJL113W,1.128868989,0.022942811,0.513920953,0.380910013,0.535716521
YJL114W,-1.427580321,0.027869614,-1.278439292,0.059978295,-1.365850272
YJL115W,0.015542519,1,-0.280672605,0.679707608,2.182238681
YJL116C,1.253703524,0.003791764,1.419572166,0.000804297,4.829135898
YJL117W,-0.059849817,0.945228091,-0.009361406,1,5.848785809
YJL118W,-0.288691714,0.440302539,-0.281728904,0.463301771,4.238330607
YJL119C,-1.538611319,0.001464851,-1.020361665,0.044580598,0.865102532
YJL120W,-1.674062287,0.001747725,-0.914904022,0.11484169,0.897598859
YJL121C,-0.835207546,0.103359081,-0.660310343,0.209273989,9.036997853
YJL122W,0.481060616,0.395224548,-0.062167425,0.978674155,4.017981911
YJL123C,0.183406264,0.700338803,-0.66585885,0.060966886,4.194798137
YJL124C,0.044261416,0.977742083,-0.358252383,0.446861599,4.451406969
YJL125C,0.453605347,0.343872999,-0.25896671,0.659038268,3.08894914
YJL126W,-0.383678411,0.399968129,-0.286406131,0.569706752,2.656720716
YJL127C,-0.576654279,0.286587169,-1.134755434,0.015647772,2.562474497
YJL127C-B,-1.22524477,0.000372969,-1.141111769,0.001079963,2.945796769
YJL127W-A,0.456418106,0.589475355,-0.562243654,0.531668827,-0.660409214
YJL128C,0.262092797,0.466348252,-0.227417365,0.556411001,3.945506817
YJL129C,0.347303253,0.338735352,0.166918569,0.711865602,4.640356152
YJL130C,0.009942658,1,0.846774668,0.021790651,9.986109395
YJL131C,0.104933145,0.874685753,-0.276919752,0.583621431,2.519631554
YJL132W,-0.735963786,0.131349908,0.29445217,0.63497718,4.867059063
YJL133C-A,-0.352950619,0.617143839,0.751332057,0.210320789,9.358673757
YJL133W,0.409979791,0.273094507,0.669866152,0.042372439,5.731072787
YJL134W,2.353316262,0.148723666,-5.330458396,0.000861908,5.028523318
YJL135W,0.897926782,0.076585995,0.628645801,0.245128709,1.373829809
YJL136C,0.835114315,0.143804167,0.628845712,0.293042717,8.041884701
YJL136W-A,-1.318509237,0.239883125,-1.271341508,0.28545993,-3.220698177
YJL137C,-0.007371776,1,0.245304203,0.602001345,3.963569854
YJL138C,0.283122745,0.534154887,0.592530766,0.122591131,10.10314895
YJL139C,-0.235361482,0.647058169,0.11189611,0.877505887,5.429397622
YJL140W,-0.193058863,0.665781073,-0.367247642,0.34356902,5.862369013
YJL141C,-0.265365872,0.559685166,0.545051867,0.160094136,4.546256294
YJL142C,0.216655691,0.740935628,0.648247889,0.218128014,1.611041817
YJL143W,-0.267023578,0.585941841,0.171452562,0.764640329,7.755439909
YJL144W,-0.469773143,0.3730323,-0.274701499,0.664733897,1.646171482
YJL145W,-0.624242781,0.093545989,-1.402885092,1.01E-05,4.720556626
YJL146W,-0.150851897,0.722383418,0.562316759,0.071589682,3.800727537
YJL147C,0.41508629,0.320767462,0.007610203,1,2.697977747
YJL148W,0.739119798,0.165612764,0.006147385,1,4.282210646
YJL149W,0.054416444,0.944772537,0.896984323,0.004103257,4.534976185
YJL150W,-0.146026977,0.938145504,1.087649027,0.103021971,-1.619933926
YJL151C,-1.576556284,0.000440568,-1.093724014,0.019713261,7.678850992
YJL152W,-1.649378046,4.34E-05,-1.052868918,0.013426373,4.278768257
YJL153C,-4.063431758,7.95E-09,0.591323982,0.520356715,8.235370337
YJL154C,0.487789809,0.21059344,0.455865669,0.244795748,4.383356631
YJL155C,0.319469454,0.433160853,-0.200326854,0.674385989,2.691213334
YJL156C,-1.156207857,0.000313768,-1.268112671,6.93E-05,5.056673462
YJL156W-A,0.80019304,0.129426798,1.416183597,0.002336314,0.992571865
YJL157C,-1.151970002,6.49E-05,-1.174452816,5.01E-05,5.170862333
YJL158C,0.556756898,0.190468344,0.43863913,0.323149906,9.843926685
YJL159W,0.307869341,0.607289852,0.846301104,0.075388849,11.62598271
YJL160C,-1.239963183,0.00119674,-0.900787655,0.024814072,1.957215201
YJL161W,0.139755484,0.833574193,0.653923658,0.143252157,2.338995542
YJL162C,0.621967913,0.432740589,-0.034076972,1,1.740372671
YJL163C,-0.687879492,0.285419834,0.041231757,1,5.587635043
YJL164C,-0.186047958,0.689633628,0.012543232,1,3.204898769
YJL165C,0.666882447,0.077060771,0.194874857,0.702415789,3.14082056
YJL166W,0.869228237,0.006032996,0.966587485,0.001636417,5.39422829
YJL167W,-0.56943576,0.138582266,-0.689904405,0.05434972,6.687765349
YJL168C,0.406734079,0.273094507,-0.022733476,1,3.151200928
YJL169W,-0.027763094,1,-0.003864337,1,0.363389071
YJL170C,-0.640106268,0.045542616,-1.010595607,0.000546193,3.167800327
YJL171C,0.247359021,0.687893085,0.766309615,0.104144651,7.97972385
YJL172W,0.869840196,0.018123476,1.430946589,2.08E-05,7.63423745
YJL173C,-0.172350418,0.697511112,-0.004394859,1,4.461689288
YJL174W,0.907307131,0.007165925,0.836900025,0.012733444,6.73665844
YJL175W,0.361092876,0.712898811,-0.550182149,0.640753135,-1.630016929
YJL176C,0.354202671,0.373662114,-0.159307966,0.758137072,2.927749722
YJL177W,0.707077219,0.166444385,0.600644545,0.248474891,7.82608522
YJL178C,-0.033023429,0.990928269,-0.166237491,0.746604459,6.196891754
YJL179W,0.342821723,0.500448991,-0.138331258,0.849278721,3.723925492
YJL180C,0.461271833,0.268743045,0.317845471,0.490907443,2.796468226
YJL181W,0.735969027,0.233801702,1.19009103,0.030925054,2.144034812
YJL182C,1.604745026,0.284570632,2.008506459,0.218263537,-3.640692842
YJL183W,0.482371661,0.218660867,0.513291026,0.178539804,6.52605651
YJL184W,-0.160278841,0.711040287,-0.212899522,0.615280697,3.678783615
YJL185C,-0.081043644,0.905725479,0.45773495,0.256684604,4.688022918
YJL186W,0.737989891,0.034662801,0.828343572,0.012786561,6.309696429
YJL187C,-0.310007965,0.513594443,-0.478468324,0.272088049,3.405514048
YJL188C,0.389129538,0.449866313,-0.363532961,0.498405124,6.357316914
YJL189W,0.31837135,0.584820335,-0.335380245,0.574888847,7.356587312
YJL190C,0.642453719,0.183160647,0.799164242,0.075388849,10.41314598
YJL191W,-0.228852685,0.623327174,0.26150353,0.577230458,7.765321988
YJL192C,0.232514822,0.618741441,0.208628202,0.678018093,6.765708502
YJL193W,0.693842477,0.054085324,0.596576155,0.097881124,5.104996885
YJL194W,0.911377286,0.09034793,0.623750331,0.275808678,2.530143604
YJL195C,0.715172884,0.459632176,-0.301649421,0.830594239,0.055026834
YJL196C,0.394810087,0.467497644,-0.012258438,1,8.924300949
YJL197C-A,0,1,0,1,-4.776081025
YJL197W,0.361453192,0.327904136,0.490462274,0.151725564,3.73481624
YJL198W,0.184734839,0.748808264,0.015967114,1,7.138558223
YJL199C,-0.918129038,0.024849564,-0.59842418,0.170398945,2.85601235
YJL200C,0.280079157,0.485338861,-0.063444611,0.935868683,4.990209486
YJL201W,0.252991235,0.605457055,0.384134738,0.394186362,4.087780081
YJL202C,0.184817498,0.86330979,-0.084883048,1,-1.177592905
YJL203W,-0.053589337,0.985071117,-1.021270873,0.04445217,1.850020141
YJL204C,0.471163945,0.190315998,-0.105818251,0.861347183,3.164284536
YJL205C,-0.20004555,0.736576681,-0.020384786,1,2.278626061
YJL206C,0.048336509,0.963123285,0.363732253,0.348401534,3.628466734
YJL207C,0.513995601,0.175812682,1.059131256,0.001096869,4.162905072
YJL208C,0.360314554,0.450059962,0.031681686,1,3.533473639
YJL209W,0.585841238,0.247698162,0.291908041,0.638552897,2.391383035
YJL210W,-0.668566225,0.257626496,-0.530292798,0.392569309,6.671810981
YJL211C,-0.86465275,0.112524633,-0.799164347,0.137713746,5.077186491
YJL212C,1.189483016,0.000803601,0.450207939,0.293844057,6.052210096
YJL213W,0.282568599,0.509111202,0.15441728,0.765840946,3.198601483
YJL214W,0.558233932,0.289273112,0.681123578,0.172610924,0.585490199
YJL215C,0.36307349,0.747076172,0.143524389,0.98112399,-1.428222728
YJL216C,-0.534221003,0.290751477,0.204050621,0.751316693,1.779554991
YJL217W,-1.218111701,0.010661112,-0.851531867,0.087329378,8.193248351
YJL218W,-0.592376736,0.138396664,-1.756028099,1.97E-07,2.52932507
YJL219W,-0.014958105,1,-0.162955158,0.773812475,3.119864303
YJL220W,-0.088984242,0.981899136,0.214504098,0.914361576,-1.861538938
YJL221C,0.082570128,0.936900736,0.132070878,0.871864461,0.942507671
YJL222W,-0.190834508,0.711472664,-0.178260784,0.741110873,4.298367503
YJL222W-A,1.323211984,0.181319026,1.639710419,0.05698838,-2.30393968
YJL222W-B,0.116491463,1,0.86300642,0.408217392,-2.590751956
YJL223C,1.206235729,0.121867095,1.943727505,0.004657191,-1.562759957
YJL225C,-0.129135344,0.826905333,0.07270595,0.937847998,4.911202969
YJL225W-A,0,1,0,1,-4.776081025
YJR001W,0.364687071,0.447859565,0.304486416,0.555473769,8.467742577
YJR002W,0.62734648,0.118034011,-0.226618684,0.664679988,4.573577632
YJR003C,0.403451546,0.434136473,-0.418142564,0.426521675,3.430572565
YJR004C,-0.73730943,0.078739157,-0.300608736,0.55657913,5.144696868
YJR005C-A,-1.427525311,0.154040693,-0.740160722,0.504897774,-1.702066103
YJR005W,0.489305111,0.273661971,0.601133534,0.153435491,3.606130121
YJR006W,-0.317789299,0.389991978,-0.65250387,0.037446792,4.08329117
YJR007W,0.223301599,0.699514553,0.356261046,0.50159109,6.670558589
YJR008W,-0.92813394,0.006916525,0.065070381,0.940836342,3.337275443
YJR009C,-2.244672751,7.37E-11,-1.826503677,1.87E-07,11.46127632
YJR010C-A,0.474944415,0.208686389,0.419477004,0.278526598,3.630933829
YJR010W,-0.076982059,0.931611153,-0.956625118,0.017696316,4.87460028
YJR011C,0.157435571,0.730324579,0.030319235,0.999508214,2.97074322
YJR012C,0.27230393,0.56328455,0.115947356,0.863484784,2.566739138
YJR013W,0.761222624,0.029197789,0.967728575,0.00307462,4.98821875
YJR014W,-0.405296162,0.288232019,-1.034366813,0.0010107,5.518543366
YJR015W,0.249218203,0.566178133,0.073520227,0.923413085,6.83489331
YJR016C,-0.277891311,0.67706509,-0.417170483,0.501485689,10.17473284
YJR017C,-0.941042729,0.009570552,-0.423054313,0.318060169,5.745386353
YJR018W,-0.684744065,0.06094221,-0.496914567,0.195532439,2.724452064
YJR019C,-1.759566703,0.000338191,-0.953544468,0.073917125,6.787352057
YJR020W,-2.112325341,3.66E-06,-1.66583852,0.000390611,3.271369427
YJR021C,-1.330512191,8.02E-05,-0.930754148,0.008764918,2.926144967
YJR022W,0.530489302,0.50975468,0.046327082,1,0.845608915
YJR023C,-0.610585872,0.327622179,0.120438518,0.926485128,1.314158587
YJR024C,-0.683486418,0.1158559,-0.138943307,0.835265511,6.375366946
YJR025C,-0.939353309,0.011423968,-1.071829855,0.002669561,6.435791353
YJR026W,-0.117193522,1,4.982945251,0.000235999,2.322139344
YJR027W,0.049009415,0.992889665,-0.455338498,0.504278912,6.401625834
YJR028W,-0.042921571,1,1.419957804,0.049770644,-0.004370934
YJR029W,-0.062751467,0.944979162,-0.321689222,0.495902858,6.724352172
YJR030C,-0.458331254,0.189529142,-0.005978635,1,3.784682218
YJR031C,0.231126271,0.549206385,0.067595585,0.921643482,3.929646209
YJR032W,0.406044095,0.406159216,-0.330577199,0.535655455,3.298568402
YJR033C,0.280350914,0.495721781,0.518593079,0.145072389,3.912049091
YJR034W,0.324835488,0.541570083,-0.08794027,0.935868683,2.457276202
YJR035W,0.041108566,1,-0.543085575,0.357384805,2.045967386
YJR036C,0.08447553,0.929158852,-0.327420598,0.593407608,1.306921572
YJR037W,0.35807207,0.886993554,-0.292149264,0.947160189,-2.858752641
YJR038C,0.28938648,0.905246117,-0.118081547,1,-2.197348714
YJR039W,-0.343978002,0.407661823,0.103027515,0.873819929,3.702624212
YJR040W,0.401323718,0.320548097,0.567422429,0.124398712,6.224073265
YJR041C,0.76654681,0.077939711,1.249260291,0.001267712,4.978073582
YJR042W,0.572705875,0.227371627,0.079533488,0.937670762,4.099816347
YJR043C,-0.215203477,0.699514553,-0.928258557,0.021185911,2.638220396
YJR044C,-0.02053344,1,0.334835406,0.495877862,7.150759367
YJR045C,0.34541872,0.477704203,0.593086693,0.167148075,9.314583261
YJR046W,0.543254102,0.10692865,0.69918131,0.024006858,5.180614982
YJR047C,-1.528000545,5.53E-05,-1.268187278,0.001096869,3.154087692
YJR048W,0.688067742,0.052002888,0.839702462,0.011018882,5.12590878
YJR049C,-0.126344373,0.812244018,-0.740545911,0.035768792,3.037982003
YJR050W,0.567197878,0.361505276,-0.02221241,1,2.417796504
YJR051W,0.304761764,0.411328331,-0.111420913,0.829284758,4.616867558
YJR052W,0.727754813,0.082239211,0.446948279,0.329081105,2.591551184
YJR053W,-2.771604133,3.53E-11,-2.634093496,4.57E-10,2.43599142
YJR054W,-0.44510403,0.222908614,-0.730691109,0.024526079,3.400552271
YJR055W,0.609152062,0.244974527,-0.396057133,0.514353472,1.948221195
YJR056C,0.615119615,0.313767629,0.281352726,0.710793984,2.365382968
YJR057W,-0.381454693,0.277873647,-0.632924155,0.041393391,3.867696901
YJR058C,0.092221024,0.891384154,0.148693136,0.804426247,4.101596381
YJR059W,-0.446404156,0.273661971,-0.645892871,0.081364201,4.348535852
YJR060W,0.065706004,0.946605644,-0.782896661,0.050834576,2.634140871
YJR061W,-1.360257673,0.001038255,-0.510363998,0.307507084,5.405992565
YJR062C,-0.472520968,0.320767462,-0.147319386,0.827461238,4.719361548
YJR063W,0.639768422,0.172879077,0.456014405,0.364234074,5.137447634
YJR064W,-0.018059015,1,-0.583710871,0.125568762,6.198212974
YJR065C,-0.12681486,0.812669463,0.427019676,0.28410264,7.540077126
YJR066W,-0.129194148,0.798033078,0.239927895,0.602035681,4.277144315
YJR067C,0.268316158,0.664693664,-0.165497214,0.836699312,1.961539217
YJR068W,0.123592519,0.849741225,-0.652305425,0.126434672,4.405292996
YJR069C,-0.231599014,0.576567632,-0.144338702,0.767631744,4.498866171
YJR070C,0.240103153,0.58795929,-0.120405683,0.835127073,5.45955867
YJR071W,0.204906222,0.706463247,-0.234610358,0.673221703,2.683710834
YJR072C,-0.162391406,0.790303215,-0.861808201,0.036525076,4.064594743
YJR073C,-2.282681504,1.17E-05,-0.745897716,0.229122782,12.26517982
YJR074W,-1.046899946,0.00225033,-0.87847022,0.011833841,5.566989066
YJR075W,0.235746485,0.582431513,-0.125723567,0.819145842,6.139113241
YJR076C,0.334482799,0.382888151,-0.363409868,0.34252038,4.263320668
YJR077C,0.832267184,0.048813799,1.250221364,0.001150409,9.9631767
YJR078W,-0.797702768,0.167521162,0.731835678,0.205725802,4.283812474
YJR079W,-0.662271613,0.666448522,0.982897552,0.489780729,-0.335441673
YJR080C,0.175555181,0.711215282,0.085720161,0.899093313,4.111109081
YJR082C,0.202085662,0.702240488,0.061083936,0.955326287,3.184733602
YJR083C,-0.872069178,0.060120949,-1.19119098,0.005680108,2.209589217
YJR084W,0.037822129,0.974938375,-0.58193996,0.059516958,3.207004305
YJR085C,-0.420086746,0.345136134,-0.064953335,0.950539654,7.633841357
YJR086W,0.099080135,0.860405046,-0.442181508,0.254431319,3.642635489
YJR087W,-0.179036962,0.768828867,-0.588099108,0.201671705,2.613490431
YJR088C,0.07298428,0.909639154,-0.447088897,0.223251041,4.671474157
YJR089W,0.754982495,0.057302599,0.003910866,1,2.767477714
YJR090C,0.522312296,0.13004134,0.208912722,0.635631396,3.39080536
YJR091C,0.2973494,0.519302292,1.124305013,0.001367751,5.605838627
YJR092W,0.739899964,0.034548298,0.109057044,0.859356072,3.137689484
YJR093C,0.395170259,0.307404523,0.259089032,0.552156309,3.03089698
YJR094C,0.804645042,0.173785592,0.906968975,0.108399924,1.586636866
YJR094W-A,0.850956735,0.094439417,0.44899839,0.434506406,7.687931503
YJR095W,-0.447951985,0.406159216,-0.670170446,0.174105171,1.39745257
YJR096W,-0.594112708,0.099117366,-0.349090543,0.381527916,4.296564568
YJR097W,0.796543023,0.181838913,0.264354616,0.735259479,2.428676699
YJR098C,-0.052591482,0.979794588,-0.221264375,0.725802394,1.441981394
YJR099W,0.027660285,0.996869536,-0.28998664,0.496181942,3.988473477
YJR100C,0.121262507,0.801687639,0.37600197,0.312509868,3.488499114
YJR101W,0.348146134,0.373075004,0.159986937,0.741090611,4.652613431
YJR102C,-0.246075322,0.504900004,-0.440347631,0.17612519,3.21575232
YJR103W,-2.75027441,2.84E-09,-2.017908187,2.04E-05,7.353043484
YJR104C,-1.219748483,0.006474941,-0.562940525,0.278380477,9.830441528
YJR105W,-1.126649797,0.014878592,-0.444294082,0.425274473,11.17250686
YJR106W,0.079063851,0.952436194,0.191778128,0.815838432,5.48311962
YJR107W,-0.447892526,0.358928682,0.241812313,0.678836098,5.364365859
YJR108W,-1.065763377,0.037267548,-0.831804746,0.119431286,-0.479388398
YJR109C,-0.134073399,0.803362412,0.066667337,0.939325289,8.575836629
YJR110W,0.518828148,0.218938532,0.023804178,1,2.644361548
YJR111C,0.298064551,0.438600947,0.660312587,0.03954472,4.363716093
YJR112W,-0.067284006,0.952925379,-0.636713277,0.172567301,2.499726838
YJR112W-A,-0.849165404,0.012649458,-0.854475621,0.010437808,4.154735849
YJR113C,-0.673577748,0.212831538,-0.236589825,0.736472218,5.30457694
YJR114W,-0.396771929,0.436592969,-0.404469214,0.432487518,2.960541996
YJR115W,-0.71945918,0.116817247,-0.493777814,0.312320239,2.737659601
YJR116W,0.558769772,0.17547674,0.593124973,0.136908464,6.282341995
YJR117W,0.777814006,0.041679119,0.668228581,0.07962366,8.131685622
YJR118C,-0.011482797,1,-0.138219061,0.82225232,5.146074512
YJR119C,-0.000935566,1,0.334540817,0.378485915,3.722533573
YJR120W,1.606445343,0.000906633,1.094013701,0.030840928,5.828691968
YJR121W,0.882579399,0.022503351,1.062912339,0.003610146,10.55462264
YJR122W,-0.306464457,0.427313467,0.019542668,1,3.717553971
YJR123W,0.191987228,0.730849318,0.389401603,0.420577141,11.22105725
YJR124C,0.440858736,0.302101037,0.205135389,0.698019025,6.002859699
YJR125C,-0.407219497,0.245018123,-0.634852337,0.04260623,4.541764384
YJR126C,0.021415608,1,0.014794545,1,5.144442052
YJR127C,0.414297195,0.344159827,0.86708768,0.019410458,5.791355208
YJR128W,0.328584369,0.752223599,0.291698097,0.820198672,-1.20779268
YJR129C,-2.245426506,1.60E-09,-2.618910805,2.72E-12,3.118683037
YJR130C,0.022693194,1,-0.515932236,0.117490997,4.313607655
YJR131W,-0.362156332,0.388663573,-0.421583883,0.300886538,4.595238218
YJR132W,0.068304383,0.915937236,0.66419376,0.042124307,5.390116803
YJR133W,-0.605562395,0.078121341,0.310298125,0.42712258,4.999753325
YJR134C,0.492739883,0.397629103,-0.312259873,0.658244253,2.506458746
YJR135C,-0.091619938,0.938030091,-0.980303568,0.057911043,1.475602273
YJR135W-A,0.205059066,0.661220023,0.440942686,0.261881141,5.230722325
YJR136C,-0.028251905,0.9988004,0.113190696,0.84411167,3.092666819
YJR137C,0.530413405,0.28418838,0.035501079,1,6.427144393
YJR138W,0.234121355,0.54880504,0.198048829,0.648196743,3.238102824
YJR139C,-0.538047069,0.262826063,-0.433548243,0.38789908,10.43453824
YJR140C,-0.449817906,0.189471096,-0.406862207,0.241274582,3.219113978
YJR140W-A,0,1,0,1,-4.776081025
YJR141W,-0.100122999,0.867420327,-0.363558074,0.38455523,2.949272381
YJR142W,-0.18268575,0.693055473,-0.526316296,0.144443113,3.76974461
YJR143C,0.087178464,0.927521698,0.099704148,0.918075563,10.04044386
YJR144W,0.86453988,0.041538603,0.348906015,0.500183104,4.144991212
YJR145C,0.125017106,0.829003182,0.030960563,1,10.37971878
YJR146W,-1.068441049,0.037708319,-0.552646753,0.342351795,4.759190815
YJR147W,-0.752692916,0.17415106,-0.326046324,0.635734743,6.84230311
YJR148W,-0.783498477,0.096713234,-0.487987226,0.341923794,7.535870474
YJR149W,-0.15676209,0.729577491,0.766730712,0.016139289,4.058238635
YJR150C,-0.723823464,0.346388388,-0.706693246,0.382158944,-0.398640872
YJR151C,-0.239538538,0.639519489,-0.102871858,0.890396527,5.111707518
YJR151W-A,-1.687308693,0.108499161,-0.769400821,0.498405124,-2.951076781
YJR152W,0.445364749,0.527047326,0.82248679,0.181182318,1.870437573
YJR153W,0.19445043,0.771906316,0.948749256,0.042258932,1.918214771
YJR154W,-2.09410434,0.002556758,-1.018374749,0.188267744,3.090733312
YJR155W,-2.730533776,9.73E-05,-1.12283924,0.151162849,4.126216468
YJR156C,-0.144038172,0.794055096,0.104569924,0.882869949,4.596795914
YJR157W,-0.925854412,0.291454572,0.082040829,1,-2.199990047
YJR158W,0.811284075,0.078045643,0.880856249,0.044875107,1.00979701
YJR159W,0.43240223,0.344702911,0.167381614,0.785442138,2.108180455
YJR160C,0.042917092,0.967009449,0.512937247,0.125872366,3.484148766
YJR161C,0.28509606,0.56328455,0.200427779,0.724388148,5.317473939
YJR162C,-1.847587465,1,0.384783334,1,-4.623922108
YKL001C,0.145186434,0.875459617,-1.924587977,0.000203059,4.580285749
YKL002W,0.420969407,0.318646441,-0.075150684,0.931633175,4.28671336
YKL003C,0.513029759,0.274182293,0.234996482,0.684952839,3.18056589
YKL004W,0.469200503,0.244167742,0.506194851,0.197198961,8.445315765
YKL005C,0.204035817,0.631108202,-0.418974958,0.258215813,3.303105404
YKL006C-A,0.44294802,0.249381765,0.1928594,0.689324983,3.215962294
YKL006W,0.561615354,0.229685189,0.629273467,0.161622933,9.91006276
YKL007W,0.042023987,0.973653344,-0.118215251,0.835970513,5.182052848
YKL008C,0.035124906,0.985926676,-0.021545608,1,7.706988446
YKL009W,0.64222349,0.234646337,-0.055592917,0.986759682,5.600174664
YKL010C,-0.054386369,0.952366051,0.495913488,0.193853333,5.228213035
YKL011C,-1.192512584,0.000143692,-1.567559905,3.02E-07,3.666082634
YKL012W,0.254337606,0.54770062,-0.618837911,0.075927657,3.30980901
YKL013C,-0.097042135,0.862501047,0.291378136,0.489780729,5.963570097
YKL014C,0.769945126,0.067571475,1.122416909,0.003306728,4.709760791
YKL015W,0.32879953,0.468150416,-0.047702781,0.982057251,3.474190916
YKL016C,0.672596685,0.050002565,0.361042687,0.351701109,5.990716973
YKL017C,0.230150211,0.653759825,-0.463207885,0.302764293,2.31560731
YKL018C-A,0.311201707,0.556266649,0.29239445,0.607068904,2.649113187
YKL018W,0.088609418,0.870655337,0.827099361,0.007275026,5.147764156
YKL019W,-0.867244698,0.068731789,-0.096319236,0.923592757,6.838093563
YKL020C,0.777556521,0.021522121,1.177315741,0.000152599,4.663247866
YKL021C,-0.01456249,1,-0.740153899,0.073917125,4.079825781
YKL022C,-0.248224571,0.556788989,-0.12869923,0.812071091,3.812971786
YKL023C-A,-0.782690851,0.026954415,-1.027631241,0.001923769,4.446681284
YKL023W,-0.281005706,0.499113363,-0.557967269,0.118421196,2.850767713
YKL024C,-0.725031345,0.039066206,-0.893103728,0.006682667,5.52231669
YKL025C,0.50574084,0.203317315,1.140970882,0.000710059,4.785478309
YKL026C,-0.898224716,0.026867473,-0.895225638,0.024830938,2.139408207
YKL027W,-0.377726214,0.29278406,-0.243758769,0.547015894,4.635338558
YKL028W,0.18147549,0.721629089,-0.414551089,0.337182894,3.615819889
YKL029C,0.347764586,0.515376693,0.506294351,0.307102027,7.70392072
YKL030W,0.151197572,0.804781019,0.62689044,0.152375423,3.996265844
YKL031W,-0.170485407,0.820831328,0.592031681,0.299228549,0.702632314
YKL032C,0.23912037,0.549972685,0.205958709,0.639422053,4.014776471
YKL033W,0.461832744,0.269383674,0.481769311,0.241214563,3.6233684
YKL033W-A,-0.641252953,0.103537505,-0.447326657,0.28396429,7.179345008
YKL034W,0.248689905,0.628499671,0.662940491,0.106546087,6.931582992
YKL035W,-0.146453647,0.782501066,-0.059602198,0.954085748,7.794919102
YKL036C,0.100180203,0.947663828,-0.096788374,0.949102538,1.523771055
YKL037W,-0.995629096,0.085587184,-0.95302673,0.092554522,0.879108368
YKL038W,-0.10348991,0.872760559,-0.040146726,0.99160671,4.922183605
YKL039W,0.240530154,0.575414325,0.689365115,0.041371755,7.200078101
YKL040C,-0.013561018,1,-0.631942492,0.04596746,4.119517114
YKL041W,0.315779342,0.415824902,0.107276205,0.847957153,3.431406519
YKL042W,0.2151823,0.779188665,-0.564992538,0.380910013,2.00082517
YKL043W,0.974703499,0.019649035,1.12611914,0.004620175,4.631624275
YKL044W,1.128437309,0.046192824,0.797707684,0.184628153,1.735824169
YKL045W,-0.94668244,0.001476822,-1.842803767,2.68E-11,3.67859472
YKL046C,0.638442647,0.083353685,0.705440867,0.04225117,6.712662193
YKL047W,0.005579439,1,0.008007079,1,3.916257317
YKL048C,0.732190096,0.195806947,-0.061594942,0.992457111,2.144768916
YKL049C,-0.528049942,0.31092499,-0.778580889,0.104966398,1.541069623
YKL050C,-0.760582836,0.16915873,-0.819758209,0.130032078,0.994994961
YKL051W,1.510431992,5.35E-07,1.880638501,2.43E-10,6.289717971
YKL052C,0.148965937,0.794466706,0.072084618,0.937847998,2.689769106
YKL053C-A,-0.136486841,0.761481342,-0.111672564,0.829957785,4.319168416
YKL053W,-0.85958931,0.128635746,-0.565976973,0.353342769,0.467069348
YKL054C,0.35578935,0.484161018,-0.488575384,0.306110631,3.935200757
YKL055C,-1.245927498,0.001567327,-1.219704258,0.00194215,2.772868876
YKL056C,-0.354139872,0.467299827,-0.188912156,0.745485276,11.72193576
YKL057C,0.28411931,0.552335172,0.927949906,0.012132719,6.303162606
YKL058W,-0.267474098,0.513368768,0.120023969,0.824575353,6.031841704
YKL059C,-0.391006043,0.325192981,-0.661833786,0.059978295,3.208319974
YKL060C,-1.203927056,0.003067586,-0.409278122,0.420577141,12.92779301
YKL061W,0.700107101,0.111559074,0.325416586,0.53182759,2.488086063
YKL062W,1.18083181,0.000160221,1.527647735,4.74E-07,4.383430372
YKL063C,0.436587213,0.247698162,-0.278598448,0.519294133,3.779206917
YKL064W,0.066402793,0.927632765,0.122005354,0.827714168,4.512567149
YKL065C,0.309304112,0.483459284,0.05368232,0.964568265,6.379185548
YKL065W-A,0.094716063,0.927995987,-0.085313167,0.973993714,0.263021923
YKL066W,-0.414599389,0.299935633,-0.089423002,0.8975075,3.672339322
YKL067W,-0.342362117,0.414911677,-0.26369063,0.564699018,6.404202307
YKL068W,0.618398493,0.086209302,0.434453201,0.252530618,4.334823965
YKL068W-A,0.511036678,0.191172448,0.70073332,0.049607542,3.946655443
YKL069W,-0.068049737,0.933241989,-0.563242823,0.142328157,3.677411003
YKL070W,0.201024358,0.664693664,0.436289627,0.260041468,3.166001549
YKL071W,0.262820838,0.595228142,0.58096267,0.161554581,3.186216723
YKL072W,0.563250346,0.186615751,-0.105120218,0.891446601,2.813688976
YKL073W,-0.400335715,0.273661971,-0.613185035,0.061692134,4.813614917
YKL074C,-0.182561813,0.65491653,-0.615489104,0.045866943,3.30090438
YKL075C,0.445723432,0.377540277,-0.192920326,0.771791265,2.616340115
YKL076C,0.285395529,0.681381459,0.483511868,0.435172259,0.312253011
YKL077W,0.424025574,0.283456256,0.589616031,0.102886966,6.688215746
YKL078W,0.731791826,0.221603912,-0.23083892,0.784772264,2.826408108
YKL079W,0.549748517,0.263299789,-0.40316322,0.460440502,2.479786556
YKL080W,0.138643698,0.800332931,0.580023552,0.137578653,8.288033041
YKL081W,0.610545435,0.195958056,0.467735208,0.34797098,10.49476948
YKL082C,0.718581428,0.208973851,-0.088082329,0.954849017,2.946724209
YKL083W,-0.037872791,0.996095702,-0.198817239,0.769402898,2.296921365
YKL084W,-0.680593259,0.095713936,-0.289163919,0.558774838,6.33142241
YKL085W,0.759089206,0.020276953,0.048854655,0.964103674,5.537223281
YKL086W,0.567303864,0.307799906,0.576158682,0.302152275,0.779187382
YKL087C,-0.224341924,0.611435397,-0.108895732,0.856340136,3.696189767
YKL088W,0.608245603,0.196596312,0.26277768,0.659038268,2.299005757
YKL089W,-1.565126668,8.13E-05,-2.238811304,1.03E-08,2.535128527
YKL090W,-0.06357052,0.92642786,-0.389561084,0.286901347,3.014390355
YKL091C,-0.467913175,0.225344042,-0.175397786,0.729632055,3.138106235
YKL092C,0.257246463,0.575726979,-0.022783008,1,2.623378425
YKL093W,0.207351913,0.629324234,0.582806919,0.084190627,4.331380299
YKL094W,0.005825383,1,-0.352711218,0.363879237,4.62650087
YKL095W,0.304675052,0.697511112,-0.86207791,0.162875493,0.800741372
YKL096C-B,-1.423837122,0.00049524,-1.828036938,6.44E-06,1.201013706
YKL096W,-0.32961749,0.460727643,-0.602718293,0.120336893,6.138830791
YKL096W-A,1.584333552,0.000181082,1.717979989,4.79E-05,12.23904415
YKL097C,-2.8631714,0.002475028,-1.577681823,0.104247123,-1.743105266
YKL098W,-0.951527771,0.009281831,-0.357473516,0.424511151,4.432137735
YKL099C,0.422973084,0.470729783,-0.639883524,0.237287486,3.603113862
YKL100C,-0.040681599,0.989288641,0.256554253,0.66147476,8.041119938
YKL100W-A,0,1,0,1,-4.776081025
YKL101W,-0.509169382,0.165601643,-0.242058111,0.585479788,4.187267277
YKL102C,-1.688740028,0.000705734,-0.020796557,1,-0.163613891
YKL103C,-0.170135518,0.746011749,0.269332298,0.584175758,4.510189181
YKL104C,-0.104261457,0.861593283,0.760217693,0.034260798,7.931145278
YKL105C,-0.151143119,0.749597269,-0.777160376,0.019040487,4.298518224
YKL106C-A,-1.044202766,0.183160647,-0.260754422,0.86648018,-1.879103742
YKL106W,0.622481483,0.107880396,0.985711867,0.004248511,5.440528806
YKL107W,-1.608820478,2.59E-05,-0.606430437,0.175665754,2.618203057
YKL108W,0.489741831,0.362815447,-0.372678542,0.545783095,1.508831897
YKL109W,0.869104675,0.007029848,0.4169197,0.264759919,3.755541673
YKL110C,0.467581826,0.376194468,-0.246319054,0.708336776,3.795826769
YKL111C,-0.32602013,0.618940603,-0.527923119,0.387474539,0.336812608
YKL112W,-0.192734955,0.639571379,-0.556921565,0.085541242,3.542673186
YKL113C,-0.330488972,0.389621181,-1.14874769,0.000146079,4.043086742
YKL114C,-0.359708816,0.323042785,-0.711038989,0.022516872,3.854459807
YKL115C,0.393122766,0.654026117,0.686395113,0.378485915,1.145939759
YKL116C,0.558558752,0.159093862,1.205007511,0.000379828,4.65496087
YKL117W,-0.041850696,0.988344558,-0.623403317,0.173508739,6.475956611
YKL118W,-0.812838525,0.535680785,-1.00799179,0.517432644,-2.848875715
YKL119C,-0.072880281,0.928441554,-0.346926238,0.443570187,3.772889546
YKL120W,0.676328854,0.127890625,0.139064075,0.840147805,6.875745188
YKL121W,-1.132659402,5.86E-05,-0.925800708,0.001388741,4.682613543
YKL122C,0.424768361,0.353662593,-0.14332254,0.826489019,4.432934473
YKL123W,0.028111835,1,0.328332027,0.744466922,-1.447484988
YKL124W,0.386480295,0.354591071,0.290826444,0.525659096,3.080549598
YKL125W,0.221744884,0.638431362,-0.557514919,0.1510326,3.895290486
YKL126W,-0.138022546,0.804457793,0.598663769,0.126434672,6.306291834
YKL127W,-0.923421696,0.012548008,-0.680111437,0.075013869,6.622100364
YKL128C,-0.715293122,0.046634068,-0.776613399,0.023546139,5.621657587
YKL129C,0.033663262,0.992454238,-0.29031012,0.495902858,3.323600476
YKL130C,-0.149111475,0.741797449,-0.11893681,0.82225232,4.115238339
YKL131W,-0.162382705,0.872783092,-0.366401304,0.661048927,0.801350291
YKL132C,-0.599584954,0.127343208,-0.119375793,0.851082038,2.766548387
YKL133C,-0.089645688,0.884381102,-0.475993078,0.221228321,2.759195816
YKL134C,-1.274512438,0.000144311,-1.763185313,7.45E-08,3.516577405
YKL135C,0.04026198,0.977656249,0.082395321,0.905501562,4.126200859
YKL136W,0.001486918,1,0.233595221,0.753449796,1.47860782
YKL137W,0.694037356,0.104762572,-0.014167359,1,3.301476281
YKL138C,0.49561616,0.17547674,0.018239925,1,3.249982414
YKL138C-A,-0.039697811,0.985175139,-0.401721101,0.336212908,3.036958614
YKL139W,0.833098792,0.107580207,-0.174462355,0.832828411,2.609689384
YKL140W,0.237423032,0.563582651,0.44755703,0.210940513,5.113828434
YKL141W,-0.176744241,0.845784325,0.117173105,0.926485128,8.454241602
YKL142W,-0.359997382,0.401382003,-0.750756826,0.038069231,5.558511303
YKL143W,0.451524454,0.358369651,-0.600388824,0.197703568,3.667143398
YKL144C,-0.27368322,0.506724761,-0.490232523,0.175436005,4.194697805
YKL145W,-0.287579312,0.499737756,-0.817153055,0.01559733,5.619992277
YKL145W-A,0.044911565,1,0.456265071,1,-4.185514881
YKL146W,-0.259586341,0.721629089,0.03948213,1,7.079264605
YKL147C,-0.355529044,0.74575423,-0.772599513,0.4106512,2.243076448
YKL148C,0.465532054,0.491849811,1.078947359,0.053217452,6.894582176
YKL149C,0.202253791,0.741797449,-0.280196335,0.655733963,2.54003681
YKL150W,0.418443395,0.343934436,0.823598395,0.029385041,6.191951133
YKL151C,-1.740938765,6.88E-05,-1.153953637,0.0119786,7.127546898
YKL152C,-1.341076688,6.79E-05,-0.743445022,0.042657456,11.85691785
YKL153W,-1.261301342,0.001093416,-0.915693911,0.022880901,9.853493611
YKL154W,0.63369414,0.218938532,-0.195449718,0.786697872,4.002932209
YKL155C,1.286618217,6.79E-05,0.647397471,0.075899271,2.852191768
YKL156C-A,-2.618131509,0.721629089,-2.444917684,1,-4.629742985
YKL156W,0.762083085,0.109755061,0.399102128,0.464725912,7.081552712
YKL157W,-0.622000417,0.162757469,0.189703606,0.748725543,7.068036155
YKL159C,-0.583339964,0.103713512,-0.305111323,0.457087438,3.144380527
YKL160W,0.059006044,0.944485117,-0.21545794,0.663003308,5.159167975
YKL161C,-0.004701037,1,0.469466456,0.160226612,3.10474129
YKL162C,0.276520733,0.643191546,0.582437131,0.247263136,1.753012369
YKL162C-A,0.370099421,0.511703638,1.063468902,0.015999408,1.502168428
YKL163W,0.30316574,0.514520845,1.630716971,1.32E-06,4.343914825
YKL164C,0.431015665,0.309875944,0.666275386,0.078372659,9.551360502
YKL165C,-0.861771023,0.044417864,-0.631583087,0.154189696,7.384294965
YKL165C-A,0.258344006,0.732557636,-0.306422669,0.715404989,-0.09650995
YKL166C,0.364676816,0.361836157,-0.487345188,0.201088023,3.394249122
YKL167C,0.181846607,0.683590554,-0.012693469,1,3.57680395
YKL168C,0.438879239,0.308209431,0.1842783,0.736472218,2.6588442
YKL169C,0.09023664,0.933416344,0.166655574,0.843980937,0.865868579
YKL170W,0.303854307,0.438639334,-0.151242108,0.762133371,2.940508217
YKL171W,0.157955526,0.742671901,0.294036525,0.494059829,3.262675946
YKL172W,0.449746302,0.4280809,-0.38450973,0.525659096,4.414372327
YKL173W,0.331407128,0.34740176,-0.030374296,0.999508214,3.327004084
YKL174C,0.114634481,0.835967449,0.274411562,0.541527278,6.282541321
YKL175W,-2.143101584,0.000714172,-0.883442503,0.223677821,9.784233766
YKL176C,-0.299994436,0.521386009,-0.004866051,1,7.444598006
YKL177W,0.380223417,0.683497623,-0.966248726,0.233713341,-1.671497298
YKL178C,-0.008321362,1,0.047968114,0.974850577,3.016688172
YKL179C,0.595681546,0.228403958,-0.114646605,0.899265544,3.24983715
YKL180W,0.41131053,0.423294569,0.431572115,0.397151042,9.258853562
YKL181W,0.144092059,0.797373127,0.282887016,0.564699018,7.6514992
YKL182W,-0.698057034,0.103713512,0.468314701,0.306441292,10.48907255
YKL183C-A,-0.815578508,0.172698001,-0.988009163,0.084916666,-0.334069458
YKL183W,-0.889988933,0.027493899,-0.986364583,0.010732244,4.362307957
YKL184W,0.189320181,0.684739148,0.675040867,0.050541788,6.659151441
YKL185W,0.431807363,0.293231754,0.544534132,0.157459916,5.149093751
YKL186C,0.179600428,0.732440887,-0.171479941,0.766217034,3.633342468
YKL187C,-0.19064379,0.660060686,-0.404231164,0.269823013,4.103724521
YKL188C,0.58606402,0.189529142,0.312673311,0.558108084,1.228824877
YKL189W,0.530895348,0.266210582,0.075822795,0.942545475,2.191631844
YKL190W,0.243556609,0.580986168,-0.097170961,0.884691999,4.612561994
YKL191W,-0.32348545,0.471495194,0.175494928,0.744164254,6.792741621
YKL192C,-0.034046893,0.997156235,0.007071655,1,8.963711307
YKL193C,0.009796508,1,-0.591876329,0.087679175,3.322997607
YKL194C,0.199277083,0.622820923,0.481888832,0.145160537,3.788551542
YKL195W,0.342436919,0.49397433,-0.288311776,0.600462536,3.91041203
YKL196C,0.09627888,0.87542328,-0.174051698,0.740616917,5.388261457
YKL197C,-0.273626961,0.509063089,-0.717591017,0.033581055,3.062949188
YKL198C,-0.497060575,0.216593122,-0.204142898,0.687468129,4.968093475
YKL201C,-0.556766662,0.098889759,-0.498911739,0.138308606,3.955615069
YKL202W,0.576980722,0.506207978,0.305922379,0.80008534,-1.393302079
YKL203C,0.022505888,1,0.580607484,0.101589851,4.793022438
YKL204W,0.48923978,0.196596312,0.28004712,0.52311355,2.830624712
YKL205W,0.621229999,0.130622927,0.536570233,0.197487254,4.830712548
YKL206C,-0.066194919,0.915629288,-0.33518744,0.362783481,4.333773459
YKL207W,-0.439265882,0.301074553,-0.547981096,0.170072738,7.850929732
YKL208W,0.087707948,0.897813217,-0.353151569,0.428638514,2.492757748
YKL209C,0.731287084,0.067667459,0.173459074,0.75795457,5.942552566
YKL210W,-0.689000514,0.093545989,-0.293106177,0.555524141,7.708157133
YKL211C,-0.274449435,0.507051585,-0.158796329,0.744466922,6.792177516
YKL212W,0.06441889,0.936900736,0.193479348,0.709746454,6.471397073
YKL213C,-0.315993383,0.444506258,-0.005140203,1,4.562466967
YKL214C,-0.627120244,0.048985321,-1.007086764,0.000491646,4.244829385
YKL215C,-0.63881592,0.196212985,-0.557679152,0.269707152,4.31952061
YKL216W,0.743453295,0.106173831,0.343484429,0.527860082,6.212619971
YKL217W,1.037709355,0.006821214,0.254478586,0.642172385,3.720557441
YKL218C,-0.789479428,0.017834265,-0.107145129,0.852464224,4.852659621
YKL219W,0.217826025,0.635393845,-0.073598063,0.924824291,6.237937112
YKL220C,-0.977890796,0.055785751,-0.686099221,0.2024204,2.71989263
YKL221W,0.019427495,1,0.528439683,0.236500863,1.979839119
YKL222C,0.185697964,0.67540726,0.522443607,0.133283773,3.713273533
YKL223W,-3.1165407,0.073609997,-2.722120946,0.115581462,-3.986176271
YKL224C,-0.810384759,1,0.514574234,0.913537705,-4.139862047
YKL225W,0,1,0,1,-4.776081025
YKR001C,-0.413370582,0.29035277,-0.510154909,0.16708951,5.76353571
YKR002W,0.060343509,0.932314176,0.00787718,1,3.148648538
YKR003W,-0.317980373,0.391060454,-0.320535711,0.389132857,4.271595395
YKR004C,0.030099936,0.993909169,0.42398557,0.294065078,3.737152714
YKR005C,-0.105317742,0.890553093,0.580730838,0.210197867,1.674726461
YKR006C,0.443201894,0.20125254,-0.080800705,0.898743618,3.897811153
YKR007W,0.332999514,0.444132384,0.159568227,0.767190685,3.076328931
YKR008W,0.169705807,0.747133263,-0.499701882,0.237414055,3.225937491
YKR009C,-0.58644192,0.101323114,-0.152546208,0.757024418,4.62693007
YKR010C,0.528558533,0.216673641,-0.407613076,0.380910013,2.54781285
YKR011C,-0.617719999,0.072787697,-0.338064176,0.382509299,3.773114767
YKR012C,0.711180449,0.084598421,0.431206759,0.338762606,4.928889134
YKR013W,0.70331949,0.050037321,0.647986184,0.066444887,8.078110071
YKR014C,-0.267284821,0.499866054,-1.141011067,0.000127779,4.914185382
YKR015C,-0.437622729,0.256691038,0.066173012,0.93687649,3.713142692
YKR016W,0.435884264,0.410801882,-0.152286111,0.846646557,3.016346108
YKR017C,0.411898081,0.303923627,0.532366243,0.153440412,3.130332497
YKR018C,-1.0356368,0.025570996,-0.620428071,0.21847021,5.847449896
YKR019C,-0.135737799,0.811101394,-0.616135266,0.117773653,2.493232877
YKR020W,-0.488841509,0.175812682,-0.93555825,0.002945921,3.070768587
YKR021W,0.453441703,0.20433441,0.869641088,0.004657191,3.824536654
YKR022C,0.405134357,0.426478358,-0.084603947,0.937670762,3.125487145
YKR023W,0.979357696,0.095203266,-0.145932201,0.899093313,1.878966833
YKR024C,0.986637084,0.034520265,0.052161915,0.984972086,2.679896046
YKR025W,-0.260597402,0.54135159,-0.852697268,0.009806218,3.746646639
YKR026C,-0.178369065,0.70636887,-0.388724481,0.325861766,4.791416224
YKR027W,0.163175709,0.732557636,0.558325635,0.123327329,4.320807117
YKR028W,0.351396444,0.364279917,0.179492639,0.706172368,4.785218776
YKR029C,0.991555995,0.026867473,-0.246453953,0.711865602,1.951357123
YKR030W,0.867051244,0.039172686,0.674784872,0.116762561,5.17753083
YKR031C,0.548938727,0.13508097,0.139198059,0.797447707,2.891776776
YKR032W,-1.165494054,0.469386749,0.166441775,1,-3.296864783
YKR033C,-2.861871702,0.09121195,-0.078379496,1,-2.468821303
YKR034W,0.092386285,0.977656249,0.971567317,0.180663574,-0.479056484
YKR035C,0.250902316,0.638011436,0.041990431,0.99160671,3.636235035
YKR035W-A,0,1,0,1,-4.776081025
YKR036C,0.259840664,0.542508022,-0.374587585,0.354355026,3.240977545
YKR037C,-0.571939129,0.127859245,-0.629110463,0.079860867,3.229782075
YKR038C,0.088113068,0.869587909,-0.016013209,1,5.093562175
YKR039W,-0.274079523,0.754880888,2.170052332,0.000264949,7.029622198
YKR040C,-0.587586529,0.53856355,-0.251414023,0.86283605,-0.495600158
YKR041W,0.21338538,0.87542328,-1.239669912,0.141835287,0.518962645
YKR042W,0.43258275,0.381511841,0.931775902,0.0251012,10.66422934
YKR043C,-0.523305096,0.1719142,-0.319411741,0.453349739,6.327476327
YKR044W,0.210088167,0.624850116,0.319659677,0.418773032,4.778050826
YKR045C,0.489360293,0.273719106,0.404652305,0.386495657,2.482728718
YKR046C,-0.617341797,0.29070667,0.09680147,0.93687649,8.588056414
YKR047W,-0.670952404,0.298981342,-0.66744801,0.302318259,2.245024116
YKR048C,-0.882395768,0.085821426,-0.80672974,0.109198536,6.559024034
YKR049C,-0.340138794,0.575414325,-0.005655314,1,4.586563823
YKR050W,0.296362265,0.51441446,0.715672378,0.054301458,5.867187497
YKR051W,0.201871388,0.605457055,0.348453564,0.316564118,4.249880195
YKR052C,-0.334552951,0.354591071,0.128922697,0.786645724,4.092769069
YKR053C,-1.672254537,1.31E-06,-0.745431903,0.055004945,4.308611207
YKR054C,-1.100400397,0.00872596,-0.31381724,0.571368945,4.796091383
YKR055W,0.827918472,0.023423205,1.363796343,4.20E-05,3.139066281
YKR056W,0.033182172,0.989979893,-0.190521989,0.708224195,4.28801377
YKR057W,0.634956557,0.165058526,0.670270463,0.128663747,8.586018269
YKR058W,-0.712996654,0.072493422,-0.61508018,0.123792905,2.5141499
YKR059W,0.07721061,0.912367131,0.37921003,0.368366707,10.38772109
YKR060W,-0.940324844,0.00633538,-1.823606267,9.25E-09,3.46058633
YKR061W,-1.91212091,5.96E-08,-1.286036502,0.000535666,4.39832101
YKR062W,-0.328861011,0.39683342,-0.718071247,0.027837011,4.077087869
YKR063C,-0.034418227,0.985697841,-0.316714095,0.460440502,3.347076342
YKR064W,0.32239447,0.375510597,0.078219675,0.900167174,3.78813725
YKR065C,0.012654416,1,0.239495318,0.627859551,6.595373486
YKR066C,-0.231860372,0.782937504,0.244279114,0.779216732,8.303361627
YKR067W,0.934442966,0.016692514,1.230428624,0.000811181,6.06737418
YKR068C,0.045517105,0.965216806,0.403894779,0.287925469,5.457917858
YKR069W,0.346436583,0.393357233,-0.641812438,0.072442875,3.041705505
YKR070W,-0.571210387,0.12367718,-0.38279445,0.338242322,5.07567443
YKR071C,0.413992004,0.28418838,-0.006122459,1,5.096189464
YKR072C,0.511690248,0.123485311,-0.016385169,1,3.726563644
YKR073C,1.23045574,0.034673775,0.422594303,0.615516316,-0.979822249
YKR074W,0.030174876,0.991344067,-0.614485301,0.065046505,5.134246958
YKR075C,-0.196553339,0.663919247,-0.46763007,0.210587364,2.93005689
YKR075W-A,-2.606667794,0.721629089,-2.433502214,1,-4.631172776
YKR076W,-0.148344271,0.790303215,-0.192112157,0.727117362,3.718323229
YKR077W,0.457048302,0.190468344,0.876210578,0.003563245,3.365682892
YKR078W,0.542986184,0.256073118,-0.087688776,0.936825921,2.187639628
YKR079C,0.449504051,0.219190817,0.117001449,0.829172315,4.090058775
YKR080W,-0.834599127,0.01925238,-0.371246169,0.376875373,4.69606446
YKR081C,0.275978628,0.691449658,-0.473229929,0.449308259,4.265919497
YKR082W,0.732213387,0.091747986,0.497510737,0.281713798,4.305821491
YKR083C,0.481265236,0.315313504,0.15186349,0.823780389,2.344738684
YKR084C,-0.195472605,0.624400645,-0.681260259,0.024115012,4.108772089
YKR085C,0.269098658,0.530577394,-0.089914697,0.898364117,3.886150783
YKR086W,0.803947412,0.030377081,0.036927601,0.993889925,2.801678565
YKR087C,0.100588145,0.847965811,0.183535521,0.687556698,3.848750273
YKR088C,-1.028485018,0.00691145,-0.814897838,0.036330253,6.480895582
YKR089C,-0.106688494,0.868295513,-0.031684302,1,5.117468236
YKR090W,-0.882820832,0.007461126,-1.050393249,0.000957714,4.089571512
YKR091W,-0.76808824,0.034024829,0.407293078,0.31286276,3.045662746
YKR092C,0.911060226,0.043500086,0.067166707,0.961176134,4.863138118
YKR093W,2.741228506,1.49E-16,1.685768473,6.24E-07,6.181898963
YKR094C,0.40917163,0.474843244,0.045222876,0.997262453,8.505582528
YKR095W,0.531074005,0.238252244,-0.267681438,0.635184596,3.204361634
YKR095W-A,0.53288528,0.273094507,-0.506515547,0.31207546,2.834367086
YKR096W,0.696875696,0.045836896,0.42377564,0.268841816,3.152400017
YKR097W,-0.472402153,0.137841536,-0.139722697,0.744466922,3.803481741
YKR098C,0.16419578,0.729447073,-0.002087804,1,3.160128001
YKR099W,1.167255327,0.025713499,-0.235330587,0.763700263,3.003142449
YKR100C,0.881315092,0.008267921,0.478617016,0.201079819,4.192073256
YKR101W,0.484686261,0.296472269,0.05330191,0.974850577,2.218290872
YKR102W,-0.338009651,0.567758925,0.118297551,0.899093313,5.276832428
YKR103W,0.395437475,0.483543382,0.517996091,0.333922659,2.760993195
YKR104W,-0.373363597,0.528225615,0.392543927,0.505657552,2.084477325
YKR105C,0.152601628,0.845800741,-0.43561398,0.465243031,1.656479317
YKR106W,0.296293908,0.577636408,0.628714363,0.159731626,1.851803127
YLL001W,0.34771851,0.322944984,0.138728521,0.759038337,4.071155769
YLL002W,-0.111844397,0.872878426,-0.294478972,0.585479788,2.642351831
YLL003W,-0.293406271,0.516396527,-1.214597707,0.000474907,2.801385378
YLL004W,0.611392859,0.233214677,0.084896749,0.93986848,2.585960685
YLL005C,0.035761676,0.985071117,0.388730801,0.317247543,4.846532026
YLL006W,0.476402171,0.32295966,0.47233399,0.327989804,3.73387736
YLL006W-A,0.867199823,0.633825535,-3.274895175,0.507367333,-4.103761145
YLL007C,0.206361009,0.697597362,0.145689164,0.816811264,2.419506743
YLL008W,0.921635483,0.04765003,-0.320113187,0.597187971,3.759265124
YLL009C,0.298964559,0.571098358,0.355299736,0.495902858,2.826168222
YLL010C,0.80052039,0.02342124,0.65517733,0.066504611,3.780906189
YLL011W,0.641800785,0.287756477,-0.205171099,0.811955716,4.01394471
YLL012W,-0.193240709,0.658984946,0.06875602,0.925125217,4.896908504
YLL013C,1.508874525,8.22E-05,1.050549914,0.009344849,3.013450353
YLL014W,0.050306578,0.963696501,0.381944603,0.371752348,6.15691881
YLL015W,0.04867329,0.971767598,0.643935102,0.106513654,6.649980204
YLL016W,-1.298218804,5.16E-05,-0.642193572,0.071664937,2.820283758
YLL017W,-1.947997605,0.013063834,-1.729200895,0.030188357,-0.56111472
YLL018C,-0.30944966,0.554348563,-0.409359797,0.409333238,8.089166883
YLL018C-A,0.292097677,0.645188531,0.239912457,0.731488944,2.226179286
YLL019C,1.005856029,0.001634163,1.302798486,2.28E-05,4.757341857
YLL019W-A,0,1,0,1,-4.776081025
YLL020C,0.436169481,0.5221995,2.220883858,5.99E-06,1.315579425
YLL021W,1.087580587,0.007599852,0.3243288,0.546682267,3.040566444
YLL022C,-0.441027814,0.232390357,-0.88375822,0.005400851,3.695150824
YLL023C,-0.219367868,0.779188665,-0.187951316,0.830619378,7.146924739
YLL024C,0.261452116,0.582249578,0.711274713,0.060399422,11.06024381
YLL025W,-0.196605018,0.812691703,0.452951205,0.460802653,0.99646157
YLL026W,-0.131564812,0.795532739,-0.45996954,0.223820351,5.434980071
YLL027W,0.104047694,0.874685753,0.162632927,0.779759211,3.853787062
YLL028W,2.202667669,1.83E-10,2.680254551,9.57E-15,7.084320764
YLL029W,0.062283474,0.920292275,-0.007171043,1,4.622029508
YLL030C,1.253311763,0.70636887,0.999824837,0.650920134,-4.139477426
YLL031C,0.378098207,0.397781095,0.501439988,0.231502411,7.656541519
YLL032C,0.099172855,0.858446494,-0.093464995,0.889078145,2.950971684
YLL033W,-0.175908486,0.674570721,0.275245828,0.467816592,3.289226822
YLL034C,0.792752797,0.083353685,-0.136571062,0.862543529,3.62868262
YLL035W,0.457555355,0.307799906,0.623987837,0.131201097,4.237884986
YLL036C,-1.542843684,6.64E-07,-1.783439496,7.54E-09,4.290206405
YLL037W,-2.55757058,2.04E-05,-1.924219809,0.001721499,0.88941657
YLL038C,-1.268683471,0.007278239,-1.543275794,0.000766912,2.917144237
YLL039C,-0.976344424,0.025535802,-0.744806424,0.096646494,6.296876303
YLL040C,-0.660118598,0.134669786,-0.083956243,0.926555422,4.834717771
YLL041C,0.857089545,0.18719781,1.558991501,0.006342241,6.690780299
YLL042C,-0.680021023,0.146060513,-0.252565009,0.678018093,1.371326163
YLL043W,0.603263923,0.077418918,0.131250211,0.797425545,5.39767596
YLL044W,0.180213936,0.739884317,0.016105247,1,7.389992287
YLL045C,0.325654625,0.499866054,0.208697129,0.711270825,9.72912133
YLL046C,-2.369707925,2.46E-05,-2.334748356,3.82E-05,1.580685713
YLL047W,-2.413445366,2.57E-05,-2.280902814,0.000102066,0.636970747
YLL048C,0.002951813,1,0.488947831,0.248293233,8.438692659
YLL049W,-0.863125064,0.012275773,-0.407445507,0.306352099,5.602380924
YLL050C,0.4134324,0.40908166,0.423531595,0.396154681,8.358889118
YLL051C,-0.361318738,0.500448991,-0.157715755,0.824410791,7.503105021
YLL052C,-0.192697083,0.777779533,1.19042039,0.00864039,5.313150168
YLL053C,-0.197534116,0.802960598,1.173189394,0.024983132,5.402703816
YLL054C,0.397449222,0.338052522,0.847227844,0.015413635,3.529332424
YLL055W,-0.136963086,0.771240491,-0.147789394,0.760652946,3.672423507
YLL056C,-1.147230772,0.000906633,-0.031984582,1,3.248890663
YLL057C,-0.97166181,0.023023873,-0.747374647,0.086844167,5.130730437
YLL058W,-0.133567062,0.79795988,0.506055872,0.185377794,4.822731175
YLL059C,-0.177040773,0.871787393,-0.454082991,0.624456643,-0.572515583
YLL060C,-1.30293883,0.010271768,-0.454008422,0.471416532,1.85678012
YLL061W,0.778467807,0.043575256,-0.9951045,0.005638919,6.515684025
YLL062C,0.194491285,0.74575423,-1.447496715,0.00041378,2.147774381
YLL063C,0.04821892,0.952436194,0.093387677,0.869925633,3.595328968
YLL064C,-1.098076605,0.1153195,-0.370152454,0.686928408,1.191897278
YLL065W,0,1,0,1,-4.776081025
YLL066C,-0.110797853,0.843809677,0.035869715,0.995336284,5.036514676
YLL066W-A,0,1,0,1,-4.776081025
YLL066W-B,-2.662237027,0.005992906,-2.037467874,0.036264403,-2.755521482
YLL067C,-0.024727468,1,0.128696118,0.82766651,5.026312859
YLL067W-A,0.06391213,1,0.151038307,0.991881047,-1.884289876
YLR001C,0.247549243,0.557696841,0.881720149,0.005981756,4.922284768
YLR002C,0.519378925,0.251611716,-0.472211287,0.313309105,3.320695783
YLR003C,0.408953893,0.477704203,-0.645001943,0.219392193,3.932350898
YLR004C,0.522575325,0.178764554,0.421300198,0.298444244,3.257967033
YLR005W,0.592846516,0.054885732,0.331558397,0.341445736,3.541723173
YLR006C,0.367672229,0.32502256,0.477610333,0.172350343,3.190276086
YLR007W,0.04799908,0.951056303,-0.278072113,0.457008525,4.252246026
YLR008C,0.13917568,0.772840349,-0.195938277,0.676926736,4.425292561
YLR009W,0.641596558,0.238168385,-0.104028871,0.924624456,4.680161632
YLR010C,-0.39293615,0.443631482,-0.739795571,0.097268163,2.194242025
YLR011W,-0.128232277,0.837214541,-0.462760052,0.302119967,2.647018156
YLR012C,0.156799924,0.963696501,0.382189766,0.734166954,-1.621641968
YLR013W,-1.2350042,0.28872758,-0.361340441,0.840147805,-2.26150693
YLR014C,0.580136607,0.121279481,0.340121108,0.415243294,3.377349753
YLR015W,-0.470413887,0.189529142,-0.89568671,0.004248511,3.114658989
YLR016C,-0.420245079,0.226801027,-0.261905305,0.504610469,4.307601614
YLR017W,-0.330967541,0.406282771,0.039633144,0.982947485,6.282340664
YLR018C,0.295949261,0.464692506,-0.336995698,0.397151042,4.291620764
YLR019W,0.004921567,1,0.11389121,0.846529833,5.037907103
YLR020C,0.57717391,0.160818404,0.072681488,0.935360769,4.235344659
YLR021W,-0.117712177,0.804535008,-0.436168113,0.210248739,3.512441848
YLR022C,0.453661124,0.391344792,-0.163531837,0.826470594,4.160272016
YLR023C,1.252230577,0.000343034,1.329645594,0.000136188,6.139448742
YLR024C,-0.526476446,0.197050407,-0.81415939,0.027040149,3.105342214
YLR025W,-0.003063035,1,-0.389217261,0.405894712,3.753852956
YLR026C,0.569326807,0.375584025,-0.005417303,1,2.349204642
YLR027C,-0.773149907,0.063722932,-0.342869124,0.490835001,9.856241882
YLR028C,-0.86057629,0.032898129,-0.664103807,0.107850315,7.235559184
YLR029C,0.059180489,0.958653516,-0.652868277,0.126383988,10.45036548
YLR030W,-0.466695842,0.244974527,-0.529681844,0.171544149,3.492100021
YLR031W,-0.285163311,0.644341121,-0.887547272,0.066227369,2.275351277
YLR032W,0.400205887,0.459359405,-0.478433814,0.369911548,2.479809607
YLR033W,-0.280852136,0.50750229,-0.617569886,0.081488312,3.721182312
YLR034C,-0.162601804,0.801451212,0.055796714,0.975845944,8.627556429
YLR035C,-1.290547896,0.000240597,-1.355146155,0.000121058,3.365084985
YLR035C-A,0.097029468,0.870435156,-0.215054921,0.657194977,4.567737154
YLR036C,0.303621503,0.459901482,-0.060361342,0.948169035,3.803756284
YLR037C,-0.222014271,0.799590123,-0.099812423,0.954330856,0.448512682
YLR038C,0.473211962,0.18665029,0.201124474,0.657194977,4.701530151
YLR039C,0.280953513,0.530272607,-0.107689236,0.872872392,2.913022394
YLR040C,-0.624678761,0.058839671,-0.312202629,0.409763838,3.629944496
YLR041W,-1.107375217,0.076691164,-0.846247586,0.190175935,1.348849413
YLR042C,1.050499948,0.018123476,0.480024766,0.35511246,3.209495222
YLR043C,0.129841443,0.833457204,0.297965744,0.557699347,7.718802491
YLR044C,-0.888357765,0.057390744,-0.519425194,0.31207546,13.33474443
YLR045C,-1.726497287,6.26E-05,-1.725984638,7.04E-05,3.968021487
YLR046C,-0.246150944,0.674570721,0.452707971,0.378262267,5.701856057
YLR047C,0.41829551,0.478704411,0.546115848,0.327544156,5.941141202
YLR048W,0.236331359,0.630098722,0.371188702,0.406099603,10.91181643
YLR049C,0.051152157,0.95973586,-0.457757496,0.258215813,3.389204942
YLR050C,-1.716264742,5.00E-05,-1.315692943,0.002474258,6.962464572
YLR051C,0.879021814,0.054340726,0.003897213,1,3.743827066
YLR052W,0.701625346,0.073382019,0.03382434,0.998534341,3.195395499
YLR053C,-0.217435239,0.729447073,0.0613465,0.98112399,1.418167868
YLR054C,-1.005952339,0.027261031,-0.763560685,0.104144651,2.590108899
YLR055C,-0.261360483,0.516565943,-0.393700925,0.290594656,3.862325289
YLR056W,0.145577086,0.797373127,0.517603803,0.219392193,9.805724119
YLR057W,0.87482994,0.014627142,0.945924194,0.006232527,4.120162206
YLR058C,-2.136617904,1.26E-06,0.248972875,0.722520134,10.68880545
YLR059C,-1.166737642,0.000957345,-0.696932449,0.067445032,5.702459489
YLR060W,0.162057311,0.75659681,0.062501544,0.950539654,7.015871201
YLR061W,0.473000107,0.440935111,0.167034714,0.848979033,8.2884968
YLR062C,0.531482118,0.409048288,0.280419794,0.720494439,6.231563885
YLR063W,-0.067603563,0.937474198,0.011040412,1,3.030588476
YLR064W,0.213342433,0.644019759,0.5753962,0.116583849,7.078444923
YLR065C,0.377386976,0.411791055,0.288939487,0.565096877,5.189344075
YLR066W,0.221326915,0.624400645,-0.190096395,0.702136951,5.626324393
YLR067C,0.661072856,0.172688127,0.364598381,0.514353472,1.99100835
YLR068W,0.836623945,0.087281985,0.399212937,0.486709291,2.739979221
YLR069C,0.679850937,0.050936789,0.790271381,0.016139289,3.375241201
YLR070C,-0.92526208,0.051636808,-0.382882509,0.504278912,4.788535588
YLR071C,0.532342607,0.097861864,0.168716511,0.692512398,3.837194496
YLR072W,-0.392329775,0.354275062,-0.291938969,0.527860082,4.026785821
YLR073C,0.975427449,0.031007448,1.014256508,0.020487389,4.303367002
YLR074C,0.357236514,0.510269596,-0.29453993,0.627819412,3.940833151
YLR075W,0.104711329,0.883924113,-0.195808315,0.741351772,10.48766525
YLR076C,-0.056236215,0.966583716,-0.053391562,0.977435504,6.738696108
YLR077W,0.403409824,0.277742474,-0.04760531,0.973574374,3.392147757
YLR078C,-0.061073801,0.945653875,-0.404683187,0.334271911,3.751974197
YLR079W,0.785219433,0.112524633,0.129366585,0.878901936,3.50920141
YLR080W,-0.058673837,0.957050276,0.005395634,1,2.465544734
YLR081W,0.218555691,0.691373634,-0.188741224,0.751558126,2.234737282
YLR082C,1.018094689,0.039674654,0.03500189,1,1.948907658
YLR083C,0.365072486,0.483514608,0.292093529,0.609792609,9.245226794
YLR084C,0.782491744,0.068044139,0.688256213,0.106196768,5.675749636
YLR085C,-0.599831709,0.054885732,-0.824719086,0.004248511,3.398424995
YLR086W,0.196607182,0.725993981,-0.290660969,0.581904882,2.576160984
YLR087C,-0.501631056,0.165058526,0.094714023,0.878858438,3.92646914
YLR088W,0.330364961,0.412566584,0.434978993,0.250937401,5.929236112
YLR089C,-0.226984674,0.688150033,0.75462802,0.076371177,9.257562416
YLR090W,0.377549629,0.290107831,0.006337334,1,3.51097873
YLR091W,-0.865516506,0.025034324,-0.682124417,0.082612861,4.587071356
YLR092W,0.554406379,0.220172509,-0.38244188,0.436929818,5.61653124
YLR093C,0.171166065,0.710461239,-0.45447468,0.219392193,4.462045223
YLR094C,0.418307431,0.245759805,0.617688317,0.056715541,3.280506426
YLR095C,-1.087542005,0.003500752,-1.431659891,6.67E-05,4.252877718
YLR096W,0.452968314,0.282464899,0.184264135,0.734166954,3.496023694
YLR097C,0.23172943,0.642083779,-0.336432112,0.486007289,3.278338109
YLR098C,-0.126187755,0.790303215,0.185152309,0.683765639,4.026925987
YLR099C,-0.052455346,0.94807033,0.355824288,0.346092148,4.336901776
YLR099W-A,-1.146957593,0.008909618,-1.004504355,0.022523432,3.62023252
YLR100W,-0.568731951,0.114608819,-0.196711606,0.674385989,6.041928116
YLR101C,-0.380748412,0.554605164,-0.117589781,0.917704028,1.557966621
YLR102C,0.068179896,0.93350208,-0.048709231,0.982057251,2.705733443
YLR103C,-0.117831105,0.87877567,-1.125485796,0.009806218,2.199074411
YLR104W,-0.139459918,0.776902884,-0.041273277,0.982057251,4.40407133
YLR105C,0.000390796,1,-0.473884737,0.216173505,3.371998842
YLR106C,0.430407063,0.281578687,1.138323686,0.000527218,5.059344848
YLR107W,0.66866427,0.096149293,0.198850614,0.713522715,3.772234473
YLR108C,-0.048475704,0.963696501,0.678271249,0.038577378,3.570958674
YLR109W,-0.291797225,0.608579844,0.220521274,0.731895969,9.875230267
YLR110C,0.104046982,0.898328364,0.477616475,0.357496944,14.40142473
YLR111W,-1.013104066,0.131952726,-0.866498545,0.209273989,0.255379939
YLR112W,-0.680993591,0.152214676,-0.420797194,0.42524196,2.239592676
YLR113W,-0.183805665,0.691449658,0.26121966,0.550165759,6.821052735
YLR114C,0.132874506,0.788639684,0.166455933,0.733825617,4.374894931
YLR115W,0.245100609,0.663919247,-0.46105688,0.344957896,2.79875303
YLR116W,0.128565522,0.812610904,0.013230998,1,3.412185166
YLR117C,0.135342118,0.81395074,-0.481618526,0.257380222,2.816670464
YLR118C,-0.331491741,0.415021061,-0.09669747,0.880121697,4.900344483
YLR119W,0.266580009,0.630240664,0.129498902,0.865456234,2.462131354
YLR120C,-0.1296704,0.866632222,0.316516718,0.609978656,8.144138297
YLR120W-A,-0.619575967,0.396201716,0.608994526,0.403795039,0.33907956
YLR121C,-0.621764637,0.273767445,-0.019847521,1,8.010044305
YLR122C,-1.228198422,0.028147463,0.166955229,0.872656768,0.663768383
YLR123C,-1.108016542,0.153916733,-0.622569929,0.491712667,-0.541766829
YLR124W,-0.255849784,0.73106143,-0.747832219,0.229831599,-0.312999061
YLR125W,0.025316283,1,0.2097165,0.81409328,0.857918584
YLR126C,-0.865263652,0.045858501,-1.510089625,0.000112829,4.071110642
YLR127C,-2.052825307,3.95E-10,-1.935627778,5.19E-09,4.737648322
YLR128W,-0.211549745,0.718351718,-0.36232699,0.497518165,1.834787314
YLR129W,0.761470842,0.054520688,-0.020435407,1,4.071520239
YLR130C,-0.891382605,0.02962787,0.419827427,0.378353587,8.256750903
YLR131C,-2.479008032,6.78E-05,-1.743674558,0.006342241,3.965053917
YLR132C,-0.9682289,0.01166094,-0.524754625,0.223251041,2.456829231
YLR133W,-0.607310294,0.126504503,0.099137693,0.889466505,4.334675268
YLR134W,-1.134647956,0.006863181,0.095195967,0.917260699,5.17393629
YLR135W,-1.532152619,0.000227596,-1.690412072,4.79E-05,3.359771891
YLR136C,-1.489289985,0.008771464,-1.509377568,0.006651021,3.893167893
YLR137W,-1.219996872,0.003227695,-0.901450335,0.036078794,5.208366346
YLR138W,0.453546888,0.372840752,1.044401441,0.013655609,7.310395557
YLR139C,0.729644981,0.03418142,0.970708602,0.002440162,3.824769317
YLR140W,-0.340589693,0.555379274,-0.504276475,0.347402012,3.038899391
YLR141W,0.048713413,0.965216806,0.303320712,0.489780729,4.332463254
YLR142W,-0.813053225,0.111127071,-0.038386272,1,2.464076422
YLR143W,0.258067563,0.514417085,-0.190950922,0.670426742,3.346502699
YLR144C,0.06804206,0.919197981,0.698280002,0.03419729,5.417215218
YLR145W,0.555358285,0.207374357,0.075957053,0.934628606,2.489964008
YLR146C,-0.157864412,0.727812497,0.394254118,0.287356721,4.970261537
YLR146W-A,0.386916107,0.483514608,0.261585837,0.677248101,2.229191859
YLR147C,0.448753815,0.40908166,0.267451577,0.67580815,2.643295853
YLR148W,0.250376424,0.528294709,-0.700880728,0.028464458,3.060284542
YLR149C,-0.089418594,0.909228306,0.828810852,0.041177577,3.678021307
YLR149C-A,0.708897023,0.094439417,-0.293773412,0.583621431,2.060431224
YLR150W,0.355249981,0.531993267,-0.54877101,0.289368671,8.66684263
YLR151C,-0.706977802,0.112090308,-1.245741872,0.001719373,1.948421098
YLR152C,0.270445767,0.569970874,0.499642893,0.229625509,5.665406533
YLR153C,-0.209768259,0.658554818,0.18368335,0.721742782,8.831529869
YLR154C,0.148435447,0.819886391,-0.293674486,0.61918746,2.840211437
YLR154C-G,0.040512501,1,0.473929887,0.935868683,-3.765506094
YLR154C-H,0.0150291,1,-0.447591674,0.772691443,-2.435161062
YLR154W-A,0.044971994,1,0.841489873,0.905501562,-4.129848489
YLR154W-B,0.709111893,0.893990489,0.456208914,1,-4.084872127
YLR154W-C,-8.264525265,0.010030809,-0.045967206,1,1.964355385
YLR154W-E,-1.213899504,0.06957355,-0.923753732,0.182390827,0.759854581
YLR154W-F,-2.021952724,0.000529769,-0.553293537,0.446861599,0.690390328
YLR155C,-0.843110025,0.067562432,-0.439622478,0.397556056,8.75784223
YLR156C-A,-0.671515991,0.485963589,-0.886218972,0.403428549,-2.514211533
YLR156W,-1.311226079,0.066106827,-0.91848236,0.224078392,-0.082847856
YLR157C,-0.834618691,0.069369287,-0.454740116,0.378353587,8.890839261
YLR157C-A,0.162071446,0.941616366,1.443192257,0.056530179,-1.274580436
YLR157C-B,-0.071452964,0.924720724,-0.418810708,0.31637951,6.112341209
YLR157C-C,-0.75129026,0.413157706,-0.708339073,0.481322648,-2.342693404
YLR157W-D,-0.91824734,0.271273335,-1.143952837,0.152139229,-1.276993615
YLR157W-E,-1.172272757,0.107392076,-1.210184296,0.098539794,-1.677753144
YLR158C,-0.83401881,0.06957355,-0.454650853,0.378353587,8.935606161
YLR159C-A,-0.805904781,0.344899406,-0.875453397,0.313680692,-1.93253239
YLR159W,-1.175119987,0.091473601,-1.049368156,0.1242496,-0.092722969
YLR160C,-0.830407309,0.06926704,-0.46151196,0.366922646,9.082677814
YLR161W,-1.358385413,0.033393976,-1.273946964,0.045288846,0.08919509
YLR162W,-1.239196427,0.374804127,0.419747547,0.840147805,-0.216400556
YLR162W-A,-0.858333648,0.420523702,0.328489438,0.82225232,1.154803642
YLR163C,-0.273943504,0.477704203,-0.409808055,0.246871664,4.226866134
YLR163W-A,0,1,0,1,-4.776081025
YLR164W,-0.840228459,0.123534026,-0.109296872,0.920797929,4.118558988
YLR165C,-0.201981487,0.747133263,-0.508173692,0.315722879,1.871111554
YLR166C,0.148744425,0.745252909,-0.287381682,0.481947885,3.801565714
YLR167W,0.028985263,1,-0.421519432,0.39473195,10.99885475
YLR168C,0.088590213,0.891747077,0.311560956,0.497518165,3.486559215
YLR169W,0.686992196,0.188734984,0.15007489,0.856714471,1.4183402
YLR170C,-0.151625405,0.850843153,-0.542180246,0.343295742,2.187284679
YLR171W,0.400404505,0.423525324,-0.064029663,0.976219243,1.567149593
YLR172C,-0.76152266,0.036201015,-0.81397254,0.020002024,6.490639139
YLR173W,-0.332578078,0.476595091,0.104045564,0.888649436,4.466546775
YLR174W,-1.173096159,0.001538105,-0.174027619,0.763186096,3.706436369
YLR175W,0.577492092,0.226801027,-0.039750613,0.999508214,6.737373825
YLR176C,1.516682592,0.000994546,1.310207039,0.005172812,1.709764462
YLR177W,0.190936293,0.715439554,0.267602628,0.592225686,4.727213723
YLR178C,-1.916434647,0.002193905,-1.037405244,0.128427539,6.002481433
YLR179C,-1.163847574,0.001349997,-0.396243904,0.380910013,9.250837535
YLR180W,-0.702744227,0.085650201,-0.17005326,0.766210678,10.01246148
YLR181C,0.392397113,0.356510355,-0.152513981,0.797853849,3.043168284
YLR182W,0.766880203,0.120399853,-0.148530266,0.864225329,2.406934996
YLR183C,-0.140265792,0.841939912,-0.830708293,0.060399422,2.777131751
YLR184W,-1.100135307,0.331442041,-0.600939871,0.697103535,-2.965944522
YLR185W,0.872761358,0.113177073,0.641001589,0.26541782,8.239984896
YLR186W,-0.084059875,0.886242807,-0.107456518,0.852880382,5.554476844
YLR187W,0.727150562,0.106914648,0.679404933,0.12703821,2.341394293
YLR188W,-0.221593012,0.657320817,-0.386509089,0.381527916,5.404375355
YLR189C,0.28791773,0.513708263,-0.10446996,0.877851662,3.804716312
YLR190W,0.852848939,0.022340086,0.134331349,0.824149814,4.161363464
YLR191W,0.257045229,0.54770062,0.280302236,0.51345472,3.219723639
YLR192C,-0.473219542,0.203901351,-0.778457551,0.018502727,6.013509603
YLR193C,0.204797848,0.662351148,0.204066731,0.676389897,3.377890073
YLR194C,-1.566617601,0.000385363,-0.761471984,0.124001551,6.335172651
YLR195C,-0.238631946,0.558798758,-0.882576277,0.004440245,4.862025588
YLR196W,0.590014446,0.154058365,-0.176311122,0.753509012,4.443580971
YLR197W,0.388755923,0.465257948,-0.356044099,0.521181907,6.598928755
YLR198C,-0.167713376,0.830583585,-0.603978331,0.283660365,2.081542252
YLR199C,-0.029551551,0.991344067,0.292013985,0.434433582,4.411958785
YLR200W,-0.061560208,0.963909594,-0.364307354,0.505910889,3.668156892
YLR201C,0.288558069,0.506196747,0.6884558,0.052379689,5.335625788
YLR202C,0.379384043,0.510316007,1.101845086,0.016226625,1.684967924
YLR203C,0.348772175,0.388298395,0.914788911,0.005259601,6.368581421
YLR204W,0.468881389,0.20450792,0.198362978,0.670851646,3.46500405
YLR205C,-0.27629829,0.670392634,-0.360917878,0.56428957,2.903324887
YLR206W,0.236933341,0.596582061,0.45167649,0.243759005,4.063495375
YLR207W,-0.209500503,0.681381459,-0.411693267,0.350447842,4.57983172
YLR208W,0.156689821,0.772406295,0.139938457,0.819145842,6.343641817
YLR209C,-0.65720304,0.107392076,-0.217579136,0.682774608,6.466446459
YLR210W,1.004869465,0.035580505,-0.011843988,1,2.250722771
YLR211C,0.538188957,0.226801027,0.14848938,0.821750982,2.158209381
YLR212C,-0.766957071,0.054885732,-0.389336724,0.392539002,6.00903769
YLR213C,-0.580490811,0.19265148,-0.31707111,0.547015894,1.883235501
YLR214W,0.094344756,0.920838812,1.222185967,0.006553293,6.482113707
YLR215C,-0.182366444,0.663544219,-0.417047511,0.230239079,3.131054057
YLR216C,-0.180376346,0.756038004,-0.541511632,0.233369759,6.616398795
YLR217W,-0.02451957,1,-0.317198056,0.601232802,3.063906988
YLR218C,0.250808636,0.629324234,-0.14830418,0.823780389,2.130984663
YLR219W,0.094580536,0.887053083,0.000773357,1,4.71957682
YLR220W,0.113375175,0.870800681,0.740689645,0.078460849,6.711835779
YLR221C,0.311025923,0.612176057,-0.549975538,0.316417205,4.146455899
YLR222C,0.873690517,0.068731789,0.166967981,0.822156181,4.286301935
YLR222C-A,0.128763816,0.922286842,-0.158985371,0.942545475,-1.124658629
YLR223C,1.140111369,0.490988189,-3.078645313,0.032443661,1.756580648
YLR224W,0.658525116,0.085096413,0.878904515,0.011714979,4.879622585
YLR225C,-0.106397755,0.847307707,-0.50370529,0.166871959,3.602233837
YLR226W,0.401884398,0.319167983,-0.022253753,1,3.27894098
YLR227C,-0.236602363,0.546414299,0.234965887,0.55657913,3.617141819
YLR227W-A,-0.073237643,1,1.281662439,0.108866704,-1.22154406
YLR227W-B,0.043988548,0.981230339,-0.276366204,0.600462536,6.010649831
YLR228C,0.01813246,1,0.085031558,0.895702504,4.278489875
YLR229C,-0.144723776,0.774650908,0.303203279,0.486584148,7.330542718
YLR230W,-0.124175183,0.80450123,0.263347484,0.536539526,6.189942477
YLR231C,-1.407194337,0.009403613,-1.053893885,0.057704744,5.836247813
YLR232W,-0.901355751,0.266319613,-1.50225403,0.038194135,2.032215002
YLR233C,-0.28423972,0.542535767,-0.014172096,1,2.764113036
YLR234W,-0.055286967,0.978160193,-0.668379968,0.217697114,2.889528045
YLR235C,0.271242991,0.853204058,-0.314291581,0.821611227,-0.90039443
YLR236C,-0.653435187,0.717361314,0.081157233,1,-0.218964892
YLR237W,0.099460344,0.927494065,0.614143364,0.296230808,6.839814902
YLR238W,0.400387246,0.479554732,-0.530185409,0.338633547,2.037875009
YLR239C,0.443487868,0.353314297,0.109899329,0.888259132,2.862892866
YLR240W,-0.222549481,0.56328455,-0.1120186,0.822102111,3.74922653
YLR241W,-0.199369476,0.713889176,0.240923215,0.659038268,6.78590108
YLR242C,0.428078036,0.269221839,0.395440808,0.31286276,4.458103439
YLR243W,0.025120196,1,-0.313370135,0.592006597,3.3578115
YLR244C,-0.243192985,0.588647757,-0.028120108,1,6.220043857
YLR245C,0.0643865,0.952436194,0.066585301,0.9546357,2.118898056
YLR246W,1.018312802,0.001336651,0.834689998,0.010624446,2.995669815
YLR247C,0.934092712,0.009078362,0.411272722,0.330723506,3.218488321
YLR248W,0.163328627,0.721629089,-0.121067214,0.822534728,5.792882558
YLR249W,0.209636223,0.684296997,0.30259618,0.530120328,12.17175793
YLR250W,-0.098266134,0.861962839,-0.425903409,0.267232089,5.862593418
YLR251W,-0.760129725,0.112650243,-0.149382696,0.841581029,4.354760124
YLR252W,-0.71214327,0.170624181,-0.019859714,1,2.692657049
YLR253W,-0.233587507,0.54880504,0.245262053,0.534370751,3.995307474
YLR254C,0.031769344,1,-0.228436394,0.80696326,2.041796609
YLR255C,-2.24168093,7.18E-05,-1.214612907,0.04260623,0.076689467
YLR256W,-0.77135727,0.063888231,-0.353623413,0.470220306,7.675879023
YLR256W-A,0.22237019,0.619924047,0.204058952,0.673221703,4.379689307
YLR257W,0.447515611,0.243782028,0.315354582,0.44942325,5.523079769
YLR258W,-0.558460474,0.336494437,-0.300328125,0.667474184,5.689470121
YLR259C,-0.585680178,0.192961723,-0.025656512,1,9.013692165
YLR260W,-0.014719678,1,-0.128331732,0.810211973,3.382917858
YLR261C,-0.081638827,0.989288641,-0.081091278,0.999508214,1.517264997
YLR262C,0.686896063,0.189532678,-0.318055487,0.627819412,3.356693675
YLR262C-A,0.681869548,0.176828788,0.119329415,0.893529511,5.747398882
YLR263W,-0.659988513,0.177183362,-0.69182015,0.148504918,1.107825527
YLR264C-A,0.670652366,0.163579112,0.953784105,0.029017898,6.79329433
YLR264W,0.867999755,0.050535928,0.890243179,0.037424421,8.964842636
YLR265C,-0.543475889,0.12707827,-0.418387415,0.261217488,3.371313622
YLR266C,0.042635454,0.973066293,0.031556857,0.999508214,4.98588136
YLR267W,0.100665125,0.839517788,0.173988717,0.694886132,4.47539369
YLR268W,-0.028360327,0.998184794,0.352553383,0.392017926,5.578707155
YLR269C,0.085055141,0.933495674,0.828509999,0.047769471,1.180343192
YLR270W,0.245762307,0.6011319,0.515838103,0.197198961,4.405123316
YLR271W,-0.367637825,0.459359405,-0.503319561,0.28875404,1.679240677
YLR272C,-0.319879828,0.362815447,-0.550752735,0.075013869,3.345161212
YLR273C,0.516878294,0.218660867,0.695913698,0.072335189,2.853927307
YLR274W,0.470934472,0.224313347,-0.001917052,1,3.828399386
YLR275W,0.669960833,0.218938532,-0.127455241,0.900456565,2.819176627
YLR276C,0.808205684,0.179098466,-0.274839502,0.731895969,4.460541296
YLR277C,0.456770964,0.166156192,0.128234811,0.780744588,3.859608794
YLR278C,-0.787189608,0.053754155,-0.088042357,0.915221071,5.5683895
YLR279W,-1.050556137,0.112650243,-1.140708546,0.072764672,1.265306228
YLR280C,-2.40004212,0.004250107,-2.35801924,0.004661688,1.180664013
YLR281C,0.153436568,0.856429314,0.217525959,0.779984204,2.265657528
YLR282C,0.361614581,0.508746411,0.057295936,0.987168134,1.342375013
YLR283W,-0.364017433,0.313913487,-0.719264491,0.020512296,3.30601461
YLR284C,-0.160609712,0.790303215,-0.210826333,0.722520134,2.215504466
YLR285C-A,-0.209129149,0.691720902,-0.004825065,1,4.474926065
YLR285W,0.250508888,0.644271907,-0.21147053,0.725802394,4.680938887
YLR286C,-0.164667178,0.760175542,-0.227518354,0.667474184,11.34536996
YLR286W-A,-6.569905867,0.00095862,-1.171095428,0.558108084,-1.261102291
YLR287C,-0.006926958,1,-0.847501655,0.019069537,3.838864029
YLR287C-A,0.502635287,0.342723709,0.041110106,1,8.70207593
YLR288C,-0.331869709,0.355856388,-0.568994303,0.073132432,3.220641315
YLR289W,0.966312692,0.048263215,0.285810859,0.66571063,1.31288696
YLR290C,0.390348054,0.362815447,0.327833756,0.469666006,3.501001483
YLR291C,0.1490768,0.835728488,0.166448792,0.822883278,5.475547347
YLR292C,-0.427837823,0.253910898,-0.847509746,0.008396525,4.670247372
YLR293C,0.309261379,0.585941841,0.487018507,0.348948057,8.415952385
YLR294C,0.791275162,0.023483212,0.926070322,0.00515066,3.518509562
YLR295C,0.549906613,0.819041838,0.386195363,0.901323389,4.458217722
YLR296W,-0.384622074,0.72615478,-0.220553498,0.893718466,-2.089566219
YLR297W,0.422443246,0.367958111,1.332212142,0.000360755,2.98932736
YLR298C,-0.124464521,0.829036542,0.092907664,0.905501562,2.740278595
YLR299C-A,0,1,0,1,-4.776081025
YLR299W,-0.115519227,0.905246117,0.607939435,0.296255256,6.124394083
YLR300W,1.028819676,0.002475028,1.011637229,0.002758813,10.35928306
YLR301W,-0.351371562,0.451986929,-0.417883192,0.357496944,6.49587471
YLR302C,-2.606708455,0.721629089,-2.433542629,1,-4.631172776
YLR303W,0,1,0,1,-4.776081025
YLR304C,-0.023459564,1,0.935121326,0.040856706,9.372718524
YLR305C,0.125035339,0.813395313,0.612820209,0.087329378,7.125639712
YLR306W,-0.09656838,0.882821052,-0.201206081,0.704312497,2.829776476
YLR307C-A,1.597515216,0.003933111,1.943272022,0.000269218,-0.348482573
YLR307W,0.968438908,0.113795943,0.490934215,0.494059829,1.663876743
YLR308W,-0.700071741,0.506207978,0.34916838,0.793306502,-2.224292103
YLR309C,0.704019904,0.042383394,-0.149864119,0.772268937,3.327491946
YLR310C,0.385590278,0.354275062,0.705063186,0.049607542,5.316270377
YLR311C,-0.29340785,0.77948603,0.048169854,1,-0.494170956
YLR312C,0.567692201,0.309039376,-0.12306327,0.895782499,2.166070078
YLR312W-A,0.735189785,0.086198333,0.082049166,0.926555422,3.295423452
YLR313C,0.374977058,0.473336064,-0.123667295,0.888019045,2.166264423
YLR314C,0.571276231,0.268897581,-0.663958241,0.181424697,4.344307334
YLR315W,-0.405741472,0.465344425,-0.287102617,0.651437075,2.92135468
YLR316C,-0.366278948,0.373662114,-0.430538364,0.281216631,4.562288216
YLR317W,-0.449425639,0.437366401,0.294268791,0.667474184,1.721708005
YLR318W,0.309939165,0.554132372,0.43297764,0.379439882,2.055215379
YLR319C,0.392790406,0.288475706,-0.066710528,0.934245155,3.048426038
YLR320W,0.318596747,0.421042142,0.422664896,0.25754987,3.34286572
YLR321C,0.364650878,0.395224548,-0.671740343,0.075336304,3.037124772
YLR322W,1.913241106,0.028578381,1.431035672,0.145072389,-1.531689247
YLR323C,0.009416454,1,-0.613473523,0.1510326,2.446342245
YLR324W,-0.234284417,0.655354938,0.002561297,1,4.902397983
YLR325C,0.508247679,0.415021061,0.002542252,1,9.194296203
YLR326W,0.815268808,0.126085274,-0.039373106,1,1.913014356
YLR327C,1.394104639,0.007576293,-0.087482805,0.968087156,1.888302914
YLR328W,0.654107602,0.060433847,1.080031875,0.000543595,5.433153736
YLR329W,-0.158606117,0.842374962,0.711562827,0.170522117,1.763559642
YLR330W,0.132221675,0.795136303,-0.667368848,0.056459255,4.980340049
YLR331C,1.448588532,0.000170606,0.981185915,0.01652697,3.396865911
YLR332W,1.036904573,0.00306817,0.991987359,0.004521851,6.726060152
YLR333C,0.657079596,0.195629,0.246721274,0.708336776,7.100493056
YLR334C,-0.029430705,1,-0.258063708,0.866827799,-2.003716149
YLR335W,0.666384854,0.056322923,0.209939285,0.653665275,4.266502606
YLR336C,0.573096823,0.114608819,0.370391007,0.350438062,3.473247995
YLR337C,0.579494288,0.189228861,1.33553451,0.000360755,5.255788044
YLR338W,0.557426088,0.634444026,0.694097711,0.547015894,1.803568895
YLR339C,0.578776376,0.150704622,0.417763445,0.326566175,10.88653356
YLR340W,0.439786019,0.327332672,0.695884511,0.081955131,11.47243052
YLR341W,-0.827549746,0.007503089,-0.810721983,0.008116788,3.336180152
YLR342W,0.449607909,0.344105856,0.703390469,0.098992328,10.81184962
YLR342W-A,-0.348284028,0.585941841,0.790297673,0.136702586,3.858143879
YLR343W,-0.077312956,0.923480037,0.693674631,0.080478806,6.173317816
YLR344W,0.640979845,0.149771521,0.602545483,0.171359137,8.037537067
YLR345W,0.270428088,0.548438025,0.0983344,0.885889421,3.218779081
YLR346C,-0.589462805,0.513641889,0.339624369,0.74308884,0.445307731
YLR347C,0.409735777,0.375539591,0.853598223,0.029385041,7.327243895
YLR347W-A,0,1,0,1,-4.776081025
YLR348C,1.185997618,0.021639221,-0.939755801,0.072764672,5.618512388
YLR349W,0.440875958,0.324735491,-1.032460048,0.00635424,2.724804568
YLR350W,-0.841626491,0.080179994,-0.440132668,0.41802491,7.038376209
YLR351C,-0.472307014,0.239786524,-0.587215211,0.119226816,6.362472809
YLR352W,-0.754873984,0.026069801,0.405880916,0.286263639,4.812491728
YLR353W,0.11375442,0.802960598,-0.323452092,0.36947405,3.468979225
YLR354C,-0.939256214,0.011912054,-0.360872744,0.42712258,9.04945797
YLR355C,0.407337891,0.35874975,0.408930963,0.359920535,10.22027612
YLR356W,-1.114951597,0.057945586,-0.306648017,0.701228372,7.410178944
YLR357W,-0.940994317,0.058839671,-1.484050231,0.001076475,3.343059595
YLR358C,-0.268031499,0.793590265,-0.040810859,1,-0.092318732
YLR359W,-1.320631939,4.84E-05,0.532321478,0.160509225,7.642661395
YLR360W,-0.163520684,0.706853995,-0.1781956,0.68905497,4.07422167
YLR361C,-0.137447887,0.772406295,0.236014692,0.588506266,4.851183832
YLR361C-A,0.205840642,0.721629089,0.199486981,0.744154755,2.58595611
YLR362W,0.154106734,0.760976438,-0.045824127,0.9755191,2.844539724
YLR363C,0.147399794,0.743496367,0.306144095,0.430647398,3.868737765
YLR363W-A,0.184348731,0.725993981,-0.097651391,0.901323389,3.511270007
YLR364C-A,-1.105280277,0.666448522,-0.660578297,0.678836098,-4.020561997
YLR364W,-0.737653742,0.020421874,-0.408980072,0.250103158,3.051294262
YLR365W,-1.489614591,0.046985711,-1.90985851,0.010366008,-1.177077474
YLR366W,-0.438360192,0.712546538,0.080656625,1,-2.122130378
YLR367W,0.419583923,0.335623557,0.743691661,0.049508521,8.020625081
YLR368W,-0.207173533,0.64025558,-0.345412249,0.386495657,3.421132814
YLR369W,0.348851471,0.518205413,-0.22739846,0.729014722,2.653878512
YLR370C,0.125666063,0.834739799,0.455478836,0.298444244,5.431359604
YLR371W,0.343656724,0.410439319,0.991574253,0.002870265,4.65786581
YLR372W,0.58945538,0.122784842,0.413567652,0.307507084,9.835725715
YLR373C,0.327579995,0.375510597,0.554375476,0.089232409,3.587590113
YLR374C,-0.658688957,0.221606708,-0.275681186,0.682937892,3.467491353
YLR375W,-0.583605352,0.255823453,0.109540151,0.906065188,8.483066825
YLR376C,0.163000392,0.811455656,-0.372205722,0.53182759,1.294304408
YLR377C,-0.935057121,0.022357817,-0.566361366,0.201790011,3.013896884
YLR378C,0.275722896,0.570511888,0.437524333,0.320458138,9.904983605
YLR379W,0.331131949,0.585248553,0.246781081,0.720698031,7.385089523
YLR380W,0.21245624,0.625863947,1.018420886,0.001152285,5.818877146
YLR381W,0.110137009,0.821680458,0.316419914,0.40486835,4.344968814
YLR382C,0.500852496,0.208973851,-0.072122787,0.936163852,2.563282146
YLR383W,-0.160597444,0.813839602,-0.603852134,0.231759707,2.139669684
YLR384C,0.16488255,0.721629089,0.185084202,0.695828456,5.312920275
YLR385C,0.885345097,0.253171491,-0.16998562,0.935868683,-1.291868988
YLR386W,-0.012041883,1,0.043755474,0.974850577,3.733453754
YLR387C,-0.141998167,0.750507279,-0.498512146,0.138158095,4.23202056
YLR388W,0.590421714,0.261238608,0.459897042,0.405478393,6.140600273
YLR389C,-0.57384621,0.172688127,-0.000670364,1,6.87531293
YLR390W,-0.333613524,0.444132384,-0.288475234,0.531668827,2.934322591
YLR390W-A,0.668794706,0.091697677,0.89005544,0.013942857,10.08773215
YLR392C,0.443634667,0.339600816,0.005488646,1,1.927218786
YLR393W,0.287524641,0.732575103,0.511499546,0.495461206,1.462342585
YLR394W,0.438699034,0.265236144,0.787955022,0.020984581,2.618600515
YLR395C,1.200678457,0.000183141,1.412514951,7.45E-06,5.683481117
YLR396C,-0.299361522,0.397629103,-0.633588229,0.03414934,3.885899155
YLR397C,-0.03512498,0.978160193,0.114541941,0.820634328,4.031884281
YLR398C,-0.102248435,0.826310088,-0.558048238,0.072316144,3.798318072
YLR399C,0.546613313,0.32315475,-0.283201606,0.67597646,3.939650813
YLR399W-A,0,1,0,1,-4.776081025
YLR400W,-0.61860551,0.286587169,-0.296154891,0.674385989,0.75147429
YLR401C,-0.024982059,0.998720042,-0.363832158,0.31286276,3.9478376
YLR402W,1.089458657,0.140823991,0.961842001,0.198626605,2.00298846
YLR403W,0.956258648,0.011550921,1.224762864,0.000664911,6.292116278
YLR404W,0.155992664,0.747133263,0.316831627,0.453045966,3.727744979
YLR405W,-0.068483647,0.923594942,-0.14213717,0.786697872,3.525810845
YLR406C,0.470081392,0.339578398,-0.166966385,0.804416647,7.445915675
YLR406C-A,-1.208166267,0.209125275,-0.750040156,0.499058657,-2.576931854
YLR407W,0.519847517,0.136652983,-0.091238494,0.885215499,3.893040369
YLR408C,0.626162646,0.196011764,0.201932046,0.75298364,2.220025578
YLR409C,0.305131884,0.50964675,0.402846338,0.361085885,4.957116453
YLR410W,-0.938020617,0.015311641,-0.993991916,0.008000813,4.908913264
YLR410W-A,-0.573495421,0.566980245,0.103818414,0.972713767,-1.137561136
YLR410W-B,-0.391589427,0.278675483,-0.7089671,0.024173286,4.039249351
YLR411W,-0.585654553,0.152267267,-0.800837604,0.033479652,2.563226323
YLR412C-A,-1.735060267,0.103547545,-0.752392893,0.614163849,-3.057739696
YLR412W,-0.634117736,0.054885732,-1.060588779,0.000360755,4.235451026
YLR413W,1.067142125,0.014405638,0.094657926,0.921494637,7.815806108
YLR414C,0.660574993,0.121519684,0.917569271,0.01833242,5.773765789
YLR415C,-0.366218653,0.748024065,0.833864557,0.412608022,-1.014500913
YLR416C,0.108253364,0.98721673,0.740046514,0.383083044,-1.644413066
YLR417W,-0.166529899,0.721629089,-0.28314709,0.504877588,2.938039272
YLR418C,0.095668054,0.844318271,-0.361712605,0.300689833,3.742870036
YLR419W,0.559818324,0.100439086,0.366880667,0.320589807,3.075106681
YLR420W,-0.557543558,0.118388508,-0.734250937,0.025086445,5.234378293
YLR421C,-0.093000893,0.872760559,-0.677346927,0.047415811,5.504632015
YLR422W,0.318474764,0.460985706,0.879397035,0.010627288,4.46764055
YLR423C,-1.438023124,5.86E-05,-1.979441254,1.53E-08,2.897821655
YLR424W,-0.346683455,0.499866054,-1.073119048,0.008602704,2.03906461
YLR425W,0.239174763,0.571247706,0.172867682,0.723285203,2.741154788
YLR426W,-0.389775826,0.430613096,-0.028149725,1,5.164319638
YLR427W,-0.502464702,0.131440235,-0.91706692,0.001770342,3.28931673
YLR428C,-0.414575951,0.5107941,-0.985832314,0.066612083,0.869144136
YLR429W,-0.546910962,0.115325211,-0.986198078,0.00117086,5.309659703
YLR430W,0.383903207,0.363718295,0.982765799,0.004446029,5.998796915
YLR431C,0.324980658,0.591654974,-0.11622432,0.91404191,1.915177336
YLR432W,-0.483348947,0.208521025,-0.035894226,0.992762595,7.859257493
YLR433C,-0.089516924,0.881536967,-0.017338732,1,3.795370797
YLR434C,-0.011208182,1,-0.410186079,0.565096877,0.015988229
YLR435W,0.39757906,0.459901482,-0.345567005,0.550551828,3.971739558
YLR436C,0.909627722,0.007342932,1.079370461,0.000952512,5.954287452
YLR437C,-0.377495696,0.361758704,0.026047829,1,4.686988821
YLR437C-A,-1.536915118,0.032898129,0.036983614,1,5.152993493
YLR438C-A,0.638160611,0.17708591,0.377912668,0.479959749,3.246401865
YLR438W,-1.676602051,0.022090892,-0.000896723,1,7.998960944
YLR439W,0.788671986,0.010549124,1.068016964,0.000250243,3.824480821
YLR440C,-0.279278669,0.495754031,-0.746171974,0.024013817,3.688416688
YLR441C,0.431082281,0.425934294,-0.287216677,0.645678508,9.280219672
YLR442C,0.221123829,0.706127406,-0.688094664,0.130698122,2.264355075
YLR443W,0.543576044,0.139829587,0.675633414,0.047769471,4.814685633
YLR444C,0.034233129,1,0.583916668,0.370979957,0.518763439
YLR445W,-0.658165906,0.329296584,-0.860975131,0.188216422,-0.477412231
YLR446W,-0.716329291,0.11228817,0.020323863,1,2.718319837
YLR447C,0.200415417,0.743595661,0.674118121,0.14886981,7.325892802
YLR448W,0.794620034,0.133282965,0.582125469,0.296650783,8.19599312
YLR449W,-0.130747676,0.839677755,-0.936010111,0.019014877,4.650081512
YLR450W,-0.353511563,0.528127643,-0.08440164,0.937725553,7.981584746
YLR451W,0.466329628,0.173785592,0.144733288,0.753265675,3.53341727
YLR452C,0.029464783,1,0.515319103,0.348057957,4.945494869
YLR453C,-0.828289549,0.017218233,-0.876411455,0.009679619,2.737605309
YLR454W,0.143542987,0.77195134,0.346061429,0.395231739,4.899228955
YLR455W,0.882328732,0.078533845,-0.215434629,0.767631744,2.540744663
YLR456W,0.035167585,1,-0.029431147,1,1.918671135
YLR457C,-0.051112217,0.977951387,-0.596129234,0.208447559,1.731584075
YLR458W,0.311673194,0.821281813,-0.760211466,0.550570186,-1.965786927
YLR459W,0.434683522,0.255739354,0.410525833,0.286775619,6.508905083
YLR460C,-0.170458013,0.83329341,0.34085871,0.605686428,1.884878667
YLR461W,-0.323910462,0.752223599,0.372421528,0.723141617,-0.673180996
YLR462W,-0.598770223,0.189431275,-0.454693224,0.347142763,2.288567592
YLR463C,-0.439263431,0.511520404,-0.496249081,0.467130972,0.542194481
YLR464W,-0.361935585,0.575492008,-0.271949993,0.719535614,1.075859793
YLR465C,-0.524841643,0.581127728,-0.508466155,0.641052215,-1.306195383
YLR466C-A,0.060516697,1,-0.411278651,0.720807053,-1.133927988
YLR466C-B,-1.594300529,0.002890944,-0.785518553,0.193402886,1.087118376
YLR466W,-0.117615732,0.835728488,0.078567347,0.921643482,5.523541024
YLR467C-A,0,1,0,1,-4.776081025
YLR467W,-0.277018818,0.550641689,-0.179169845,0.73826633,6.085905953
YML001W,-0.073140727,0.912367131,0.035265449,0.991881047,5.711614782
YML002W,-2.141521245,3.43E-10,-1.252871811,0.000543595,4.335534941
YML003W,0.463645297,0.571160913,0.51444372,0.530409411,0.492148581
YML004C,-0.539336852,0.157795869,-0.550926263,0.138005811,6.2728929
YML005W,0.300980348,0.508491293,0.076740018,0.925540338,2.926352547
YML006C,0.734493896,0.067462442,0.2587365,0.617818738,2.469594848
YML007C-A,-0.193476818,0.821583287,-0.241075035,0.781032493,-0.000794659
YML007W,0.498773215,0.202656213,-0.094275004,0.892264147,4.560681793
YML008C,-0.391805404,0.348189601,-0.771154475,0.030916221,6.291244262
YML009C,0.425118668,0.333360135,0.21828868,0.680776002,3.740704877
YML009C-A,-0.330014304,0.655770896,-0.25569745,0.755476099,1.155516925
YML009W-B,0.022582875,1,-0.601794958,0.486584148,-1.488837551
YML010W,-0.204701344,0.684223308,-0.740668045,0.047354462,4.747886827
YML011C,0.002533037,1,-0.076881616,0.898743618,3.50470031
YML012C-A,-0.326133236,0.603822912,0.241088642,0.733685416,1.938643026
YML012W,0.346457058,0.424809806,-0.106224906,0.873392917,7.039573242
YML013W,0.126744038,0.801687639,0.244648292,0.579625903,4.911401003
YML014W,-0.195055368,0.704426305,-0.59272077,0.133283773,3.072602172
YML015C,-1.144989971,0.000906633,-1.195878846,0.000498135,3.983988047
YML016C,0.664057025,0.076691164,1.097553943,0.00100663,6.800323542
YML017W,1.015651047,0.006289293,0.527457064,0.212457439,2.685097549
YML018C,0.589678751,0.11095863,0.690793333,0.045553601,6.969868181
YML019W,0.124724198,0.807148113,0.059151473,0.947404841,6.384608041
YML020W,0.357138338,0.473345133,0.242045316,0.673837688,2.220531099
YML021C,-0.28797029,0.438600947,-0.765769656,0.011191866,3.398861717
YML022W,0.102005743,0.882821052,-0.034765682,1,8.927016303
YML023C,-0.289948081,0.481702334,0.149391891,0.76653509,5.206879674
YML024W,0.729343875,0.110877802,0.217402044,0.724692209,9.49507715
YML025C,0.459716696,0.230334099,0.452809364,0.235397677,3.208225192
YML026C,0.652384199,0.256124147,0.380209074,0.565096877,8.824102771
YML027W,0.300593452,0.467497644,0.741121331,0.027630271,4.188338215
YML028W,-0.652415484,0.156886449,-0.120535644,0.877745818,11.41846017
YML029W,-1.616012259,0.000241532,-1.111291592,0.016139289,6.58218439
YML030W,0.591406635,0.114790093,0.361474578,0.381757276,3.149658611
YML031C-A,0.308012655,0.756586859,-0.226903461,0.841630825,1.319235265
YML031W,0.062376943,0.945123224,-0.033108154,1,5.934081216
YML032C,0.70380932,0.034758367,0.202268663,0.659038268,3.370106627
YML034C-A,-0.046857966,1,0.15828206,0.877505887,-0.376287839
YML034W,0.689993025,0.092710026,-0.378143604,0.425007369,3.163904794
YML035C,-0.05475277,0.94807033,0.241680027,0.587628527,5.151069459
YML036W,-0.183062095,0.683590554,-0.215453354,0.635236843,3.488775318
YML037C,-1.345184415,0.006032996,-1.791215796,0.000167523,1.579760319
YML038C,0.620146661,0.106008295,0.475597626,0.230570265,6.153844347
YML039W,-0.050627519,0.965216806,-0.370816001,0.402078707,6.125426178
YML040W,0.044649438,1,1.471691093,0.036674169,-1.130122679
YML041C,0.360115166,0.432740589,0.011172966,1,2.754691878
YML042W,-0.385416816,0.278629946,0.114277844,0.826285156,3.888872485
YML043C,0.840343784,0.182303626,-0.300086343,0.728631543,2.371644042
YML045W,0.065935944,0.95736345,-0.451015387,0.392017926,5.914819979
YML045W-A,-0.200563533,0.952436194,3.740612035,0.002394629,1.837530034
YML046W,0.40700481,0.381727879,-0.344603452,0.494081178,3.552664396
YML047C,-2.686290563,0.030350436,-5.665142618,0.0014557,-3.567461716
YML047W-A,-0.635166419,0.564614724,-0.844893152,0.433809941,-1.131270666
YML048W,-0.194715073,0.691644019,0.028459219,1,8.190452744
YML049C,0.512339003,0.184314241,0.873964925,0.010015404,4.637145153
YML050W,0.188382311,0.786430083,0.62325675,0.241964959,1.390022728
YML051W,-0.076694328,0.911976688,0.199735785,0.686928408,6.953329857
YML052W,0.436049697,0.410705598,-0.207804721,0.748268264,8.667689466
YML053C,0.625400512,0.182378608,-0.070194744,0.960570946,2.745335861
YML054C,-1.41481591,2.94E-05,-0.875465874,0.015560254,4.060831776
YML054C-A,-1.53878875,0.00175861,-0.956714074,0.066642539,1.056422857
YML055W,0.403399615,0.386144065,-0.049181544,0.982057251,4.401333025
YML056C,0.289965463,0.549936133,0.209379042,0.705038696,8.559439406
YML057C-A,0.591143991,0.314008678,0.850793421,0.110607514,2.325399056
YML057W,0.036748009,0.985175139,0.782511857,0.023746388,5.749365488
YML058W,-0.715779744,0.191469559,-0.315660954,0.645058606,9.889115926
YML058W-A,-1.067709698,0.015114652,-0.952428964,0.030578468,1.680725998
YML059C,0.08766274,0.896932966,-0.02684142,1,7.185398777
YML060W,0.180929394,0.782281151,-0.2738933,0.672937817,2.172629569
YML061C,0.472965779,0.333349821,-0.064477857,0.969558202,2.779994528
YML062C,0.216133106,0.711842676,-0.079511774,0.941647912,2.335821164
YML063W,0.393885302,0.471236768,-0.329487951,0.575416769,9.689129591
YML064C,0.360151149,0.512215136,-0.309189556,0.616813403,2.622519636
YML065W,0.721800779,0.162757469,-0.315019887,0.633941374,2.615601269
YML066C,-0.012579643,1,0.252511913,0.516343032,3.495308839
YML067C,0.12947064,0.793590265,0.118779861,0.82766651,5.687985537
YML068W,-0.115752184,0.805466246,0.074372912,0.91404191,3.073973642
YML069W,0.063699544,0.935689127,-0.638125712,0.083151887,4.192820875
YML070W,-0.991156831,0.023875168,-0.557806324,0.248931406,6.718327426
YML071C,-0.038017671,0.985926676,-0.486741037,0.22576924,2.963506138
YML072C,-0.033827644,0.9902788,-0.218450402,0.660314031,6.960943317
YML073C,0.644651228,0.240336845,0.302023552,0.657194977,8.701147938
YML074C,-0.198191488,0.666448522,-0.984444733,0.002479363,5.201259669
YML075C,0.096733113,0.882821052,0.536021664,0.188915874,7.942957015
YML076C,0.365613288,0.348207259,0.241530742,0.589830027,3.315954323
YML077W,0.180064879,0.721629089,0.015290404,1,3.55867373
YML078W,-0.36076763,0.412985636,-0.198960259,0.708336776,7.533685915
YML079W,-0.570992108,0.108774065,-0.523581134,0.137713746,4.915451062
YML080W,0.179399101,0.743595661,-0.243448622,0.663029838,2.786386119
YML081C-A,1.408726335,4.73E-05,1.628015821,1.62E-06,5.343307163
YML081W,0.367572205,0.314365069,0.669437967,0.033882927,4.986924356
YML082W,0.761961926,0.021345931,0.334505075,0.393255238,3.313503582
YML083C,-1.156222041,0.004831718,-0.993016197,0.016653633,3.360265319
YML084W,-0.421034299,0.666448522,-1.190148524,0.155541156,-1.949024064
YML085C,-0.165038197,0.749100312,0.098560186,0.888259132,7.808039632
YML086C,0.002163336,1,0.192759151,0.699727051,6.789640117
YML087C,0.343279503,0.498225901,0.464085271,0.331610537,2.098919144
YML088W,0.427442563,0.285780668,0.098045447,0.881282546,3.337052912
YML089C,-0.201546834,1,-1.09543652,0.625563368,-3.974181273
YML090W,2.517219629,0.000705734,1.576271203,0.07752253,-1.594971474
YML091C,1.459623524,3.86E-06,1.07448425,0.001155493,3.912640314
YML092C,-0.354157727,0.395065182,0.280632279,0.52986818,6.676505976
YML093W,1.316037775,0.003010772,0.420571234,0.457233315,3.554097369
YML094C-A,-0.109806824,0.912988505,-0.680915716,0.214100789,1.142771438
YML094W,-0.102244247,0.861572637,-0.416940097,0.299228549,3.510144764
YML095C,0.207507552,0.723356554,-0.036809337,1,1.883441605
YML096W,0.167541687,0.717361314,0.052659673,0.957075436,4.184944609
YML097C,0.675663464,0.164443956,-0.128254852,0.882642229,2.824310907
YML098W,-0.422126161,0.213791471,-0.773033247,0.009292188,3.402244312
YML099C,0.372148724,0.271273335,0.201068074,0.621473082,3.374307247
YML099W-A,-0.22860895,0.815587531,0.479245709,0.497309556,0.090847
YML100W,0.731223679,0.195850902,0.880921449,0.098364964,7.022468424
YML100W-A,0.072973283,0.990094281,-0.247642869,0.821349935,0.144597758
YML101C,-0.4869918,0.313913487,-0.416281347,0.404782707,5.65204614
YML101C-A,-0.689694914,0.273471886,-0.498888575,0.464768184,1.788608997
YML102W,-0.804979485,0.086254383,-0.491973946,0.334674395,4.959777362
YML103C,0.328891947,0.474843244,0.980015976,0.006969932,6.572017244
YML104C,-0.468397075,0.162950805,-0.931923494,0.001267712,4.287267614
YML105C,-0.078958738,0.935689127,-0.609689004,0.197809412,4.302633425
YML106W,0.03379054,0.992889665,0.211460007,0.687468129,8.606939659
YML107C,0.326217133,0.373101756,0.155956551,0.734166954,3.100817405
YML108W,-0.274157269,0.506207978,-1.021448989,0.001186511,3.695207701
YML109W,-0.024218271,1,-0.768067796,0.019069537,2.91820227
YML110C,-0.173334147,0.714535373,-0.473601574,0.206493198,6.580187476
YML111W,0.92476525,0.002746254,0.390845131,0.290065215,4.003814237
YML112W,0.001228459,1,-0.166343325,0.80696326,2.306817143
YML113W,0.401253516,0.316202383,0.128805945,0.822275653,2.780549722
YML114C,0.049436402,0.954664672,-0.639904243,0.047635955,3.185597728
YML115C,0.246452734,0.557865816,0.277591578,0.507698838,5.421933822
YML116W,-1.197324494,0.003791764,-0.265214374,0.655733963,6.359857983
YML116W-A,-0.957557517,0.099306372,-0.288541314,0.711865602,1.263913232
YML117W,-0.346342093,0.426142374,-0.345656564,0.431878758,5.056217141
YML118W,-1.332572793,0.015586438,-1.471474072,0.006003379,0.804002342
YML119W,-0.068501055,0.923594942,-0.378690214,0.337870811,2.856221186
YML120C,0.853084381,0.066106827,1.569310812,0.000141274,6.111183906
YML121W,0.614865467,0.103713512,0.205711074,0.676926736,3.618849694
YML122C,-1.914442718,0.002613441,-1.569416946,0.015158652,1.618038743
YML123C,-4.851202175,3.68E-31,-4.932871051,7.88E-32,8.755310732
YML124C,-0.754068678,0.093545989,-0.694935079,0.115677796,6.250920343
YML125C,-0.232593489,0.608767507,-0.459682771,0.239681966,6.716795623
YML126C,-0.351253276,0.40908166,-0.202466522,0.686928408,8.46397983
YML127W,0.049556742,0.957763193,0.393049257,0.308290026,5.066669853
YML128C,0.225922675,0.638011436,0.011136098,1,4.175874865
YML129C,0.574449166,0.116123515,0.413333539,0.28575767,3.262043803
YML130C,-0.563563112,0.16211187,-0.519345765,0.197198961,5.879557093
YML131W,-0.072523488,0.915937236,1.16917302,0.000285638,5.09190055
YML132W,-0.182645053,0.736145398,-0.232199482,0.669834202,7.154417
YML133C,-0.276846202,0.90954176,-0.592366806,0.744466922,4.337469264
YML133W-A,0,1,0,1,-4.776081025
YML133W-B,0,1,0,1,-4.776081025
YMR001C,0.539632515,0.182434295,-0.131723284,0.833782381,3.297871169
YMR001C-A,0.824088368,0.267710476,0.149710765,0.921643482,-0.764399753
YMR002W,0.159938061,0.739884317,0.329980276,0.42712258,5.777540517
YMR003W,0.789069205,0.036410492,-0.087949747,0.916972414,2.741715045
YMR004W,-0.043194429,0.978726562,-0.607241532,0.108399924,2.94958255
YMR005W,0.447539769,0.32808776,-0.106060994,0.895126272,3.497667406
YMR006C,-0.188729611,0.691373634,0.073747946,0.92448355,7.54202759
YMR007W,-0.095966849,0.938802405,0.992643735,0.078975528,3.845243959
YMR008C,-0.111044003,0.929548752,0.666841164,0.32641766,9.599884878
YMR009W,-0.643394304,0.058111073,-0.868595548,0.005680108,3.106570871
YMR010W,0.433870795,0.256944035,0.7471941,0.025977936,6.259917827
YMR011W,0.120680508,0.822149532,-2.905451435,2.55E-21,8.262891566
YMR012W,0.490499139,0.207190142,-0.058058661,0.95414418,5.640575897
YMR013C,0.291739552,0.493423993,0.289233063,0.505910889,5.711735422
YMR013C-A,0.040520784,1,0.473940236,0.935868683,-3.765506094
YMR013W-A,-1.793901461,0.046106525,-1.188315171,0.208524495,-2.717671114
YMR014W,0.650560285,0.181223084,-0.146144688,0.85091775,3.669880793
YMR015C,0.153167623,0.782930279,0.850939101,0.022535857,8.207684909
YMR016C,-0.947655495,0.028365193,-0.698081704,0.118356892,4.318136281
YMR017W,-2.459309058,1.27E-08,-1.892239726,1.91E-05,3.115235307
YMR018W,-1.790396505,2.50E-05,-1.421657095,0.00114106,2.196300572
YMR019W,0.363861911,0.349262748,0.18752578,0.692961626,4.243927899
YMR020W,-0.696255309,0.059216402,-0.218832783,0.656054141,3.351830274
YMR021C,0.019608281,1,-0.097956482,0.861269184,3.227273689
YMR022W,-0.525194516,0.127859245,-0.09881677,0.863578329,5.029582197
YMR023C,0.247922013,0.552852308,-0.282423804,0.504877588,2.951067969
YMR024W,0.256119516,0.502729994,0.547327397,0.086865237,4.425946486
YMR025W,0.264425354,0.681557681,-0.124277757,0.905264294,1.733968845
YMR026C,0.102205907,0.830619051,-0.227440388,0.567002504,4.156557747
YMR027W,-0.786675346,0.02485977,-0.866398657,0.009883556,5.672428049
YMR028W,0.270110912,0.652273381,-0.369404547,0.530517316,2.32420027
YMR029C,0.161940669,0.759291671,-0.631839798,0.109175866,3.435259549
YMR030W,0.497243129,0.418673458,0.278602223,0.710898368,1.467455507
YMR030W-A,-0.038307689,1,-0.198872105,0.878168061,-1.296720088
YMR031C,0.93598321,0.004037231,-0.109507372,0.854157149,4.028943042
YMR031W-A,-0.769840153,0.555480884,0.073845034,1,-2.848893109
YMR032W,-0.002062276,1,-1.885247678,0.068967715,1.964946466
YMR033W,0.141660958,0.768485361,-0.648081289,0.058236657,3.832750955
YMR034C,-0.115823613,0.853204058,0.269837603,0.601498646,4.234145629
YMR035W,-0.546043348,0.113969047,-0.198549079,0.658244253,4.267820574
YMR036C,0.894304799,0.059603804,0.267835331,0.672913146,2.344688669
YMR037C,1.105549988,0.004398545,1.864145184,2.52E-07,4.618812784
YMR038C,-0.527481413,0.195806947,-0.320152563,0.487717241,6.327375577
YMR039C,-0.58199825,0.092819245,-0.882087209,0.004556837,3.775370927
YMR040W,-1.211714855,0.012567503,-0.725005586,0.174885081,1.095993383
YMR041C,0.453709659,0.189532678,0.800742557,0.008014654,3.808419567
YMR042W,-0.586209342,0.270185481,-0.437076711,0.44118557,6.212045249
YMR043W,0.834982109,0.122696272,0.666042391,0.230864735,2.288436052
YMR044W,0.128727726,0.791612448,-0.259162612,0.537983037,2.964138477
YMR045C,0.21861045,0.674429227,0.176644621,0.755361167,6.015156522
YMR046C,-0.704757212,0.459359405,0.063949056,1,-1.628931092
YMR046W-A,-0.361780308,0.561189735,-0.12446771,0.901323389,0.991120864
YMR047C,0.095053912,0.878294882,0.261304786,0.579010131,4.972416046
YMR048W,-0.040380599,0.98083347,-0.683129033,0.056027488,2.646705731
YMR049C,0.314497207,0.519906898,-0.00766881,1,4.753690693
YMR050C,0.160513771,0.75740077,-0.086679429,0.908226059,5.663348164
YMR051C,0.154546862,0.936766223,1.350356379,0.055116477,-0.982471578
YMR052C-A,1.614842641,0.3359313,0.80817997,0.691305767,0.128642323
YMR052W,0.600697929,0.216952209,-0.194918468,0.785786031,1.682628966
YMR053C,0.10782286,0.861962839,0.032692896,1,2.496339111
YMR054W,-0.189601991,0.691121837,-0.048987057,0.970260732,6.485377883
YMR055C,0.333921992,0.445307212,0.476229746,0.23944242,4.722622999
YMR056C,0.343267973,0.485338861,0.47932147,0.294774094,5.615367056
YMR057C,-0.697663678,0.312425482,-0.079714415,0.974850577,0.400815209
YMR058W,-0.594014519,0.397117611,-1.422061301,0.014997739,10.42811857
YMR059W,0.241484014,0.624850116,0.200062926,0.715404989,2.736162019
YMR060C,0.403247562,0.419896231,-0.009393227,1,3.040349987
YMR061W,0.674273265,0.121199757,-0.119596586,0.874723859,4.147752648
YMR062C,-0.478221208,0.333349821,-0.043600919,0.993632962,8.263138113
YMR063W,0.344663115,0.613372949,0.083871552,0.966250318,1.574192357
YMR064W,0.310656495,0.373662114,0.17133981,0.682937892,3.485264044
YMR065W,-0.128586687,0.874685753,-0.313463426,0.629221426,1.700233437
YMR066W,1.27424113,0.022705599,-0.079954502,0.975845944,1.929106816
YMR067C,0.169812289,0.730324579,0.094718168,0.888649436,3.422031926
YMR068W,-0.216096691,0.75063473,-0.332403133,0.614467905,2.353051107
YMR069W,0.516392877,0.423525324,-0.099895614,0.94950149,-0.193002116
YMR070W,0.535289169,0.237458838,0.260965272,0.641671666,2.166221957
YMR071C,0.186612225,0.699514553,0.109264106,0.862543529,5.604825157
YMR072W,-0.136407926,0.804457793,-0.509349083,0.205794224,5.740249338
YMR073C,-0.065213521,0.913138302,0.145047886,0.741459248,3.880123515
YMR074C,-0.637736312,0.091747986,-0.829722893,0.01676063,6.225257431
YMR075C-A,-0.378902452,0.766986451,-1.125077077,0.258215813,-0.553672219
YMR075W,0.626000162,0.158957035,-0.365481448,0.48197713,2.202270116
YMR076C,-0.176540251,0.702659741,-0.071023363,0.926555422,3.15270589
YMR077C,0.644507475,0.172688127,0.000319547,1,2.229315483
YMR078C,-0.167422865,0.730789915,-0.213456202,0.662673273,3.827570652
YMR079W,0.393706464,0.347037388,0.542946529,0.160634202,6.428839697
YMR080C,0.347394189,0.440935111,0.804660188,0.031032536,5.974836579
YMR081C,-0.674294863,0.104745158,-0.364945261,0.438602018,2.369291462
YMR082C,-1.624900673,0.148827207,-0.963754793,0.4062667,-2.84316143
YMR083W,-0.615330439,0.107392076,0.077507213,0.920993806,8.847446983
YMR084W,-0.680820285,0.320767462,0.321014861,0.724192934,0.217977366
YMR085W,-1.244011887,0.019609598,0.511553437,0.410110588,1.863401245
YMR086C-A,-0.231370264,0.691373634,0.057273425,0.991881047,0.882868664
YMR086W,-0.745444301,0.048326692,-1.022572417,0.003280493,5.10614067
YMR087W,-0.465075389,0.271273335,0.128392077,0.836699312,3.46992937
YMR088C,-0.545996175,0.277778084,-0.034308435,1,8.508905311
YMR089C,0.413906507,0.233260074,-0.004236503,1,4.305680258
YMR090W,-0.499915821,0.381867477,-0.366315074,0.56306855,2.719240888
YMR091C,0.28116363,0.563020337,-0.44950583,0.314548538,3.73089481
YMR092C,-0.607996065,0.128328367,-0.06544282,0.944606393,6.06762831
YMR093W,0.685024912,0.090991743,0.393135993,0.380910013,4.840562274
YMR094W,-1.403048951,0.009598537,-0.625233136,0.31874714,5.021784136
YMR095C,-0.867994585,0.103770143,-0.225326747,0.758557391,6.822710497
YMR096W,-0.872573353,0.135873118,-0.194925786,0.824530016,8.507560154
YMR097C,-0.144996373,0.756038004,-0.311984166,0.434168044,3.70976309
YMR098C,-1.034692586,0.002458402,-1.383691012,2.75E-05,3.521063884
YMR099C,-0.566314932,0.136185239,-0.440118398,0.26541782,6.500897043
YMR100W,1.238474965,0.000378483,0.841290594,0.023180104,2.724713354
YMR101C,0.124624883,0.923594942,0.810124379,0.281216631,0.396996541
YMR102C,0.884501729,0.009196607,0.530821166,0.152596219,2.981683114
YMR103C,-0.130619176,0.861962839,0.393558016,0.489397379,3.137446803
YMR104C,0.010391885,1,0.372707516,0.402078707,4.51518769
YMR105C,-0.542129372,0.345364359,-0.011939179,1,4.362872819
YMR105W-A,-0.890455108,0.220131961,-1.1350109,0.106196768,-1.004013236
YMR106C,-0.293221201,0.580421845,-0.949702864,0.024139944,1.800513236
YMR107W,0.740713278,0.345206743,0.214537777,0.86033804,-0.183288618
YMR108W,0.24886354,0.586151618,0.414841093,0.313126615,8.942579776
YMR109W,0.199018338,0.643954531,-0.182243876,0.690411641,4.150909938
YMR110C,-0.199889616,0.705864499,0.521525552,0.218584782,5.679635668
YMR111C,0.007139924,1,-0.249774239,0.654027543,2.272888783
YMR112C,-0.384646029,0.341901418,-0.694372226,0.049390661,2.657590666
YMR113W,0.042226054,0.978160193,-0.141866043,0.821961965,3.19003426
YMR114C,0.141688243,0.833457204,-0.122297236,0.883308322,2.158422089
YMR115W,0.167870761,0.741797449,-0.32497372,0.483193989,3.108120322
YMR116C,-0.006599751,1,0.010560912,1,12.83432163
YMR117C,-0.72399088,0.079658363,-0.990915385,0.009377489,2.535994131
YMR118C,0.119265506,0.861291894,0.062164161,0.964103674,2.394097112
YMR119W,0.1396109,0.795532739,0.50101602,0.210248739,6.806128059
YMR119W-A,-0.295215469,0.56328455,0.611700254,0.156611168,2.795387806
YMR120C,-2.795353874,1.60E-09,0.761163902,0.164042928,9.345478937
YMR121C,-0.598907165,0.089523719,-0.832281664,0.009376608,4.258890586
YMR122C,-0.700015578,0.12930045,-0.429054037,0.397344611,2.785669954
YMR122W-A,0.643369615,0.139966754,0.753852525,0.066173272,9.271722395
YMR123W,-0.321342257,0.419050748,-0.191828859,0.680776002,5.429895368
YMR124W,-0.105395547,0.8177691,-0.18201826,0.662673273,3.650627967
YMR125W,0.60746603,0.186836556,0.311439234,0.565096877,4.945822136
YMR126C,0.389843202,0.343934436,-0.190463012,0.720369396,3.18192037
YMR127C,-0.361381613,0.368208348,-0.203738014,0.674044809,3.029953003
YMR128W,0.063082155,0.931193512,-0.93366975,0.003409047,3.342173948
YMR129W,0.612808222,0.095941728,1.020838847,0.001713927,5.980216815
YMR130W,-0.201450354,0.674570721,-0.321279421,0.462318689,4.102820676
YMR131C,0.324424532,0.619924047,-0.575477818,0.322406636,5.469170258
YMR132C,-1.693073874,2.63E-10,-2.048310887,1.85E-14,4.293380529
YMR133W,-0.700124258,0.175889823,-0.569459326,0.286451732,5.395471391
YMR134W,0.046954854,0.963696501,-0.296391867,0.492536357,3.045946795
YMR135C,-0.420970743,0.409677773,-0.200545303,0.747569372,4.191690389
YMR135W-A,-0.562990065,0.499866054,-0.430313958,0.65633757,-1.22634373
YMR136W,1.804732621,1.25E-08,2.248482878,9.08E-13,4.982609843
YMR137C,0.83400062,0.105791847,-0.056449931,0.991881047,1.644552427
YMR138W,-0.204042448,0.651821148,-0.572387485,0.107923361,2.693396097
YMR139W,-0.006528903,1,0.512412346,0.138308606,4.076685621
YMR140W,0.5419195,0.204852694,0.456484657,0.302764293,3.037067999
YMR141C,0.402297776,0.56328455,0.699334528,0.266135535,1.12871916
YMR141W-A,0.487045543,0.53856355,-0.707267855,0.389150198,-0.165340248
YMR142C,0.407084874,0.408764178,-0.035131619,1,9.130261899
YMR143W,0.504222099,0.286874361,0.711684769,0.099733507,9.459303437
YMR144W,0.266465668,0.618412574,-0.572420888,0.225863429,1.798704924
YMR145C,1.286012599,6.23E-05,1.221182714,0.000172683,7.723163754
YMR146C,-0.037537647,0.986895872,-0.193188136,0.721742782,6.793577017
YMR147W,0.591479016,0.221603912,-0.114859622,0.888744346,2.579739207
YMR148W,-0.265429233,0.681381459,-0.144076912,0.866827799,5.302805586
YMR149W,0.117890589,0.822149532,0.033907346,0.995569852,7.732388881
YMR150C,0.350602316,0.370150944,0.253046976,0.55923665,4.330104866
YMR151W,-0.139433026,0.860164186,-0.39265697,0.513640784,0.468898891
YMR152W,-0.262786242,0.529352284,0.354426672,0.369450684,5.166177154
YMR153C-A,-0.068327755,0.965350327,0.209523841,0.752553937,0.920958697
YMR153W,-0.08867364,0.857006273,-0.030036753,0.995569852,3.888272875
YMR154C,-0.029741056,0.996869536,0.212560349,0.670851646,3.528549302
YMR155W,0.113687755,0.850414908,0.313769379,0.497518165,5.960863159
YMR156C,0.019717239,1,0.669933657,0.171359137,2.417428297
YMR157C,0.290594395,0.424763109,0.51944777,0.10077345,3.566717038
YMR158C-A,0.220365749,0.843108546,-0.079780965,1,-1.716777833
YMR158W,0.589515111,0.181439448,0.231400201,0.679449128,2.960537231
YMR158W-B,0.132826589,1,0.584725112,0.848796148,-3.789985522
YMR159C,0.626666692,0.299526982,0.242385825,0.770771752,-0.10057749
YMR160W,-1.687101056,4.82E-07,-1.587171542,2.86E-06,3.54990994
YMR161W,0.119302855,0.792958322,0.122445744,0.800033681,4.326596225
YMR162C,0.268540427,0.50975468,0.072472235,0.921900886,4.175931775
YMR163C,-1.601731591,7.10E-05,-1.450530904,0.000408451,3.901001934
YMR164C,0.547568638,0.249381765,-0.158366384,0.821349935,1.342920919
YMR165C,-0.450336807,0.209922235,-0.861108705,0.005941752,3.121981829
YMR166C,-0.126960144,0.820840833,0.271188458,0.582520546,3.056062488
YMR167W,0.543884424,0.098782908,0.419953308,0.220093587,3.10687175
YMR168C,0.204500824,0.617063322,0.595129141,0.06183149,3.56043712
YMR169C,-1.052307315,0.000590766,-0.379281415,0.311637927,3.188974002
YMR170C,-0.606357326,0.125853918,0.195145525,0.71275392,4.518380295
YMR171C,-0.227242222,0.617143839,-0.196218494,0.692100098,4.804102881
YMR172C-A,-0.428681454,0.6011319,-0.480422414,0.598058066,-0.458997674
YMR172W,0.683784898,0.098558084,0.055683875,0.969468494,2.869453784
YMR173W,-0.032349146,1,0.496536149,0.303033605,5.742963563
YMR173W-A,-1.903443787,0.003409248,0.822826442,0.271146947,4.246234963
YMR174C,-0.171277925,0.827631895,0.406712407,0.533185289,1.800277968
YMR175W,0.391525219,0.603205801,0.0009245,1,-0.170217354
YMR175W-A,-0.347357794,0.839621845,-1.344063933,0.180661599,-2.312861446
YMR176W,-0.016741168,1,-0.013743565,1,3.822861079
YMR177W,0.60724312,0.121364127,0.215608192,0.67580815,2.649769922
YMR178W,-0.321632048,0.437395472,-0.900184514,0.006652338,5.281098834
YMR179W,-0.193070438,0.721629089,-0.604335906,0.150533578,2.322948278
YMR180C,-0.790295119,0.008771464,-0.600982965,0.053757599,3.632556266
YMR181C,-0.296218259,0.675231829,0.435521395,0.508154696,5.906678788
YMR182C,0.871171001,0.055293558,1.155983698,0.005858103,3.34381819
YMR182W-A,-0.797990746,0.356431677,-0.852001553,0.30693752,-1.953576865
YMR183C,0.536939198,0.213404399,-0.11572976,0.871864461,4.739340122
YMR184W,-0.583851804,0.107392076,-0.766505332,0.021724751,4.015909858
YMR185W,0.402114197,0.317650698,-0.243492034,0.611265742,3.662600268
YMR186W,-0.599071268,0.175537242,-1.162444647,0.002372096,9.457376659
YMR187C,0.174269822,0.721629089,0.223879931,0.645299949,3.163901168
YMR188C,0.676636669,0.180043596,0.23094727,0.729632055,2.999371649
YMR189W,-0.95798327,0.058444316,1.074588675,0.0251012,8.378019855
YMR190C,0.934739702,0.020690326,-0.057819416,0.971759732,2.02492622
YMR191W,-0.714690229,0.197694465,-0.168813039,0.841328787,8.209942367
YMR192W,0.256598099,0.618412574,-0.265103706,0.63241553,2.349613541
YMR193C-A,0.580578733,0.313913487,0.054837341,0.988889093,1.678213064
YMR193W,0.169808919,0.728729438,-0.346862986,0.423056665,3.257315369
YMR194C-A,-0.555703394,0.210840285,-0.621081866,0.146927383,2.890207904
YMR194C-B,-1.573922211,0.00049524,-1.497895693,0.000956196,2.783472077
YMR194W,0.90710961,0.066996848,0.274719691,0.67580815,6.888094858
YMR195W,-0.372495618,0.399946622,0.321502857,0.490877862,4.380458062
YMR196W,-0.963533537,0.009796606,-0.778651119,0.040146598,5.211441145
YMR197C,-0.258101169,0.571160913,-0.826669179,0.019410458,3.655377777
YMR198W,-0.162097254,0.794764075,-1.02578482,0.015020931,2.067772884
YMR199W,-0.188290876,0.665781073,-0.126556315,0.80839979,3.723875552
YMR200W,0.483946763,0.20520832,0.654139662,0.061874177,5.700081334
YMR201C,0.035263244,1,-0.437136739,0.442055523,2.013062983
YMR202W,-0.622864058,0.189529142,-0.522883647,0.284785526,9.744147818
YMR203W,-0.353181911,0.483514608,0.055008725,0.974485033,9.174659923
YMR204C,0.542197273,0.305323223,0.111414391,0.913537705,1.30985644
YMR205C,-0.127714055,0.835402845,0.274804209,0.597283964,10.75070575
YMR206W,-1.461825464,4.92E-05,-1.170251928,0.001551695,3.078472396
YMR207C,0.057478404,0.952436194,0.276063781,0.555287701,3.227425894
YMR208W,0.777187206,0.07191582,0.796299401,0.054729491,5.868161336
YMR209C,0.28184561,0.489919563,0.22738134,0.611488458,4.828510957
YMR210W,-0.840495573,0.011706093,-0.552180196,0.120336893,4.162586571
YMR211W,-0.349395509,0.320767462,-0.516498997,0.106792992,3.25772855
YMR212C,0.049741853,0.957725163,0.192206108,0.68334818,5.657896166
YMR213W,-0.1281581,0.861478699,-1.422423137,0.000861908,1.678426491
YMR214W,-0.378629016,0.305083374,-0.608489897,0.0627205,4.928800756
YMR215W,0.028575211,0.999759589,-0.030427113,1,8.2319327
YMR216C,0.528945873,0.150510336,0.699384846,0.038058225,4.866411203
YMR217W,-0.100414386,0.884381102,0.29654258,0.562576957,9.231201027
YMR218C,0.343792662,0.373624316,0.0475396,0.969468494,3.402499501
YMR219W,-1.232874026,0.002024009,-1.582709224,4.76E-05,3.552476352
YMR220W,-0.23950693,0.572409011,-0.300145793,0.466786506,5.521820381
YMR221C,0.414016165,0.36559737,0.549537375,0.198972785,8.197493059
YMR222C,-0.906572937,0.013338941,-0.38190772,0.380910013,4.957732343
YMR223W,0.570094999,0.226037322,1.042482067,0.010973539,3.652513584
YMR224C,0.52596366,0.195806947,0.291465037,0.538423395,2.523395675
YMR225C,0.366218029,0.410796287,0.207570258,0.695580553,3.08985365
YMR226C,-0.647274265,0.093545989,-0.668153918,0.070491928,6.438153558
YMR227C,-0.023030212,1,-0.7550515,0.1212172,1.837106356
YMR228W,0.567984028,0.20247335,0.25969825,0.639991064,2.652926237
YMR229C,0.959151405,0.018123476,0.532850794,0.235064968,4.819161885
YMR230W,0.584771285,0.238128184,0.480875256,0.353059837,8.406648555
YMR230W-A,2.19336598,0.000964009,2.10259586,0.001498498,-0.084392716
YMR231W,0.364035629,0.325015978,0.833291225,0.006553293,3.491022114
YMR232W,-0.914810728,0.113384091,-0.177845691,0.846114125,1.389208992
YMR233W,-0.033132344,1,-0.800144675,0.105616025,2.332220511
YMR234W,-0.02796498,1,-0.592212183,0.174012808,2.852096977
YMR235C,0.227615213,0.656259532,-0.487760062,0.25754987,5.951429832
YMR236W,-0.264868817,0.510316007,-0.417714911,0.25375175,5.132433646
YMR237W,-0.403833459,0.305183389,0.285862009,0.506048515,5.649387224
YMR238W,-0.169926365,0.781517426,0.250963739,0.667474184,6.743409102
YMR239C,0.375838108,0.578667004,-0.50081582,0.446861599,3.094746748
YMR240C,0.648949155,0.307799906,-0.177626763,0.865699888,2.078145188
YMR241W,-0.694950561,0.094866432,0.163711335,0.783457876,7.897498118
YMR242C,0.577796299,0.258660008,0.575689738,0.257380222,9.391378807
YMR242W-A,0.158396508,0.895452508,0.684477956,0.312256351,-0.787866465
YMR243C,-0.294739307,0.605495614,-0.118778448,0.888259132,9.535210779
YMR244C-A,-1.317829358,0.002605262,-1.539241198,0.000345593,3.600813943
YMR244W,-1.62939565,0.006209536,-1.240311626,0.041390001,1.88678071
YMR245W,-0.888258889,0.071535518,-1.013508875,0.030150841,2.758369863
YMR246W,-0.216265062,0.635846726,0.166743681,0.740739106,7.539405811
YMR247C,0.189110015,0.687893085,0.97131115,0.003048038,5.313440864
YMR247W-A,-0.724518919,0.353662593,-0.102652634,0.9755191,-1.237286416
YMR250W,-0.697560371,0.271273335,-0.18965789,0.83816544,4.864561525
YMR251W,-1.842758255,4.63E-05,-1.538442516,0.000856685,3.657602924
YMR251W-A,0.6072677,0.30689496,0.253240699,0.734551986,7.805980605
YMR252C,0.22451822,0.634907426,0.661415753,0.072249197,4.281289824
YMR253C,0.553877086,0.121279481,0.756868964,0.020255761,4.905236116
YMR254C,-0.128728452,0.887053083,-0.576599742,0.38550726,0.049440329
YMR255W,0.063180741,0.937574849,-0.227218181,0.654929512,3.340813117
YMR256C,1.083881341,0.000240597,0.741809504,0.018388031,3.845873424
YMR257C,1.160660143,0.003440187,1.506058805,8.06E-05,3.624831567
YMR258C,-0.224498464,0.585331388,0.251180599,0.541527278,4.633288613
YMR259C,0.296061976,0.536849041,0.746377285,0.053765978,4.895957905
YMR260C,0.630345268,0.244974527,-0.062828077,0.9755191,6.765901173
YMR261C,0.437162698,0.288475706,0.960708969,0.005478172,7.096248419
YMR262W,-1.328224196,0.009440747,-1.129822803,0.02823603,4.970229686
YMR263W,-0.176660151,0.712251833,-0.099553964,0.877851662,2.782197754
YMR264W,-0.117654511,0.829811986,-0.258356065,0.572225394,5.775568428
YMR265C,-0.037649975,0.985093017,0.269699395,0.579010131,4.047459735
YMR266W,0.703686034,0.057078044,1.129140058,0.000710059,6.78839696
YMR267W,-0.210787151,0.614316329,-0.541277021,0.11060154,3.634164192
YMR268C,0.339035862,0.493423993,-0.340262628,0.513056848,2.08549261
YMR269W,0.449334262,0.438600947,0.137631095,0.877505887,1.897961106
YMR270C,0.39896884,0.433160853,-0.451497709,0.375925782,3.242949491
YMR271C,-0.416767109,0.269506029,-0.026074155,1,3.02113985
YMR272C,0.942975841,0.008909618,1.290963227,0.000152718,7.30857713
YMR272W-A,0,1,0,1,-4.776081025
YMR272W-B,-0.449770598,0.850538441,0.184597967,1,-3.640338528
YMR273C,0.927184605,0.024176238,0.124715112,0.869911328,2.100699742
YMR274C,-0.527055139,0.251189351,-0.433422611,0.367530147,5.267337189
YMR275C,0.455050143,0.189529142,0.724047012,0.019014877,4.466342225
YMR276W,-0.183039818,0.721629089,0.179381471,0.739040609,7.454654259
YMR277W,0.393859422,0.295293729,0.274434552,0.507477232,4.003616726
YMR278W,0.436519738,0.296472269,0.209548682,0.686928408,2.966246446
YMR279C,0.239047539,0.626146317,-0.01021153,1,2.66322083
YMR280C,-0.934804771,0.034679684,-0.088735574,0.926746749,4.194396776
YMR281W,0.785001556,0.036201015,0.96855452,0.005924729,4.300430936
YMR282C,0.375826591,0.323331113,0.262836317,0.531668827,3.341301739
YMR283C,-0.976379665,0.001778672,-1.191275041,0.000103438,2.873226371
YMR284W,0.589999042,0.132544137,-0.151288353,0.797425545,2.812366214
YMR285C,0.206430763,0.673036812,-0.352872983,0.428638514,3.050127187
YMR286W,0.669517785,0.096149293,0.604652484,0.130168203,3.548548011
YMR287C,1.00983336,0.039203941,0.354191343,0.568965678,2.086786044
YMR288W,0.24218794,0.612176057,-0.062509625,0.956568569,2.510744105
YMR289W,0.32166888,0.391783543,0.065937434,0.926512756,3.263255718
YMR290C,0.275594035,0.625873368,0.144637776,0.843403526,5.325463005
YMR290W-A,0.163487134,0.893628551,-0.316040468,0.744466922,0.022949073
YMR291W,0.5178806,0.158957035,1.189887856,0.000123062,3.418459822
YMR292W,0.602432386,0.112524633,0.334926739,0.432125634,7.44734285
YMR293C,0.100698089,0.86798205,0.41606869,0.311445691,2.793839487
YMR294W,0.87702094,0.085801773,0.465328305,0.420577141,1.966189781
YMR294W-A,-0.058464217,0.954664672,0.222026816,0.677539536,3.730071786
YMR295C,0.022497471,1,0.304904713,0.485805126,5.90996453
YMR296C,0.691397244,0.066078327,1.084564108,0.001293555,7.61124212
YMR297W,-0.828196225,0.185084232,-0.544494714,0.424511151,11.77437315
YMR298W,0.162954727,0.75131524,0.251873907,0.606071162,5.088769564
YMR299C,0.384882481,0.414907653,-0.02654892,1,3.295130806
YMR300C,-1.147220565,0.002201889,0.226741004,0.678836098,6.511802863
YMR301C,-0.354761621,0.417500679,-0.00303942,1,4.967592115
YMR302C,0.550813218,0.107392076,0.36170432,0.327588416,3.806356967
YMR303C,-0.715058297,0.04557641,-0.195019797,0.690411641,4.762863496
YMR304C-A,0.368258147,0.51552935,0.960909187,0.036372561,6.908937629
YMR304W,0.069259954,0.935196107,0.346594198,0.446331434,4.223041326
YMR305C,0.574481497,0.235242737,0.843137928,0.053909855,10.86951168
YMR306C-A,0.107817342,0.954207995,0.901882154,0.153435491,0.108774232
YMR306W,-1.203415935,0.002167159,-1.235332716,0.001495347,3.276150059
YMR307C-A,-6.919317901,0.014560004,-6.712178307,0.01652273,-2.854810754
YMR307W,0.417465227,0.343934436,0.477590507,0.263976754,11.73968448
YMR308C,0.370068118,0.410801882,0.84939362,0.022796182,6.830743283
YMR309C,1.256970548,0.010498844,1.109968403,0.023615167,6.251842276
YMR310C,0.335654658,0.42869396,0.634406807,0.081807749,4.808210886
YMR311C,0.110582797,0.859797335,-0.184761267,0.739638418,4.031933393
YMR312W,0.726420676,0.076691164,1.203746263,0.000993778,5.243786051
YMR313C,0.342113107,0.397089013,0.513182807,0.161184345,4.753189306
YMR314W,-0.717829193,0.032659228,-1.011720911,0.001096869,6.056641126
YMR315W,-0.903417579,0.027965424,-0.212981504,0.715404989,7.02271982
YMR315W-A,-1.810076143,0.000897685,-0.95952032,0.106792992,-0.528575774
YMR316C-A,-1.536255547,0.032405524,-0.889805119,0.259919623,-0.297561751
YMR316C-B,-0.632565272,0.455815674,-0.307497016,0.777715899,-0.016932999
YMR316W,-0.738739749,0.033492185,-0.477867843,0.2029517,2.933174153
YMR317W,0.068993715,0.945314631,-0.063484229,0.958614194,4.233026808
YMR318C,-0.297589502,0.49603914,0.049034236,0.971759732,7.589753308
YMR319C,-1.426231972,8.84E-05,-0.138649461,0.829957785,5.342759027
YMR320W,-0.476380098,0.376899538,-0.259111934,0.692512398,1.377166926
YMR321C,-0.284390277,0.626852697,1.68169854,4.21E-05,2.467928373
YMR322C,0.946370023,0.164368709,1.691249377,0.003961847,0.423381542
YMR323W,1.477221679,0.006972103,2.047292162,7.71E-05,0.633267951
YMR324C,2.725749081,0.024115319,3.40956558,0.001287891,-2.843145053
YMR325W,2.147545102,0.032898129,3.182016338,0.000287514,-2.396636545
YMR326C,-2.606746928,0.721629089,-2.433580869,1,-4.631172776
YNL001W,0.333835931,0.516396527,-0.636880806,0.159985214,3.669187047
YNL002C,0.5133722,0.364279917,-0.504150428,0.380365746,5.226769114
YNL003C,-0.988105515,0.010661112,-0.556180687,0.193588637,6.093603735
YNL004W,-0.596443772,0.135873118,-0.656022073,0.085553132,4.760266057
YNL005C,0.436556141,0.201434195,-0.120975164,0.809961771,4.162488048
YNL006W,-0.27294868,0.464646111,-0.190483757,0.656762712,4.559398652
YNL007C,0.130306918,0.825130922,-0.01260867,1,5.980655992
YNL008C,0.401273176,0.301084134,0.373885726,0.342351795,5.814284318
YNL009W,-0.996157607,0.003389793,-0.878158881,0.010851937,2.604578051
YNL010W,-0.319885844,0.466073691,-0.518894198,0.186575076,6.933894975
YNL011C,0.113910249,0.83936323,0.242179926,0.611789684,3.152266685
YNL012W,-0.494433186,0.289055369,0.373538142,0.455772952,2.670411294
YNL013C,-0.435877158,0.847307707,-0.325596858,0.925589473,-2.127491275
YNL014W,-0.023055803,1,-0.087411605,0.943199901,2.101547468
YNL015W,-1.004539253,0.036201015,-0.561122701,0.29267381,4.810104735
YNL016W,0.052138931,0.961414127,-0.560566865,0.15001214,5.812650502
YNL017C,-1.901611562,0.108774065,-0.503831028,0.745472738,-1.476885233
YNL018C,-1.028010498,0.207900063,-0.471925589,0.629049919,0.149493547
YNL019C,-0.161232322,0.86330979,0.276058267,0.747569372,1.356492324
YNL020C,-0.458859421,0.289002323,-0.139800149,0.821349935,4.679323745
YNL021W,0.106788483,0.874376969,-0.324477969,0.507680675,3.694790576
YNL022C,0.099212367,0.837312481,-0.383440131,0.272252608,3.802315573
YNL023C,-0.17724859,0.658327988,-0.452609864,0.160806275,4.070976579
YNL024C,-0.564133356,0.31092499,-0.254871785,0.72031097,2.464704161
YNL024C-A,-0.483124233,0.237458838,-0.170247005,0.748725543,6.61104505
YNL025C,0.063824361,0.945123224,0.610551024,0.115714684,3.067010453
YNL026W,-0.498317759,0.191058814,0.069490494,0.931944531,4.969557153
YNL027W,1.021159676,0.009111356,0.230797109,0.679566918,2.630104336
YNL028W,-5.005614919,0.038774311,-0.462980187,0.969468494,-3.758962613
YNL029C,0.541026456,0.095941728,0.653312826,0.030840928,4.262681274
YNL030W,0.478555836,0.414747056,-0.180070935,0.822293247,7.07348906
YNL031C,0.327185799,0.485338861,0.218153592,0.684240306,7.4041542
YNL032W,0.169422477,0.694202353,-0.072443947,0.916972414,3.585794097
YNL033W,-0.057510524,0.974965121,0.390018634,0.527048667,1.344881404
YNL034W,-1.207967284,0.018630726,0.024534051,1,0.157313878
YNL035C,0.008888739,1,-0.327405316,0.382509299,4.158528595
YNL036W,0.753168755,0.051818221,0.851959532,0.020245425,7.755723404
YNL037C,-0.332133277,0.446429666,0.202792215,0.692100098,7.65624877
YNL038W,0.265116688,0.60725556,-0.500832606,0.272893713,3.961568175
YNL039W,0.692651694,0.103099203,0.351386646,0.478110522,2.38427044
YNL040W,0.056640518,0.96812894,0.17441895,0.801293201,1.341360506
YNL041C,0.688451717,0.028775084,-0.023769851,1,3.522292269
YNL042W,0.016966691,1,-0.128789569,0.827564386,2.735608525
YNL042W-B,-0.710944813,0.577636408,0.06990082,1,-1.878393043
YNL043C,-1.130284281,0.015906991,-0.17319954,0.820198672,5.506702454
YNL044W,-1.175095673,0.009746334,-0.444803822,0.421050433,8.747828378
YNL045W,-0.209819182,0.681557681,-0.079585565,0.924624456,7.812955849
YNL046W,-0.92007605,0.047721668,-0.455765502,0.390529179,6.139524995
YNL047C,0.61862286,0.09592898,0.601669069,0.097329871,3.000250547
YNL048W,0.529656418,0.179098466,0.775389925,0.029255546,5.369437677
YNL049C,0.238302926,0.581687932,0.410911177,0.287356721,5.217766215
YNL050C,0.372957077,0.521014352,-0.06726973,0.974850577,2.825757087
YNL051W,0.41143832,0.372668605,-0.219562472,0.704448976,3.000561604
YNL052W,0.729530774,0.065035232,1.189771552,0.000784799,6.453815729
YNL053W,0.285671363,0.468613902,0.535005729,0.115650805,4.975986427
YNL054W,-0.462953223,0.165133429,-0.766345659,0.009800978,3.191960403
YNL054W-A,-0.185882579,0.884601443,0.790271196,0.279305665,-0.886496025
YNL054W-B,0.308575905,0.52531577,0.121926306,0.862502417,5.188495628
YNL055C,-0.715210131,0.269221839,-0.272419153,0.741090611,11.78552016
YNL056W,-0.004281086,1,-0.397764477,0.296230808,4.216500184
YNL057W,0.231290979,0.731678029,0.228881421,0.747569372,1.835711405
YNL058C,-0.2437854,0.564614724,-0.120556434,0.827564386,4.18055022
YNL059C,0.333028902,0.472440735,-0.670996632,0.092545489,3.598178294
YNL061W,0.805451282,0.055293558,0.00792097,1,4.698289194
YNL062C,-0.346033579,0.38208173,-1.068120068,0.000753315,4.670204941
YNL063W,-0.667258203,0.048985321,-0.440156313,0.224305737,3.959012501
YNL064C,0.314650987,0.52082753,-0.161096743,0.795663772,6.872647719
YNL065W,0.322901852,0.556664401,0.235041542,0.708336776,5.336645093
YNL066W,0.243575818,0.589104751,0.407997245,0.313658008,9.091356988
YNL067W,-0.083372628,0.913291844,0.217543574,0.69371177,9.130163387
YNL067W-A,0.833328913,0.769608522,0.564078102,0.914655115,-3.911944475
YNL067W-B,6.894432058,0.019599381,1.666660514,0.633443052,-0.810555775
YNL068C,0.496601188,0.286274133,-0.475289114,0.316583133,2.66871321
YNL069C,0.636366999,0.16915873,0.78909816,0.066444887,11.21879431
YNL070W,0.62850508,0.268199139,1.172756445,0.017160726,5.648663643
YNL071W,0.016386431,1,-0.129671986,0.829284758,7.913976441
YNL072W,-0.711887198,0.139210427,-0.448303521,0.394186362,5.355022482
YNL073W,-0.244779403,0.556788989,-0.080592031,0.90360602,3.649118247
YNL074C,0.870405464,0.028093365,1.309212408,0.000341798,6.406149826
YNL075W,0.195079094,0.712546538,-0.546679171,0.195447445,4.020222544
YNL076W,-2.177274708,4.35E-08,-2.162044039,6.68E-08,4.348626389
YNL077W,0.016547671,1,-0.010124506,1,3.005633924
YNL078W,-0.587740902,0.063071796,-0.938751613,0.000979091,3.922451185
YNL079C,-0.317684907,0.452654458,-0.664162146,0.062468754,6.717262647
YNL080C,0.276008461,0.52531577,0.743030653,0.032778471,6.618128988
YNL081C,0.612731178,0.098956954,0.23284115,0.622870661,3.565946512
YNL082W,0.143113745,0.83818233,-0.826961862,0.076051544,2.111572962
YNL083W,0.232848571,0.579027933,0.176923453,0.711865602,3.050312548
YNL084C,-0.100207262,0.882315758,-0.86299168,0.02272954,4.676272553
YNL085W,0.452567587,0.314545617,0.956103967,0.011770499,6.519117512
YNL086W,-0.956402257,0.010651234,-0.542203589,0.191490012,2.377113779
YNL087W,-0.319082476,0.444132384,-0.341828602,0.408670698,6.011618434
YNL088W,-0.334182229,0.363472506,-1.029212037,0.000509367,3.816901694
YNL089C,-0.38805015,0.328432092,-0.214903753,0.654515371,3.39922842
YNL090W,-0.381421679,0.311768859,-0.14027001,0.777762348,4.331989922
YNL091W,0.03105146,0.995032573,0.128044209,0.821750982,4.588900727
YNL092W,-1.268089295,0.001018228,-0.695139293,0.10177609,2.505517234
YNL093W,-2.858250882,4.27E-06,-1.969350812,0.001942498,0.867271153
YNL094W,-0.155975269,0.736055921,0.218545304,0.631157582,5.223538603
YNL095C,0.462804466,0.197694465,0.30332562,0.443570187,5.074776846
YNL096C,0.668024383,0.249199626,-0.092744911,0.942545475,7.32177325
YNL097C,-0.466204899,0.273661971,-0.788563954,0.03753027,2.440662569
YNL097C-B,-0.806975516,0.073382019,-0.972667135,0.02182611,1.226182155
YNL097W-A,0,1,0,1,-4.776081025
YNL098C,0.297109591,0.489510712,-0.35071573,0.401642874,5.085950786
YNL099C,0.35387713,0.339454696,-0.33007013,0.385753081,4.330198878
YNL100W,0.516288801,0.165300412,0.15966582,0.746242529,3.499568847
YNL101W,0.112615497,0.871310388,1.095694471,0.00515066,7.614296368
YNL102W,0.051509884,0.969711232,-0.576409337,0.190580249,2.824909967
YNL103W,0.423480271,0.236912867,0.010712525,1,4.077082181
YNL103W-A,-0.197050032,0.835402845,-0.28928609,0.740616917,5.365097778
YNL104C,-0.427285462,0.480808749,-0.291574718,0.673221703,11.37047078
YNL105W,0.46647868,0.736555024,-0.663897239,0.628697663,-1.500431556
YNL106C,0.197330351,0.688566719,0.417475468,0.311637927,3.096185732
YNL107W,0.448484393,0.330543693,0.031431821,1,2.711474731
YNL108C,-0.487122071,0.188032041,-0.162775306,0.740444583,3.915220686
YNL109W,0.016835222,1,-0.247973382,0.72031097,2.109348334
YNL110C,0.551355606,0.348189601,-0.444386768,0.482985676,4.813535989
YNL111C,0.440692892,0.246026759,0.607960262,0.080041237,4.688100427
YNL112W,0.506842747,0.270246998,-0.20372185,0.731348902,6.767151262
YNL113W,0.029395489,0.99636639,-0.314818263,0.475198026,4.087149613
YNL114C,0.050719769,0.965227089,-0.441039353,0.302764293,3.560231835
YNL115C,0.129119987,0.86394377,0.420439131,0.442353677,5.319762006
YNL116W,-0.094475286,0.875549018,0.659320116,0.066610291,5.037369
YNL117W,-2.86076485,1.79E-12,-2.378686238,5.29E-09,3.491556479
YNL118C,0.53063499,0.160818404,-0.319219063,0.452877615,4.636402804
YNL119W,0.509748631,0.201825879,-0.086245959,0.910807693,3.80567965
YNL120C,0.602668409,0.460985706,-0.510300721,0.605686428,-0.150206009
YNL121C,0.293802946,0.569213946,-0.324328144,0.532736235,4.562176388
YNL122C,0.226453555,0.681381459,-0.075847177,0.950185144,2.510300045
YNL123W,0.163297993,0.755671912,0.472083525,0.255595666,5.610949582
YNL124W,0.638737503,0.045095158,0.390365357,0.263809879,3.637630297
YNL125C,0.373256714,0.492043253,0.891494018,0.04445217,6.953476824
YNL126W,0.505185326,0.15930971,0.658726639,0.045955603,3.637910445
YNL127W,-0.086135901,0.881536967,-0.250790755,0.55904754,3.548232711
YNL128W,-1.291434168,0.002746254,-0.993528334,0.026048987,1.713461402
YNL129W,0.416909058,0.392948184,-0.128278021,0.868794104,3.334884152
YNL130C,-0.171172156,0.732557636,0.287360483,0.531459478,8.694228184
YNL130C-A,-0.271870336,0.766928683,0.104138277,0.937670762,-0.373851124
YNL131W,-0.049564398,0.965216806,-0.051369108,0.970112973,6.404289544
YNL132W,0.62022062,0.153676749,0.418986451,0.373976985,4.650754959
YNL133C,-0.389417951,0.36715418,-0.471762886,0.256753246,3.099581426
YNL134C,-2.252600416,1.32E-05,-0.125838018,0.91404191,7.704129443
YNL135C,-0.2894167,0.532135064,-0.026440183,1,9.188379451
YNL136W,-0.275194506,0.585331388,-0.195554161,0.734166954,4.05211521
YNL137C,0.0576411,0.938445095,-0.16165669,0.735379469,4.20406793
YNL138W,-0.142236769,0.769269765,-0.227219255,0.617818738,6.258730956
YNL138W-A,-0.145033663,0.830027543,-0.99440619,0.01876394,2.245016872
YNL139C,0.271184637,0.697511112,0.804505623,0.136808535,4.251125779
YNL140C,-3.001665987,0.058351088,-3.175010612,0.03743951,-0.21438609
YNL141W,-0.01054765,1,-0.011881259,1,5.818016736
YNL142W,-0.410202487,0.573771787,2.736745789,3.02E-07,7.582451701
YNL143C,0.12877948,0.882821052,-0.153503594,0.869142668,0.612543317
YNL144C,1.27E-05,1,-0.401861299,0.430647398,2.201066194
YNL144W-A,0,1,0,1,-4.776081025
YNL145W,0.349734565,0.41077515,0.643267777,0.079484966,8.63887458
YNL146C-A,-1.178597057,0.019547525,-1.048238351,0.03904659,0.848218749
YNL146W,-0.103319995,0.884601443,-0.104336578,0.900456565,2.042125946
YNL147W,-0.075444,0.919611391,-0.369262659,0.393212371,4.081335401
YNL148C,-0.878254175,0.042597295,-1.214824686,0.00259602,2.600169252
YNL149C,-0.154069788,0.74575423,-0.637268693,0.063391217,4.877967688
YNL150W,-0.144322224,0.788639684,-0.93684106,0.007071363,3.378707115
YNL151C,0.007185798,1,-0.550232496,0.304673302,3.398717336
YNL152W,0.388233133,0.335528821,0.318139612,0.457087438,3.564227359
YNL153C,0.961930187,0.015615558,0.470776921,0.301853058,4.590938117
YNL154C,0.032342445,0.987625481,-0.427929618,0.237694289,4.813179357
YNL155W,0.442572388,0.445191215,-0.29044038,0.670169266,3.977213543
YNL156C,0.062715347,0.926939671,0.152157846,0.746168502,5.450253087
YNL157W,-0.095834225,0.861032828,-0.085429248,0.895182463,4.41841654
YNL158W,0.236564464,0.583474499,-0.157153022,0.748141358,3.199809663
YNL159C,0.125706197,0.791612448,0.316088322,0.407960548,4.529973935
YNL160W,1.270482403,0.001159522,2.278330561,6.20E-10,6.757208631
YNL161W,0.053128309,0.946885745,-0.405864063,0.254798615,3.606439127
YNL162W,0.633117382,0.210022046,0.288578813,0.64566633,8.277161781
YNL162W-A,-0.090910757,0.914747769,-0.78354596,0.068282411,2.173912881
YNL163C,0.555662267,0.134689546,-0.28632641,0.513640784,3.651263365
YNL164C,0.715652848,0.166523149,-0.270596314,0.695469015,2.455745724
YNL165W,0.21482273,0.58719118,0.613700043,0.048893711,3.570412985
YNL166C,0.569478514,0.315344783,-0.281270558,0.692961626,2.73133314
YNL167C,0.19512547,0.687893085,0.544601685,0.150345259,4.444533184
YNL168C,-1.193462185,0.000913821,-1.034934946,0.004511658,5.502667373
YNL169C,-1.213605961,0.001314959,0.194834194,0.735209491,7.746458528
YNL170W,-1.239518819,0.003013646,0.532490626,0.27755309,3.467433722
YNL171C,-0.603149914,0.324822693,0.56093356,0.350447842,1.131975147
YNL172W,0.126344549,0.819618443,0.482576836,0.220738801,4.295791253
YNL173C,-0.762126009,0.014241177,-1.328642181,2.57E-06,3.851839408
YNL174W,0.208369382,0.821239815,-0.81810407,0.221725882,2.164892974
YNL175C,-0.41738831,0.358248131,-1.259245833,0.000595519,4.666368599
YNL176C,0.95580717,0.010902968,1.405682544,6.41E-05,5.714096491
YNL177C,0.068079619,0.915629288,-0.437963252,0.224999583,3.918522342
YNL178W,0.07098098,0.936900736,-0.317429037,0.530409411,10.17616642
YNL179C,0.631599407,0.290589829,-0.189260412,0.839570026,1.465503594
YNL180C,0.427810866,0.320056944,0.067278009,0.94181029,3.93350766
YNL181W,-0.209625999,0.618841431,-0.867915405,0.005259601,3.557303995
YNL182C,0.505876761,0.255859901,-0.086219536,0.92448355,3.87715957
YNL183C,0.809927003,0.018667782,1.941667387,1.17E-10,5.616081971
YNL184C,-0.01577725,1,0.308723576,0.637152848,1.988371049
YNL185C,-0.160040684,0.721629089,0.274124754,0.504278912,4.323839294
YNL186W,0.918205436,0.013149378,0.394563421,0.371825257,3.959835054
YNL187W,-0.014784496,1,0.180008095,0.753277807,2.460167919
YNL188W,-0.5509035,0.209366513,-1.168557961,0.002015121,2.720195772
YNL189W,0.186625058,0.721629089,0.442363898,0.305203825,6.78068607
YNL190W,0.674103173,0.10923489,1.037213313,0.005852961,9.073225387
YNL191W,-0.042515202,0.982333485,-0.532817858,0.1939838,2.787640258
YNL192W,0.336941264,0.411328331,0.685993503,0.047415811,6.190991533
YNL193W,-0.419892524,0.24327682,-0.586864981,0.074099761,3.495859307
YNL194C,-0.235546915,0.588437406,-0.061768154,0.941031039,2.956494693
YNL195C,0.199477463,0.657054806,0.38490965,0.319079913,3.436937119
YNL196C,-2.831321191,1.58E-09,-1.778567146,0.000253567,5.168606571
YNL197C,0.35663176,0.502729994,0.336815069,0.542157896,6.604739188
YNL198C,0.923216871,0.302600846,-0.273655,0.853028863,-0.866520434
YNL199C,0.663400311,0.139281442,-0.18343403,0.779216732,2.954327055
YNL200C,-0.90184413,0.115912534,-0.274985926,0.72144514,5.931548147
YNL201C,0.49246459,0.306225846,-0.266316967,0.651437075,2.987259142
YNL202W,-1.284041153,0.072409931,-1.035045532,0.152138128,2.272402726
YNL203C,-0.774852435,0.271273335,-0.906519554,0.180454567,1.278247034
YNL204C,-1.926801961,6.03E-07,-1.392122929,0.000582339,1.607169136
YNL205C,-0.588600249,0.396202936,0.749639574,0.25817059,-0.481061808
YNL206C,0.236382236,0.580535704,-0.063733467,0.940411396,4.081194238
YNL207W,-0.022631798,1,-0.510606972,0.172782352,4.354835072
YNL208W,-1.919813666,0.000595361,-1.080023123,0.071867298,8.392529269
YNL209W,-0.198335433,0.728729438,-0.095443167,0.911748536,11.9796648
YNL210W,-1.524924113,1.03E-07,-0.95100964,0.001852776,3.754540463
YNL211C,-0.004552654,1,-0.732969004,0.211293574,0.887807727
YNL212W,-0.133485124,0.770713526,-0.837726562,0.006003379,3.628412402
YNL213C,0.348553873,0.368985696,0.105052626,0.858908903,3.000106158
YNL214W,0.310901906,0.531505568,-0.048408636,0.990102852,2.393172808
YNL215W,-0.192961913,0.719015384,-0.567117457,0.177526304,2.519095182
YNL216W,-0.051634516,0.945228091,-0.17738166,0.687556698,4.269013707
YNL217W,-0.166361836,0.721629089,0.08536685,0.896313065,4.199743323
YNL218W,-0.237692266,0.556785602,-0.74930431,0.019040487,2.993551571
YNL219C,0.33534078,0.425754965,0.736176567,0.036078794,8.055296472
YNL220W,-1.579937854,2.02E-06,0.002755419,1,7.492334566
YNL221C,0.048661528,0.960272021,-0.223449076,0.624093599,3.938220138
YNL222W,-0.190203693,0.667012306,-0.582731735,0.085927306,3.54497618
YNL223W,-0.111847005,0.877409627,-0.274470703,0.640753135,2.500857014
YNL224C,0.414364862,0.396372809,-0.605321223,0.189425077,2.405408569
YNL225C,0.647853502,0.267324261,-0.052379693,1,1.987177569
YNL226W,-1.326918718,0.056754168,-1.794983986,0.007055264,-0.258979024
YNL227C,-0.958473284,0.012176902,-1.706136067,1.32E-06,3.116570062
YNL228W,-0.894903574,0.153614795,-0.436171651,0.555524141,0.527290824
YNL229C,0.657524976,0.128952586,-0.001490613,1,3.948418629
YNL230C,-0.411840167,0.254047643,-0.543826164,0.104765356,3.142622844
YNL231C,0.270561942,0.664382447,0.112776507,0.904113013,4.044366409
YNL232W,-0.024343501,1,-0.708619067,0.031721389,4.450236462
YNL233W,0.377020227,0.349262748,-0.27759175,0.531668827,3.03558281
YNL234W,0.590422813,0.120462491,0.684371591,0.055383933,2.968909747
YNL235C,-0.280049878,0.755125334,0.230269693,0.830619378,-0.172463143
YNL236W,0.371459969,0.355743311,0.510572839,0.170467649,4.08965475
YNL237W,0.242685149,0.746983494,1.370505088,0.00833019,4.382821009
YNL238W,0.277654559,0.523835471,0.545017579,0.144732319,6.289727056
YNL239W,-0.523229686,0.190777825,0.027006612,1,7.780867025
YNL240C,-0.502970597,0.278220244,-0.124739892,0.864755363,5.833736265
YNL241C,-1.144346032,0.024796979,-0.59160012,0.302011184,9.502961168
YNL242W,0.01738722,1,0.784582668,0.022522025,3.90345725
YNL243W,-0.27003108,0.594784869,-0.35332411,0.469666006,5.870922099
YNL244C,0.023452742,1,-0.15180122,0.782183297,7.382021356
YNL245C,-0.728762255,0.065015739,-0.520194396,0.209273989,4.017324599
YNL246W,-1.00409774,0.013153255,-0.742208353,0.075480039,5.505529745
YNL247W,0.103005893,0.853204058,0.051819363,0.963081893,5.798159198
YNL248C,0.610430321,0.209438724,0.276626973,0.648301681,5.248749976
YNL249C,-0.419299657,0.225828597,-0.208335374,0.622219739,3.418882006
YNL250W,0.140254932,0.794901669,0.112043771,0.864755363,2.618758669
YNL251C,-1.137946781,0.000714172,-0.673660834,0.063916128,6.655486121
YNL252C,0.391723994,0.373878465,0.18746831,0.733660341,3.002527525
YNL253W,-0.135369107,0.760976438,-0.468891259,0.162642836,3.535004824
YNL254C,-0.298917564,0.453581762,-0.29841763,0.464768184,3.097418165
YNL255C,0.881687116,0.164443956,-0.065231351,0.987122033,7.108209785
YNL256W,-0.604337371,0.12168259,0.41451652,0.319196272,5.77119353
YNL257C,-0.214673179,0.592323502,-0.191475576,0.661816573,4.11348113
YNL258C,0.383649499,0.315147843,-0.460227083,0.215042615,3.612720277
YNL259C,-0.236648371,0.728729438,-0.656882598,0.226669692,4.667017035
YNL260C,-0.412291383,0.234492629,-0.555091472,0.083872313,3.187759736
YNL261W,-0.040422164,0.977176116,0.385351222,0.323554341,4.534831101
YNL262W,-0.107317579,0.821680458,-0.251527714,0.524503164,3.688478778
YNL263C,-0.234312395,0.673036812,-0.319251557,0.54624312,7.792838006
YNL264C,-0.077965831,0.890553093,-0.008394446,1,4.613522217
YNL265C,-0.260386146,0.60567053,-0.554475064,0.193770719,3.084203463
YNL266W,-0.288945021,0.709210315,-0.379102188,0.615548044,0.787883975
YNL267W,0.45760073,0.204433396,-0.148476732,0.759940942,3.944291034
YNL268W,0.097176279,0.891947001,0.014477159,1,7.343649
YNL269W,-0.82083315,0.248257006,-0.662576339,0.372751604,0.678306988
YNL270C,0.333441732,0.600171372,0.707635627,0.188915874,4.166859499
YNL271C,0.957802148,0.001705608,0.892384368,0.003665871,3.718076104
YNL272C,0.396739976,0.325948229,-0.45048241,0.257915021,3.166687581
YNL273W,-0.473348434,0.2180724,-0.391935591,0.325861766,3.985070251
YNL274C,-0.032825226,1,0.398731018,0.469827546,3.8298277
YNL275W,0.281202189,0.483514608,0.373491188,0.320698419,5.268232932
YNL276C,-0.56795643,0.28372918,-0.812474854,0.096592808,1.32545738
YNL277W,-0.430179718,0.251911193,-0.007116465,1,4.729752298
YNL277W-A,-0.352489001,0.721635062,-0.432040456,0.720616616,-1.761528013
YNL278W,0.198935743,0.718038186,0.238355012,0.665568254,3.159352271
YNL279W,-1.140984012,0.001018228,-0.726828567,0.049431052,5.076413874
YNL280C,-0.270020731,0.564614724,0.129157594,0.833011643,7.866879867
YNL281W,-0.372222873,0.355388861,-0.26490996,0.553016141,6.276547796
YNL282W,-0.127497996,0.851404986,-0.380223398,0.464196765,2.067240794
YNL283C,0.424971136,0.345364359,0.392318454,0.394186362,7.820948216
YNL284C,0.214294894,0.60567053,0.007907451,1,4.119080159
YNL284C-A,-0.701761952,0.413157706,0.745903506,0.366922646,-0.711855563
YNL284C-B,-0.175406729,0.712546538,-0.256663296,0.565096877,6.149332766
YNL285W,-0.451375948,0.820831328,1.270624607,0.143493549,-2.661098677
YNL286W,-1.182597564,0.000817086,-0.8143278,0.028809262,3.517862563
YNL287W,0.114364979,0.861962839,0.759713778,0.059365025,6.7486081
YNL288W,-0.043656132,0.977148702,0.355407362,0.426531637,6.366388918
YNL289W,-0.000777279,1,-0.322903071,0.509696557,2.742204667
YNL290W,-0.347293206,0.32295966,-0.686467094,0.022547771,3.929599768
YNL291C,0.541809549,0.150510336,0.710143472,0.039998504,6.216711086
YNL292W,-0.030842373,1,-0.470480415,0.30713323,3.168573638
YNL293W,0.88655749,0.088788973,0.173809047,0.827651014,2.505204192
YNL294C,0.253085399,0.547517632,0.296049113,0.475891227,5.658767159
YNL295W,0.15078764,0.753733576,-0.468764038,0.208028081,2.9652499
YNL296W,0,1,0,1,-4.776081025
YNL297C,0.302897816,0.494929693,0.865541216,0.013542067,5.229960723
YNL298W,0.845248126,0.008186046,0.510015919,0.144732319,3.552874476
YNL299W,-0.667368324,0.046636174,-1.599401218,4.54E-08,3.43123313
YNL300W,-0.564798483,0.264077424,-0.459862502,0.382509299,7.169620934
YNL301C,-0.292686274,0.542797933,-0.228095239,0.670463259,7.12324599
YNL302C,0.374219414,0.495547698,-0.049001193,0.989404938,8.792413578
YNL303W,0.952021729,0.098558084,0.428934354,0.52986818,2.466950333
YNL304W,-0.467988805,0.286587169,-1.077718911,0.003718884,2.106222682
YNL305C,0.028547384,1,0.376830255,0.48059856,7.34747045
YNL306W,0.493057587,0.173654974,0.088597758,0.888259132,4.804658651
YNL307C,-0.613963197,0.246138618,-0.112389712,0.907256389,9.393365959
YNL308C,0.362704807,0.448224594,-0.572017814,0.190175935,4.117762826
YNL309W,0.236960631,0.556336256,0.430894699,0.222176398,3.104471227
YNL310C,-0.434438516,0.281408057,-0.59843427,0.107884447,3.366897589
YNL311C,0.394700602,0.329343443,0.792582117,0.021534568,3.740686141
YNL312W,-0.899470585,0.006448786,-0.764930346,0.022114055,5.311318249
YNL313C,0.330030158,0.435612797,0.56407293,0.130842305,4.760094363
YNL314W,0.299912181,0.541570083,0.152273623,0.807984486,2.472266367
YNL315C,0.128299368,0.797158618,-0.247479601,0.583893803,3.647989047
YNL316C,0.260918787,0.50975468,0.709416777,0.0251012,3.847369855
YNL317W,0.187098739,0.672148367,-0.269419178,0.521884594,2.900481472
YNL318C,0.11802825,0.938445095,1.037170297,0.225002752,-1.561163623
YNL319W,-0.188519573,0.835728488,0.230922826,0.799129385,1.762283761
YNL320W,-0.021166018,1,0.108566705,0.879696489,6.883816673
YNL321W,0.017143821,1,0.426327777,0.523577936,7.82358371
YNL322C,1.11241535,0.001985848,1.078020785,0.002631772,6.781756147
YNL323W,0.479170013,0.176094071,0.480454702,0.166844112,4.570103398
YNL324W,0.039233871,1,0.257160195,0.915951575,-2.414783142
YNL325C,0.398536932,0.343934436,-0.224750997,0.659480925,2.581677446
YNL326C,0.745208434,0.024980483,0.335927383,0.389718929,3.93156022
YNL327W,0.731055661,0.07620219,1.017722886,0.006652338,8.652846397
YNL328C,0.450704527,0.504976117,-0.107513193,0.933742382,0.552357907
YNL329C,-0.315198073,0.434396419,0.346300843,0.382485874,5.090342955
YNL330C,-0.011853845,1,-0.142838754,0.777715899,4.544231586
YNL331C,-0.178835144,0.732557636,0.509612663,0.209280161,2.880598793
YNL332W,1.056248364,0.015832792,0.930863827,0.033184249,4.705587329
YNL333W,0.090951778,0.890993266,0.429610721,0.302764293,3.83747061
YNL334C,0.446644986,0.40969968,0.26870599,0.67431807,1.866539091
YNL335W,0.036596683,0.993781291,0.581743812,0.212536701,1.345058271
YNL336W,0.048639971,0.968278174,0.001425719,1,6.994479231
YNL337W,-0.311265855,1,0.50076293,0.909704858,-4.09174293
YNL338W,-1.363842238,0.129077832,-0.804741871,0.467130972,-2.620473076
YNL339C,0,1,0,1,-4.776081025
YNL339W-A,0,1,0,1,-4.776081025
YNL339W-B,0,1,0,1,-4.776081025
YNR001C,0.435578913,0.320026846,1.041537579,0.004098279,7.083587974
YNR001W-A,-0.547415199,0.617582913,-1.737540833,0.071743518,-2.459869153
YNR002C,-0.469476045,0.303097152,0.351583386,0.478765839,3.830161072
YNR003C,-0.415754471,0.342942114,-1.376213402,8.73E-05,4.184320062
YNR003W-A,0,1,0,1,-4.776081025
YNR004W,-0.949671978,0.006921294,-0.744602511,0.039485597,3.168894825
YNR005C,0.091476128,0.981899136,-0.624496415,0.540559467,-1.039743185
YNR006W,0.090787952,0.883777389,0.018050159,1,2.857200015
YNR007C,0.027941295,1,-0.437530881,0.363879237,2.310386018
YNR008W,0.526984975,0.108499161,0.338183272,0.343984248,4.481256357
YNR009W,0.496226191,0.217017946,0.305530288,0.503647994,2.635520551
YNR010W,0.004120045,1,0.180236022,0.779984204,2.026020623
YNR011C,0.359713801,0.382589399,-0.343040522,0.41802491,2.827102525
YNR012W,0.350672711,0.448732609,0.529318117,0.211606299,3.987057112
YNR013C,0.872989823,0.034316008,1.051418593,0.006813525,7.967624818
YNR014W,0.302919257,0.577767342,0.515319295,0.290065215,4.764125018
YNR015W,0.573991051,0.101169024,0.21747809,0.627273846,4.087028657
YNR016C,-0.318869572,0.533167127,0.555337451,0.219273122,10.6808854
YNR017W,0.13754314,0.795532739,0.102072558,0.878168061,6.39800959
YNR018W,0.007808933,1,0.037768251,0.990102852,4.985014938
YNR019W,-0.68405807,0.050228652,-0.081659488,0.905501562,5.203653601
YNR020C,1.392342546,0.002819599,0.845929254,0.096380915,1.900791905
YNR021W,0.234911741,0.615496237,-0.025198753,1,7.468156014
YNR022C,0.165834938,0.731678029,-0.421211903,0.297609503,3.557820728
YNR023W,0.468406042,0.346581856,-0.057960434,0.983523552,2.234798931
YNR024W,0.365657024,0.436592969,-0.010293397,1,2.9200869
YNR025C,0.32879294,0.626808767,0.422616629,0.529927965,0.659061406
YNR026C,0.151991716,0.725639588,-0.436368931,0.203908067,3.379488853
YNR027W,0.543246147,0.121199757,0.182909673,0.690411641,3.932437478
YNR028W,0.4664403,0.237458838,0.158146914,0.762344498,4.389762574
YNR029C,0.438842457,0.374107556,-0.257321015,0.670463259,3.052920375
YNR030W,0.352946579,0.433346456,0.871744396,0.01814746,7.965182431
YNR031C,0.327433031,0.381511841,-0.038544133,0.982819762,3.256601136
YNR032C-A,0.001549131,1,-0.306573891,0.551624323,2.728581479
YNR032W,-0.149335148,0.743797695,0.194623704,0.669540741,4.815949557
YNR033W,-0.213699852,0.654903169,0.126933271,0.830293306,5.009019722
YNR034W,0.75658347,0.011604893,1.009774533,0.000361423,3.892526788
YNR034W-A,-0.219310949,0.756778662,-1.042994335,0.04073182,1.434907413
YNR035C,-0.349975827,0.357160001,-0.526993469,0.125971199,5.821906777
YNR036C,-0.92293119,0.093545989,-0.630266399,0.28032626,7.026794735
YNR037C,0.296244242,0.431160103,0.090050025,0.877837287,3.913427115
YNR038W,0.680102055,0.146385612,0.707155035,0.118354864,4.08650406
YNR039C,0.561139785,0.123870878,0.905562424,0.005099433,4.880471527
YNR040W,0.051968763,0.969523961,-0.042449148,0.991881047,2.781598391
YNR041C,-0.826939691,0.132097075,-0.470062304,0.446046654,6.708982193
YNR042W,-0.942001636,0.065545451,-0.792228943,0.122246685,4.840329473
YNR043W,-0.257376782,0.549206385,0.392780254,0.317650351,7.196917732
YNR044W,-0.16878164,0.721629089,0.285011576,0.503338574,5.126829973
YNR045W,-1.765230432,4.30E-08,-1.602088265,1.02E-06,3.402197537
YNR046W,0.380995343,0.391783543,0.630907253,0.109294834,4.353465638
YNR047W,0.631828965,0.056754168,0.628434593,0.050614438,3.387216826
YNR048W,0.678587971,0.04541212,0.799444839,0.012263784,3.46304835
YNR049C,-0.298716039,0.517221704,-0.462278274,0.275517058,3.165830146
YNR050C,-1.6170016,9.03E-05,-1.250943307,0.003351645,6.599687538
YNR051C,0.275494076,0.516853126,0.163832951,0.743930739,5.027200739
YNR052C,-0.090318891,0.875170353,0.223642699,0.628196716,5.118611644
YNR053C,0.923324611,0.023164084,0.029600832,1,4.54990834
YNR054C,0.113516852,0.888322378,-0.79058902,0.103663315,3.070004061
YNR055C,0.541972631,0.152244328,0.849802968,0.011556545,7.684260333
YNR056C,-4.901337359,1.04E-05,-3.734145844,0.000663212,7.687124371
YNR057C,-2.320613218,0.000853081,-2.25097886,0.001152285,4.954944637
YNR058W,-3.391523151,0.000237515,-1.943599738,0.040559622,6.441365381
YNR059W,-0.476963531,0.176264927,0.442992887,0.209932591,3.89524911
YNR060W,-0.307151253,0.409436468,-0.121150563,0.809341032,3.276138339
YNR061C,0.052214636,0.956032877,-0.103000398,0.871864461,6.948537276
YNR062C,-0.868989167,0.154376101,-0.368495856,0.62900286,1.527508526
YNR063W,-0.508775675,0.446429666,0.076283893,0.977188294,1.610038495
YNR064C,-1.266578604,0.009437852,-0.751119296,0.154931536,1.929228619
YNR065C,-0.161768102,0.736350032,0.936843153,0.004521851,4.564651474
YNR066C,0.41709351,0.643163616,0.833357498,0.277342494,1.663653942
YNR067C,0.317171137,0.47781115,0.74355929,0.042529058,8.319572067
YNR068C,-0.65793517,0.145628319,-0.049674726,0.987022535,2.119926137
YNR069C,-0.090594294,0.93350208,0.247200612,0.722520134,1.773225619
YNR070W,-0.277828971,0.542797933,-0.337206907,0.447150933,2.590584648
YNR071C,-2.004206711,2.45E-09,-0.799322929,0.033184249,3.066091704
YNR072W,-0.67752134,0.181439448,-0.650045578,0.203908067,0.959865334
YNR073C,-0.682796929,0.055442832,0.112825616,0.851082038,3.412150636
YNR074C,-0.463684138,0.189150123,-0.120461254,0.817152604,4.914484838
YNR075C-A,-0.803101046,0.12707827,0.080390197,0.952705291,0.905171662
YNR075W,-0.167413569,0.772406295,-0.184954403,0.753277807,3.80849114
YNR076W,-0.87814977,0.155719718,-0.283502634,0.734166954,1.990097752
YNR077C,1.489826986,0.441321927,0.046091587,1,-3.735205872
YOL001W,-0.142438583,0.750294217,0.334515446,0.367647653,4.497152006
YOL002C,0.115595292,0.821680458,0.289719075,0.489048108,6.152399018
YOL003C,-0.082524233,0.883924113,0.042998272,0.974739381,5.543926344
YOL004W,0.609051927,0.086150799,0.723725171,0.028464458,5.195855183
YOL005C,-0.37960704,0.329546934,-0.229222534,0.616014371,4.512990942
YOL006C,0.585473898,0.250284447,-0.455183065,0.40486835,3.265260112
YOL007C,0.145107363,0.753563508,0.340674177,0.376588978,4.434775637
YOL008W,-0.05934534,0.932997379,0.37917292,0.287356721,4.147077636
YOL009C,0.178830295,0.721629089,-0.057503183,0.966803505,2.944727543
YOL010W,0.478474646,0.189659646,-0.017143764,1,4.250300374
YOL011W,0.555176997,0.197937067,0.660350584,0.105036257,6.861263806
YOL012C,-0.024799064,1,0.173792954,0.727117362,5.175968464
YOL013C,-0.123833401,0.794901669,0.196478373,0.660314031,4.916001767
YOL013W-A,-0.138662187,0.859012612,0.85871236,0.081364201,1.808985851
YOL013W-B,-1.459285309,0.033756233,-1.742057857,0.014881967,-1.727736003
YOL014W,-0.005140853,1,-0.205035799,0.756229941,2.703440748
YOL015W,-0.6657522,0.163424611,-0.885439258,0.046661407,0.688800263
YOL016C,-0.695110662,0.021522121,-0.629768747,0.036078794,3.588768177
YOL017W,-0.218884962,0.630402224,-0.76504746,0.027996138,2.892999083
YOL018C,0.197868549,0.756586859,-0.568591065,0.274350667,2.669680919
YOL019W,0.489969185,0.222344111,0.629004376,0.092545489,4.949455305
YOL019W-A,-2.050395083,0.104762572,-1.589062187,0.220294991,-3.514280289
YOL020W,0.840519177,0.016463287,0.898260781,0.007878501,7.68014966
YOL021C,0.573470168,0.158955924,0.62280687,0.109707076,4.852926551
YOL022C,-0.194304351,0.717361314,-0.75849286,0.050656083,4.523438706
YOL023W,0.959803621,0.087923846,0.16416637,0.861347183,1.749942864
YOL024W,-0.162850197,0.84523258,0.766029919,0.143307407,0.207307575
YOL025W,0.530980813,0.112524633,0.742173371,0.014589915,3.840452927
YOL026C,-0.574163008,0.124038089,-0.373001181,0.3597561,4.289815466
YOL027C,0.62402691,0.084749708,0.097020723,0.877851662,4.741355218
YOL028C,0.778840889,0.148319151,-0.034804464,1,1.701412254
YOL029C,0.572928495,0.311970315,0.001497475,1,1.782752691
YOL030W,0.258119353,0.655770896,0.435658069,0.397555562,10.08480631
YOL031C,-0.776243782,0.012527605,-0.806156013,0.007761523,4.619299208
YOL032W,0.289198357,0.545554786,0.232032787,0.663006417,2.669373185
YOL033W,-0.497703206,0.153916733,-0.782242892,0.012464332,3.203157171
YOL034W,0.293943325,0.556664401,-0.26058549,0.637750646,2.304765233
YOL035C,0.019469259,1,0.625794234,0.334271911,0.224489485
YOL036W,0.180034563,0.699514553,0.440363167,0.245128709,4.630282787
YOL037C,0.112850245,0.966583716,0.429099669,0.710096325,0.649137136
YOL038C-A,0.422650647,0.499645224,0.916901132,0.075104373,0.133552866
YOL038W,0.220783721,0.721629089,-0.17972659,0.797998715,5.064052594
YOL039W,0.268565057,0.586067391,0.456988703,0.301332517,11.10154154
YOL040C,0.252474703,0.618841431,0.387710619,0.404782707,10.43127559
YOL041C,0.501517424,0.436592969,-0.478769158,0.473564066,4.565123512
YOL042W,0.395970645,0.315719321,1.157965198,0.000285638,3.977008417
YOL043C,0.856391599,0.095887832,0.488773491,0.393212371,2.080719412
YOL044W,0.057449955,0.936900736,-0.07034774,0.92169117,3.110591251
YOL045W,0.541521133,0.098721062,0.36260003,0.303683428,3.649471965
YOL046C,0.61469564,0.583992959,1.484802146,0.095817266,-1.072146034
YOL047C,0.489601346,0.384864725,0.29985301,0.656054141,2.514412123
YOL048C,0.314791228,0.468755465,0.354007762,0.405894712,5.231100317
YOL049W,-0.132033688,0.789382283,-0.514431641,0.15001214,5.380292606
YOL050C,0.850430911,0.208414145,1.260340585,0.04073182,-0.011583593
YOL051W,0.709244503,0.041135016,0.353524816,0.380910013,3.31755164
YOL052C,-0.121730251,0.808924902,0.404554697,0.284785526,6.235975231
YOL052C-A,2.081721013,9.30E-05,2.69108363,3.07E-07,4.634219199
YOL053W,1.012559528,0.054708651,0.236627284,0.746363067,2.453883063
YOL054W,0.632603746,0.136870137,-0.117036675,0.878901936,2.527532539
YOL055C,0.251392053,0.565658724,0.503071838,0.181992989,3.472417787
YOL056W,-0.095789147,0.911976688,-0.869509304,0.04599141,2.843885242
YOL057W,-0.533496658,0.175264515,0.223663295,0.653469929,6.622403759
YOL058W,-0.139913798,0.793590265,0.011330044,1,9.119657591
YOL059W,-0.732092968,0.039203941,-0.5311469,0.151054409,7.696358621
YOL060C,0.412804449,0.420523702,0.763007904,0.08523228,6.848660805
YOL061W,0.03471026,0.986597703,0.373705577,0.353342769,7.75069698
YOL062C,-0.820686383,0.054724986,-0.015039815,1,6.049100364
YOL063C,-0.222820105,0.592012755,0.157831893,0.739426446,4.110052385
YOL064C,-0.994022729,0.005689522,-0.635592258,0.098214027,6.496439295
YOL065C,-0.196782454,0.681557681,-0.745758846,0.036003221,2.721844822
YOL066C,-0.869241076,0.010559997,-0.973477153,0.00307462,3.764390615
YOL067C,-0.137796529,0.794901669,-0.300699586,0.505234428,3.043818694
YOL068C,0.04786169,0.950559614,-0.525917895,0.091034405,4.214144203
YOL069W,0.63705059,0.156037849,-0.4928508,0.312571197,2.35568501
YOL070C,0.802413637,0.107392076,-0.178650978,0.819748881,2.97381612
YOL071W,0.109497318,0.852307681,-0.075864153,0.923599699,3.134323006
YOL072W,0.14090007,0.766471415,0.293746144,0.467816592,2.913284795
YOL073C,0.077202699,0.920009589,0.431679313,0.319326862,6.431271857
YOL075C,-0.82876414,0.021639221,-0.341435842,0.428127593,4.744105053
YOL076W,0.613075841,0.126173174,0.097259989,0.891395094,3.265081889
YOL077C,0.690378463,0.221884961,-0.199748057,0.804843,5.679343525
YOL077W-A,1.365615928,5.70E-05,1.283688925,0.000190078,4.37629338
YOL078W,0.676661096,0.192473787,-0.439426779,0.449284106,2.20862096
YOL079W,0.550373877,0.573039644,-0.571216769,0.572891767,0.658901297
YOL080C,0.115991518,0.88900943,-0.756850002,0.135560516,2.748177003
YOL081W,0.399924127,0.325015978,1.102132876,0.000861908,6.835246989
YOL082W,0.04920082,0.965216806,0.361822791,0.389718929,4.198994009
YOL083C-A,0,1,0,1,-4.776081025
YOL083W,-0.838667715,0.014384145,-0.621615171,0.079035274,3.132168646
YOL084W,0.228411314,0.721332921,1.243997657,0.004340398,4.485642933
YOL085C,-1.917190707,0.000980263,-1.253194483,0.039053956,1.942505485
YOL085W-A,-1.072040277,0.104745158,-0.256062983,0.784296985,1.170318448
YOL086C,-0.759860199,0.13979969,-0.290595226,0.659038268,13.00483619
YOL086W-A,0.097896229,0.873257665,0.047658108,0.974850577,3.980068513
YOL087C,0.759280311,0.009819401,0.516977127,0.098491271,3.740514635
YOL088C,-0.085134693,0.90109687,-0.645287422,0.08775489,4.880601289
YOL089C,0.420403719,0.235881718,0.80332017,0.008608475,3.659863647
YOL090W,0.61089248,0.121867095,-0.242357104,0.639003315,3.374295408
YOL091W,0.123825713,0.852307681,0.114178737,0.881374679,2.28877296
YOL092W,0.329870152,0.497117546,0.269329772,0.611789684,8.54679756
YOL093W,-0.004347803,1,-0.546878262,0.132510549,3.307287017
YOL094C,0.138861554,0.796841656,-0.273033683,0.578868382,3.16565533
YOL095C,0.281003223,0.608899561,0.016266819,1,2.142747396
YOL096C,-0.680770293,0.07526073,-0.657418241,0.078534052,2.872272099
YOL097C,-0.319456375,0.49563444,-0.806588296,0.03359206,5.792901211
YOL097W-A,-0.208953469,0.782937504,-0.126894736,0.919411934,0.249823437
YOL098C,0.249542029,0.583852641,0.73398152,0.039919979,5.830635462
YOL099C,0.183964394,0.794804147,0.490014182,0.380910013,1.036095964
YOL100W,0.502355944,0.320278011,0.013956841,1,2.683345465
YOL101C,0.307567882,0.445169371,-0.232338554,0.61561712,3.618154254
YOL102C,0.317964972,0.46099622,0.067615733,0.935868683,3.131753474
YOL103W,0.61781833,0.077588947,0.333624926,0.396714619,4.947121399
YOL103W-A,0.073516985,1,1.453852564,0.034697415,-1.060834432
YOL103W-B,0.004458632,1,-0.315913672,0.503647994,6.005171787
YOL104C,-0.279532917,0.672103834,-0.310458742,0.645827531,3.342891943
YOL105C,0.182970856,0.718768039,0.543852119,0.164189471,5.815632927
YOL106W,-0.530531331,0.393357233,0.315898534,0.670169266,2.314098339
YOL107W,-0.565682314,0.171858854,-0.059829408,0.957075436,5.86842717
YOL108C,0.268712381,0.54135159,0.126746566,0.827888264,2.67319667
YOL109W,1.159522549,0.025835186,0.116703004,0.91404191,7.396531159
YOL110W,-1.103863839,0.033121882,-0.775430479,0.151833347,5.507330912
YOL111C,-0.643400886,0.040964252,-0.5395905,0.089005998,4.523467891
YOL112W,0.09323256,0.861291894,-0.356286202,0.343694564,3.779750707
YOL113W,-0.23471116,0.608819543,-0.806132554,0.021932087,2.82469745
YOL114C,-0.217358476,0.759786082,-0.80167552,0.141440945,1.110306689
YOL115W,-0.044155392,0.97502609,-1.272507197,0.000179039,2.629974719
YOL116W,-0.33712334,0.484788884,-0.441089225,0.337192381,2.196183483
YOL117W,0.035000643,1,-0.45589544,0.409797933,1.727015621
YOL118C,-1.374058663,0.00017025,-0.758140885,0.057808016,5.560566407
YOL119C,0.136735202,0.828404561,0.318511672,0.537983037,7.49998428
YOL120C,0.446952593,0.322942877,0.469106273,0.293177245,11.04297774
YOL121C,0.724051342,0.112188751,0.112582883,0.889466505,8.062521018
YOL122C,1.452013078,1.50E-06,1.687697663,1.53E-08,6.178151185
YOL123W,0.308558613,0.580986168,-0.812399571,0.071793564,5.753078177
YOL124C,0.167072828,0.800332931,-0.471987016,0.372451087,3.676909417
YOL125W,-0.199004798,0.644019759,-0.634225994,0.055383933,4.171305438
YOL126C,1.915569401,7.50E-11,1.725979291,6.90E-09,5.170417503
YOL127W,0.669184128,0.203901351,0.089817591,0.93688789,9.718897148
YOL128C,0.155302384,0.719015384,0.508821268,0.116375881,4.219900362
YOL129W,-0.056292264,0.961039427,0.092784293,0.90869179,8.36936789
YOL130W,0.196139857,0.67540726,0.246735649,0.592006597,5.168921879
YOL131W,-2.578325007,8.83E-06,-1.726112287,0.004146543,-0.739839045
YOL132W,-2.096523422,1.12E-10,-1.064471979,0.002372096,3.941031268
YOL133W,-0.752580447,0.01448446,-0.53333848,0.098518515,3.680645664
YOL134C,-0.586249051,0.150510336,-0.663921133,0.087608673,2.664819642
YOL135C,-0.534336203,0.183660697,-0.684313868,0.068421841,2.422734558
YOL136C,0.228213648,0.666448522,1.092144837,0.003724125,6.787826568
YOL137W,0.583380891,0.09470613,0.592051323,0.077638006,5.171617011
YOL138C,-0.221195028,0.615120957,-0.704270167,0.03976186,3.353587646
YOL139C,0.021667473,1,-0.453660303,0.314758536,7.40667044
YOL140W,0.492492677,0.206965806,0.09154439,0.893677025,4.829370049
YOL141W,0.417669765,0.592256882,-0.262853246,0.779185616,1.692182527
YOL142W,0.209026777,0.664958018,0.164570551,0.756229941,4.606304377
YOL143C,-0.554166856,0.162757469,-0.538079249,0.168636738,5.89596548
YOL144W,0.102298395,0.856019837,0.101937515,0.870049058,3.248484456
YOL145C,0.373321955,0.311848659,0.014202512,1,3.793446485
YOL146W,-0.197351688,0.733972591,-0.569181123,0.217077756,2.772349696
YOL147C,-1.024979491,0.049868479,-0.34764405,0.605686428,7.060330902
YOL148C,0.421897967,0.427526369,-0.206964172,0.758557391,2.599140078
YOL149W,0.483387642,0.319464039,-0.206943184,0.740543388,3.34742365
YOL150C,-0.803454418,0.401382003,0.21133859,0.900427242,-0.755666358
YOL151W,-0.903298195,0.064428643,0.582436354,0.266068639,6.638783133
YOL152W,-1.256566624,0.001985848,0.101087181,0.911730893,2.806228433
YOL153C,-1.294852681,0.001314959,0.024963242,1,3.986172557
YOL154W,-7.617141489,1.49E-07,-2.706810237,0.04260623,11.45663415
YOL155C,0.373398711,0.586151618,0.954249652,0.087329378,7.905687176
YOL155W-A,-0.849741129,0.124038089,-0.715295798,0.213442506,0.068745601
YOL156W,-0.127377763,0.824233555,-0.339509416,0.467130972,2.746019074
YOL157C,0.067497153,0.946614842,0.469249773,0.296898013,2.476106153
YOL158C,-1.10910891,0.145730168,-1.717976457,0.012630216,7.899309757
YOL159C,-0.221872444,0.582431513,0.314147475,0.400757844,4.184149071
YOL159C-A,-0.227623081,0.681557681,-0.259776668,0.651437075,1.863322662
YOL160W,0.098526748,0.926939671,0.85459795,0.116029691,0.521871346
YOL161C,-1.238867748,0.821583287,-0.861195436,1,-4.427813755
YOL162W,-1.249860032,0.003061626,-0.453551795,0.379706658,2.442607108
YOL163W,-1.173930545,0.001065,-0.822321671,0.029331246,2.984824918
YOL164W,-0.385686479,0.262773343,-0.29790165,0.414214137,4.552078262
YOL164W-A,0.266394687,0.729447073,0.167872175,0.871864461,-0.094924318
YOL165C,0.797048183,0.148358834,0.705885904,0.220093587,-0.297017622
YOL166C,2.676492566,0.721629089,3.413977089,0.509585756,-4.418360802
YOL166W-A,1.891912844,1,3.434111218,0.506926535,-4.47887373
YOR001W,0.121622874,0.788988024,-0.275736167,0.467371617,4.301401772
YOR002W,-0.079074397,0.923594942,0.23168783,0.677539536,8.299554178
YOR003W,-0.505736484,0.137841536,0.075194228,0.908048234,3.774131922
YOR004W,0.395753773,0.535653551,-0.651199854,0.259332365,4.078170302
YOR005C,-1.387709644,2.85E-05,-0.817841277,0.022114055,4.620314487
YOR006C,-0.28687497,0.430276529,-0.780319298,0.007711426,3.851734382
YOR007C,-0.290924837,0.511281049,-0.687411733,0.059153572,7.454767212
YOR008C,1.029546938,0.00109647,1.090176969,0.000500278,5.526272632
YOR008C-A,-0.955650442,0.141514883,-0.892480428,0.170467649,-1.124435656
YOR008W-B,-0.261221839,0.854483625,-0.64418727,0.502462285,-1.376123874
YOR009W,-0.960735621,0.010738793,-0.988662405,0.007319993,2.703633123
YOR010C,0.231963641,0.586151618,0.66896421,0.044580598,3.157348227
YOR011W,-0.579141359,0.194857061,-0.314271205,0.544732772,6.920814333
YOR011W-A,-0.38251256,0.69523739,-0.517883049,0.578489605,-0.894821984
YOR012W,-0.040586811,0.985175139,0.170831259,0.763186096,4.071206278
YOR013W,0.134408673,0.789331081,0.120069182,0.830105856,4.661883633
YOR014W,0.518036473,0.224381321,0.758502781,0.048840726,5.730901281
YOR015W,0.42366693,0.368378211,0.920175435,0.020080218,3.4211838
YOR016C,0.497382718,0.181439448,0.53136618,0.13958046,6.497560372
YOR017W,0.255690282,0.628499671,-0.485482326,0.297609503,2.296817941
YOR018W,-0.182375403,0.732147692,0.226199483,0.670169266,3.35200186
YOR019W,-1.608218939,1.49E-05,-1.214573624,0.001579388,4.585593725
YOR020C,0.27262823,0.539728671,0.436843503,0.276738595,7.494281275
YOR020W-A,-0.540379917,0.206640664,-0.17185038,0.767143889,3.179579837
YOR021C,0.278070747,0.628434774,-0.47033802,0.367530147,4.737187594
YOR022C,-0.743205085,0.055785751,-0.691670705,0.072251249,2.607648028
YOR023C,0.5872605,0.100633589,1.359930069,6.51E-06,3.77820703
YOR024W,0.578673876,0.704972131,0.647506983,0.67597646,-3.047010756
YOR025W,0.256098605,0.537359571,-0.219496733,0.635236843,3.060571734
YOR026W,-1.00286265,0.00030262,-1.005509778,0.000328178,3.689119335
YOR027W,-0.010428424,1,-0.432722642,0.279305665,6.169959635
YOR028C,1.012209712,0.01480457,0.294511778,0.601142217,1.823393641
YOR029W,1.688261154,0.023164084,0.378562013,0.810211973,-1.490160443
YOR030W,0.330535031,0.453016702,0.351189494,0.426084317,3.38392829
YOR031W,-0.633455314,0.315719321,0.099206982,0.94448517,1.023884248
YOR032C,-1.538426128,0.000304923,-1.450032157,0.000766912,2.909130089
YOR032W-A,-2.982454473,2.57E-06,-2.196312689,0.000600669,0.173231708
YOR033C,-0.239164213,0.608991802,0.142691169,0.80328005,3.81144335
YOR034C,-0.242761548,0.596585194,-0.061841414,0.947946689,5.991151796
YOR034C-A,-0.452507521,0.467497644,0.312288943,0.678836098,1.036605536
YOR035C,-0.469773536,0.393405341,-0.309291847,0.625798073,3.655489048
YOR036W,-0.560956426,0.096149293,-0.663648859,0.036003221,3.535332848
YOR037W,0.044453814,0.981899136,-0.250695192,0.672127917,2.168236139
YOR038C,0.43786438,0.197577716,-0.089897528,0.877016423,3.284973061
YOR039W,-0.181031796,0.685644694,-0.134402897,0.794593959,5.104595991
YOR040W,-1.020649772,0.003920095,-1.113956891,0.001367751,3.050646276
YOR041C,-1.398835664,0.000467214,-1.931115279,7.25E-07,2.353533036
YOR042W,-1.155557105,0.000523522,-1.544569979,1.48E-06,4.747689962
YOR043W,0.055527672,0.946522448,0.268034562,0.528867665,4.578782632
YOR044W,0.698340072,0.036414647,0.757483585,0.018526591,2.866175617
YOR045W,0.321459068,0.426513016,0.315929569,0.441190204,5.560063506
YOR046C,0.151303933,0.820831328,-0.675362091,0.146233532,4.984650623
YOR047C,0.808958765,0.086254383,0.341628235,0.551624323,2.549776569
YOR048C,0.130095742,0.769487674,-0.313582489,0.389132857,4.516955501
YOR049C,-1.32787034,0.009780537,0.464610865,0.467499353,2.693581389
YOR050C,-0.512119743,0.50975468,-0.272485302,0.784105201,0.248668895
YOR051C,0.334043197,0.492795398,-0.590926606,0.167965737,4.893349822
YOR052C,0.234270117,0.585331388,-0.049607127,0.970175725,3.883790958
YOR053W,-0.566761655,0.578024449,0.313699776,0.801248585,-1.122252093
YOR054C,0.924002826,0.023527463,0.556026647,0.215042615,2.314211781
YOR055W,1.519516167,0.056310713,0.785415422,0.42087717,-0.963475876
YOR056C,-0.185451005,0.67418328,-1.033677923,0.000771274,3.910363651
YOR057W,-0.39634615,0.251189351,-0.801433896,0.006613036,4.34881374
YOR058C,0.554174041,0.139111766,0.167204168,0.742852164,2.86633937
YOR059C,-0.356062178,0.415228009,-0.622287118,0.106792992,2.948911509
YOR060C,-0.072851022,0.964102916,-0.458114831,0.499411371,0.771586909
YOR061W,0.040340444,0.981899136,-0.530972332,0.1970279,4.607658043
YOR062C,0.141119898,0.813839602,0.613662578,0.141315091,2.632954149
YOR063W,-0.030811201,0.998184794,0.013233211,1,11.53955326
YOR064C,-1.353220088,0.000173507,-1.444428255,6.35E-05,3.898467041
YOR065W,1.220024517,0.006209536,1.256256558,0.004092619,6.12066815
YOR066W,0.896358915,0.019048796,0.782012175,0.040856706,2.887656871
YOR067C,0.527358046,0.154058365,0.525495516,0.146233532,7.211444663
YOR068C,0,1,2.909618028,0.734166954,-4.618428669
YOR069W,0.183929789,0.665842575,-0.472858225,0.171670637,3.029071058
YOR070C,0.374039958,0.338517656,0.765606396,0.020692852,3.76789842
YOR071C,0.752834005,0.091844194,0.894829042,0.031525732,5.513809732
YOR072W,-0.482217768,0.552852308,-0.37129643,0.680421441,0.9449795
YOR072W-A,-1.100438233,0.086254383,-0.517278269,0.493590611,1.096067333
YOR072W-B,0,1,0,1,-4.776081025
YOR073W,0.562619897,0.271977161,-0.773022429,0.11060154,2.391809595
YOR073W-A,0.429995947,0.695295107,-1.198936172,0.218584782,-1.735481838
YOR074C,-0.144163215,0.8093802,-0.48076327,0.281886833,2.597190735
YOR075W,0.63941312,0.28199624,-0.242702524,0.761498861,2.666737647
YOR076C,0.976806214,0.017943049,0.185296576,0.761353915,3.128200561
YOR077W,1.159695052,0.117882013,0.360452931,0.724740379,0.03193473
YOR078W,1.128459039,0.006342839,0.439037972,0.381527916,3.427292634
YOR079C,0.083969713,0.884381102,0.155390517,0.745867804,6.146005019
YOR080W,-0.489896977,0.173785592,-0.331063706,0.395691111,3.879934772
YOR081C,0.67453603,0.058294057,0.798795582,0.016965187,5.661858703
YOR082C,0.239532785,0.84093853,0.594238044,0.631985032,-2.337969826
YOR083W,0.09025461,0.932314176,-0.109095536,0.911817264,2.04137077
YOR084W,-0.099862875,0.89567879,0.160193274,0.815037762,4.232840361
YOR085W,0.699087518,0.060466121,0.683941371,0.058219696,7.92178418
YOR086C,-0.245728726,0.601044542,-0.263914532,0.582845601,6.212290803
YOR087W,0.372883191,0.335222727,0.566039593,0.103918843,5.470961793
YOR089C,-0.052225866,0.954664672,-0.527116082,0.148504918,3.659895814
YOR090C,-0.80577721,0.016412966,-0.728512933,0.029162063,4.682129155
YOR091W,-0.493557548,0.18760802,-0.927658248,0.004410362,4.370201562
YOR092W,0.272977483,0.530464617,0.59628883,0.100473823,6.718108495
YOR093C,0.815525046,0.027615438,0.85355059,0.017288606,3.212827779
YOR094W,-0.203602883,0.605457055,-0.121119661,0.804426247,3.701571445
YOR095C,0.041632133,0.991344067,-0.491114944,0.351586025,5.317316661
YOR096W,0.628757325,0.210692752,0.334881612,0.568965678,9.540867927
YOR097C,0.069122216,0.919310714,-0.131229872,0.812071091,3.036891535
YOR098C,-0.0964383,0.912071448,0.135462151,0.866545883,5.978633112
YOR099W,-0.43300232,0.445169371,-0.34175303,0.581904882,9.524077125
YOR100C,-0.220628295,0.681557681,0.222780699,0.695580553,3.632017715
YOR101W,-0.025895454,1,-0.596696823,0.073132432,4.335652047
YOR102W,-0.164415584,0.787336056,-0.076022584,0.940955827,4.343047804
YOR103C,-0.05448989,0.948937289,0.119978596,0.82766651,5.742931802
YOR104W,0.216450926,0.621520629,-0.248490156,0.5736993,3.071861281
YOR105W,0.950228429,0.138396664,-0.122744051,0.974850577,-1.006285464
YOR106W,0.162404121,0.79795988,-0.686592731,0.140559807,2.125969561
YOR107W,-1.54829779,4.89E-08,-1.16825818,8.15E-05,3.629195354
YOR108C-A,0,1,0,1,-4.776081025
YOR108W,-0.194482934,0.697343525,0.168025932,0.753574024,7.406207972
YOR109W,-0.072380475,0.915196653,0.201880507,0.677539536,4.804346839
YOR110W,-0.214670685,0.591041335,-0.802282168,0.008379592,2.993237741
YOR111W,-0.059759267,0.939955905,-0.499638622,0.173044436,2.852566278
YOR112W,-0.365636331,0.372668605,-0.295706077,0.501485689,4.095982751
YOR113W,0.524469291,0.279894032,0.252727669,0.67597646,2.390397854
YOR114W,-0.159041128,0.833457204,-0.318725878,0.624385656,1.727678424
YOR115C,-0.079110438,0.906327357,-0.78919471,0.021724751,4.625129315
YOR116C,0.288434833,0.514524385,0.696334039,0.054729491,6.733296257
YOR117W,-0.699473128,0.056601572,-0.448697397,0.256539629,5.921225864
YOR118W,0.018750955,1,-0.070647885,0.91385994,4.148715163
YOR119C,0.286476587,0.509147313,-0.543317836,0.152138128,3.500203309
YOR120W,0.124574705,0.82563205,0.228130718,0.652316329,3.019402638
YOR121C,0.057731829,1,2.27192633,0.002081,2.682716144
YOR122C,-0.170383331,0.730849318,0.101546431,0.878168061,9.05198214
YOR123C,-1.048538754,0.001705608,-1.672842441,1.17E-07,3.742329621
YOR124C,-0.31242572,0.397629103,-0.493679136,0.137713746,4.264833258
YOR125C,-0.024761226,1,-0.194464659,0.684856927,3.542298676
YOR126C,-0.106234373,0.835967449,-0.067864597,0.926512756,4.095986887
YOR127W,0.554810465,0.128951424,0.408887634,0.289368671,3.699728761
YOR128C,-0.857744532,0.01528104,0.674105292,0.060957646,5.791465319
YOR129C,0.132685794,0.777779533,0.524325821,0.122657795,3.432240132
YOR130C,-0.183008622,0.67706509,-0.456613922,0.200686615,4.785253979
YOR131C,-0.392091065,0.296480451,-0.680497119,0.038458595,3.906963584
YOR132W,-0.431058531,0.2180724,-0.628600819,0.047199705,3.668685901
YOR133W,-0.66665442,0.175264515,-0.467518113,0.376057099,12.30963091
YOR134W,-1.920620501,4.55E-09,-1.368509303,6.29E-05,3.257156582
YOR135C,-0.328029949,0.54135159,0.267089656,0.653884199,5.585262778
YOR136W,-0.211903917,0.678075881,0.388844768,0.382394648,7.841477604
YOR137C,0.370433966,0.381138838,1.113050405,0.000955363,4.109306031
YOR138C,-0.205607842,0.677488856,-0.346682966,0.434506406,4.106181257
YOR139C,-0.147549541,0.91067979,-0.553313729,0.542157896,-0.512759911
YOR140W,0.029111861,1,0.365037908,0.537292595,3.897241129
YOR141C,0.600151571,0.12222659,0.088219363,0.904679244,3.101441863
YOR142W,-0.329741682,0.5107941,0.213665336,0.715769493,8.733937122
YOR142W-A,0.123247327,0.947663828,1.375539004,0.033268648,-0.497803276
YOR142W-B,0.227487379,0.630714625,0.008851092,1,5.846533208
YOR143C,0.218116564,0.674570721,-0.195187829,0.734166954,3.3184218
YOR144C,0.231744007,0.681557681,-0.48853251,0.31286276,2.398618929
YOR145C,0.095715936,0.884855359,-0.430612219,0.323554341,5.334638608
YOR146W,0.301464436,0.616947659,-0.490528875,0.378389176,2.069414312
YOR147W,0.765701535,0.039066206,0.919572608,0.008602704,3.522247235
YOR148C,-0.116469696,0.819618443,-0.404708934,0.281886833,3.207274537
YOR149C,-0.153814306,0.766471415,0.208929217,0.678836098,6.135890975
YOR150W,0.288225305,0.465241414,0.397522243,0.281713798,4.489685511
YOR151C,0.675559559,0.066368681,0.299911959,0.495635679,5.464898908
YOR152C,0.484339038,0.252609826,0.874810143,0.017571821,4.713309525
YOR153W,0.382897409,0.444132384,0.549323719,0.234612858,8.412772504
YOR154W,0.518792213,0.233260074,-0.195803922,0.734166954,3.664011475
YOR155C,-0.692802531,0.060163265,-0.534364414,0.157774055,5.094865291
YOR156C,-0.381637486,0.430276529,-0.040393606,0.994014614,2.801776891
YOR157C,-0.253939151,0.571287307,-0.417666287,0.301853058,5.547718347
YOR158W,0.083693035,0.88071757,-0.289121204,0.45620209,3.679301297
YOR159C,0.07486658,0.891895877,-0.113305792,0.822420296,3.258894502
YOR160W,0.834134501,0.039980902,1.297029818,0.000479225,4.822179806
YOR161C,0.658195223,0.314391293,0.380038354,0.621478993,7.198470272
YOR161C-C,-0.67845183,0.310433041,-0.078762271,0.974850577,-0.307409444
YOR161W-A,0,1,0,1,-4.776081025
YOR161W-B,0,1,0,1,-4.776081025
YOR162C,-0.184708938,0.670392634,0.201191418,0.659480925,3.519375613
YOR163W,-0.533032304,0.143684758,-0.638126359,0.061738968,4.491429302
YOR164C,-0.797546736,0.029148883,-0.550933548,0.152128263,6.29264583
YOR165W,0.155410738,0.728864053,-0.198708751,0.660314031,4.753779686
YOR166C,0.505888367,0.344902953,0.072010099,0.957075436,2.951679749
YOR167C,0.831643904,0.093545989,0.870627459,0.065942491,8.977593579
YOR168W,0.532388027,0.235329056,-0.141425855,0.830515822,5.921633927
YOR169C,-0.044780588,0.99790354,-0.054263023,0.997279174,2.025335467
YOR170W,0.528814951,0.450194649,0.44384852,0.563472512,0.835618264
YOR171C,0.64690378,0.098206305,0.115037285,0.858908903,4.015737597
YOR172W,0.369862347,0.369308602,0.165879859,0.750089128,2.930213
YOR173W,-0.653533728,0.323780679,-0.685350543,0.296283453,2.71374735
YOR174W,-0.00841082,1,-0.692530118,0.062358645,3.60733209
YOR175C,-0.305247467,0.482673153,-0.084872277,0.906887968,6.976495614
YOR176W,-0.477288763,0.368347149,-0.082821618,0.940955827,6.747955516
YOR177C,-1.19811851,0.012373791,-1.049388207,0.029385041,1.354657158
YOR178C,0.091708865,0.894798033,0.527069203,0.217776227,3.05281281
YOR179C,0.096833558,0.921261104,-0.41412271,0.497386141,2.261098069
YOR180C,-0.132585187,0.851278872,-0.126616033,0.876940846,2.085742317
YOR181W,0.001964034,1,0.119439701,0.828656698,3.682814952
YOR182C,0.682105365,0.197694465,0.144215529,0.867946801,7.593392878
YOR183W,-0.191489747,0.891947001,0.533041013,0.486584148,-1.082106183
YOR184W,-1.068239142,0.001567327,-0.431387737,0.285390331,7.400374448
YOR185C,-0.012851489,1,0.391304469,0.455180215,5.550282177
YOR186C-A,0,1,0,1,-4.776081025
YOR186W,-1.623885307,0.001216802,-0.789407934,0.161622933,1.90713412
YOR187W,0.200121501,0.712546538,0.558092743,0.192340373,8.564802582
YOR188W,0.509985084,0.225675003,-0.128592693,0.850727811,2.528542257
YOR189W,0.111797685,0.862473392,-0.234244684,0.67631981,3.305643724
YOR190W,-2.352350625,9.24E-13,-1.689162854,4.74E-07,3.618816027
YOR191W,0.232353469,0.683590554,-0.438837181,0.375881739,3.273148622
YOR192C,0.417372247,0.288558117,0.171211168,0.736472218,3.144714241
YOR192C-A,-2.936650468,0.021636181,0.210750788,0.943948,1.523337051
YOR192C-B,-0.369707812,0.492795398,-1.500546584,0.00028428,3.800463065
YOR192C-C,-0.596140845,0.247608848,-0.041696344,1,1.316807203
YOR193W,-0.225468047,0.674570721,-0.748248568,0.066444887,2.657082487
YOR194C,0.582206269,0.107392076,0.223188844,0.630219897,3.262441512
YOR195W,0.841248299,0.196543872,-0.295385451,0.734166954,2.147542251
YOR196C,0.725690055,0.033800845,0.175680981,0.72031097,4.047168242
YOR197W,-0.395358753,0.3403271,0.069291069,0.935598864,5.689493852
YOR198C,0.140254542,0.821680458,-0.716829277,0.089218644,5.709640052
YOR199W,0.702386426,0.237458838,-0.229711155,0.798662383,0.170200685
YOR200W,0.007498446,1,-0.233192263,0.805655464,0.675179872
YOR201C,0.57777337,0.079364271,0.017136984,1,4.125947327
YOR202W,-0.892455647,0.026805967,-0.1513943,0.813166202,6.371673109
YOR203W,-0.024452319,1,0.330231015,0.541487575,2.623235259
YOR204W,0.759677527,0.145730168,0.596293963,0.27076535,8.823054169
YOR205C,0.609620889,0.167694638,0.263732691,0.6350757,2.760285268
YOR206W,0.701758084,0.202743967,-0.232354752,0.751290516,4.532427786
YOR207C,0.353067252,0.433160853,0.233298314,0.655733963,5.143149729
YOR208W,1.175905112,0.02021775,1.839299275,9.04E-05,3.57476594
YOR209C,-0.266951379,0.54880504,-0.084449072,0.908519613,5.46006715
YOR210W,0.481044285,0.308639636,-0.201758394,0.736472218,4.94861435
YOR211C,0.404256361,0.30411577,0.098302143,0.87630885,3.280188227
YOR212W,0.27223554,0.53053336,-0.653210661,0.066444887,5.220463678
YOR213C,0.168864821,0.681360134,0.519890222,0.096592808,3.859514556
YOR214C,-1.119182172,0.095203266,0.335438848,0.701472497,-0.965211185
YOR215C,0.363018552,0.441321927,0.0780883,0.931278799,4.074404728
YOR216C,0.049251662,0.977176116,-0.694172452,0.125568762,2.852163994
YOR217W,0.336192588,0.469610589,-0.273952688,0.585308396,3.964990895
YOR218C,-0.16871555,0.835728488,0.029771271,1,1.123804391
YOR219C,0.225013043,0.588698085,0.142126267,0.772136803,4.491502731
YOR220W,-0.455171134,0.224040825,-0.071199154,0.925191201,3.670091891
YOR221C,0.545494766,0.12707827,1.173100888,0.000124091,4.679038821
YOR222W,-0.865990566,0.00646612,-0.827058329,0.008782852,5.383108612
YOR223W,-0.069312578,0.936900736,0.127278372,0.858908903,3.008052161
YOR224C,0.513983792,0.320767462,0.390966941,0.485805126,6.494211834
YOR225W,0.21925108,0.732147692,0.249105009,0.708336776,2.179661887
YOR226C,0.442283301,0.256851093,0.318988416,0.449284106,4.941435682
YOR227W,-0.015325646,1,0.626535364,0.15157576,6.794736211
YOR228C,-0.237840816,0.683590554,0.164374328,0.81409328,4.721916525
YOR229W,-0.434876035,0.218938532,-0.545115114,0.101802206,3.41141195
YOR230W,-1.377150463,0.003672908,-0.781672709,0.131696354,8.711716228
YOR231C-A,0,1,0,1,-4.776081025
YOR231W,0.551289845,0.140236135,0.814588002,0.015747975,4.096965795
YOR232W,0.26568617,0.657435106,-0.427521125,0.431878758,5.231103581
YOR233W,0.483000112,0.209366513,0.034683108,0.99401991,3.315268605
YOR234C,0.727640867,0.116535235,0.768655507,0.083151887,7.348670693
YOR235W,-1.784875672,0.196882191,-1.788184389,0.196170518,-1.946880977
YOR236W,-0.413932273,0.295293729,-0.848515095,0.011751058,3.9990487
YOR237W,-1.605001431,0.006863181,-1.518977616,0.010711904,1.159797666
YOR238W,-0.201323685,0.702582073,-0.489183425,0.252000481,3.492154467
YOR239W,-0.526224502,0.18760802,-1.08336366,0.001579057,4.800577628
YOR241W,0.29989203,0.409677773,-0.01130792,1,3.947192361
YOR242C,0.378211019,0.543019029,0.123034489,0.897548233,0.718902844
YOR243C,0.322508351,0.460985706,-0.742040164,0.041390001,4.335622318
YOR244W,0.658677563,0.158955924,-0.016811173,1,2.950389379
YOR245C,0.428206434,0.273094507,0.735283285,0.031637872,4.525391943
YOR246C,-0.35398176,0.410801882,-0.123788931,0.836972603,6.544306123
YOR247W,0.259048334,0.618841431,0.462514348,0.314548538,10.2318694
YOR248W,1.947922213,0.014405638,0.569759987,0.579346152,4.297168956
YOR249C,0.404925735,0.348189601,0.134696924,0.824335197,2.778400985
YOR250C,-0.145448228,0.731683364,-0.150664936,0.734961513,3.738504906
YOR251C,-0.810533515,0.033492185,-0.58920144,0.137713746,5.815300479
YOR252W,0.524546919,0.307799906,-0.314516895,0.60515014,3.744176852
YOR253W,0.396063139,0.416028581,0.121428813,0.869925633,4.198268863
YOR254C,0.435443238,0.265541654,0.37410397,0.354262377,6.061292406
YOR255W,-1.687142807,0.155547505,-1.189213549,0.376588978,-3.29680413
YOR256C,0.642527512,0.05114029,0.602803148,0.062215721,4.255602894
YOR257W,0.062308754,0.952436194,-0.080596648,0.936732415,2.788759455
YOR258W,-0.318683929,0.558615322,-0.511268767,0.301853058,2.134191442
YOR259C,-0.06528807,0.926939671,-0.514822899,0.1510326,5.329898806
YOR260W,0.463066739,0.31092499,0.890340287,0.022977264,6.31935111
YOR261C,0.026314323,1,-1.021165815,0.014280825,5.863270292
YOR262W,-0.075220517,0.893916465,-0.595626918,0.057048413,4.102976899
YOR263C,0.525540795,0.511010943,-0.573338622,0.504278912,0.6919138
YOR264W,0.304014291,0.530005892,-0.799969905,0.042768966,3.369360772
YOR265W,-0.001917479,1,-0.186869619,0.711651399,4.038332561
YOR266W,0.393237854,0.345364359,0.131505811,0.82225232,2.867636138
YOR267C,0.818068105,0.006193151,1.050568511,0.000238422,4.30527568
YOR268C,-2.517491638,0.000715108,-1.903888693,0.009683169,-1.996587759
YOR269W,0.148295518,0.728729438,0.357602903,0.31207546,3.91260861
YOR270C,0.38232264,0.356431677,0.672853721,0.062771021,9.661692504
YOR271C,0.556502556,0.132050943,0.564880353,0.115523733,6.327089585
YOR272W,0.02542142,1,-0.316820777,0.496874116,4.639288611
YOR273C,0.569707281,0.313165449,1.624963081,0.00045239,5.966191501
YOR274W,-0.253499325,0.510174775,-0.25233152,0.525488077,3.972981226
YOR275C,0.185939771,0.661405941,-0.209145644,0.626434812,3.726962807
YOR276W,-0.062412314,0.942939734,-0.509799751,0.205494454,6.307624157
YOR277C,-0.33415313,0.640085505,0.45694446,0.502462285,1.333442096
YOR278W,-0.338846759,0.368456659,-0.911561215,0.003088042,3.214531655
YOR279C,0.418483676,0.485338861,0.090741545,0.941467623,1.563440776
YOR280C,-0.044801908,0.961039427,-0.246556892,0.527999064,3.792390334
YOR281C,0.35529436,0.435878101,-0.039051931,0.998534341,3.515222723
YOR282W,0.154895574,0.996869536,-2.01064414,0.329081105,-0.889292033
YOR283W,0.225170708,0.608767507,-0.236655757,0.611068892,4.003356919
YOR284W,-0.634210116,0.071535518,-0.885350095,0.005929098,3.076508135
YOR285W,-0.592467703,0.191058814,-0.152202284,0.820388196,7.718870389
YOR286W,0.178090036,0.685644694,0.325701284,0.396019602,5.683567004
YOR287C,0.217600323,0.747133263,-0.487685486,0.400139459,2.263758711
YOR288C,-1.165703721,0.000992824,-1.199686132,0.000664911,4.861590291
YOR289W,-0.004394373,1,0.128704641,0.857906429,3.49872959
YOR290C,0.175568419,0.718038186,-0.04654831,0.973007845,4.085946112
YOR291W,0.64354155,0.098673175,0.878937718,0.013310847,5.838520814
YOR292C,-0.221364627,0.631290211,-0.014541055,1,5.554351176
YOR293C-A,1.102874989,0.0770914,0.75962003,0.281781394,-1.123847694
YOR293W,0.653996607,0.225344042,0.347113999,0.585479788,8.922406897
YOR294W,0.23629319,0.721629089,-0.45649183,0.42794869,4.186265986
YOR295W,-0.583173259,0.067600401,-0.733495955,0.013779218,3.09550131
YOR296W,0.214868542,0.687735,-0.224259127,0.695963726,2.818168466
YOR297C,0.650435479,0.073382019,0.71472311,0.037982017,5.490329098
YOR298C-A,0.009749773,1,-0.474336313,0.284785526,7.597144286
YOR298W,-0.408104039,0.399946622,-0.199000094,0.740444583,2.70897272
YOR299W,-0.733912742,0.042501466,-0.603211302,0.099442169,4.639091235
YOR300W,-1.367056787,0.04557641,-0.868933771,0.245147764,-1.154281203
YOR301W,-0.330044849,0.480808749,-0.427764108,0.3349986,4.713206232
YOR302W,0.931637867,0.006863181,0.7015831,0.049234266,3.611026476
YOR303W,0.366529989,0.408135414,0.610246051,0.118620412,8.075046078
YOR304C-A,0.100842146,0.912309126,-0.29599381,0.661816573,2.271682558
YOR304W,0.665837806,0.142192537,0.043043771,0.990833634,2.706497007
YOR305W,0.021541545,1,-0.78311516,0.030380975,3.177261097
YOR306C,-0.369729763,0.397117611,0.315628852,0.495848301,5.194190901
YOR307C,0.48772742,0.18129286,0.26220346,0.535022658,5.018718153
YOR308C,0.043826128,1,-0.403116005,0.564649002,1.823059525
YOR309C,0.307337713,0.65013324,-0.02162695,1,2.1632908
YOR310C,0.489526976,0.306351261,-0.052802596,0.978023533,6.285682149
YOR311C,0.041886749,0.974965121,0.351957963,0.387474539,7.121534789
YOR312C,0.667415742,0.197171424,0.199317993,0.779185616,9.074389383
YOR313C,-1.073365604,0.132473505,-0.826545179,0.287925469,-0.911783775
YOR314W,-0.764746934,0.4131857,-1.384969131,0.137713746,-2.02382686
YOR314W-A,-0.89891822,0.436592969,-1.175802138,0.398102526,-2.917124374
YOR315W,-0.448985771,0.450059962,-0.777658141,0.139230832,3.388984243
YOR316C,0.237223767,0.666448522,0.250003603,0.66147476,6.91955684
YOR316C-A,0.091747279,0.93876944,0.217845281,0.845886246,-0.700971474
YOR317W,-0.382844683,0.376194468,0.067138035,0.94181029,6.729332761
YOR318C,-1.169175715,0.012095082,-1.168316794,0.011002399,1.361691465
YOR319W,-0.276410261,0.467497644,-0.364138435,0.31286276,3.464920777
YOR320C,-0.167262971,0.722354409,-0.357915858,0.375169704,5.297113645
YOR321W,-0.506617767,0.271273335,-0.549580265,0.219338903,6.69478908
YOR322C,0.249697795,0.554267866,0.469624463,0.201191893,5.091184349
YOR323C,-0.486935294,0.173519316,-0.8946828,0.003969104,6.050571527
YOR324C,0.218418696,0.642318866,0.409210233,0.314851999,3.672197941
YOR325W,0.708588838,0.454527194,0.413263564,0.724602647,0.315837343
YOR326W,-0.182284643,0.691449658,-0.577629365,0.099311534,5.746002107
YOR327C,0.460447233,0.325015978,-0.043684179,0.993408572,4.272476119
YOR328W,0.199726918,0.707641129,-0.031832712,1,5.020687237
YOR329C,0.012205624,1,-0.052725161,0.952705291,3.310543764
YOR329W-A,0.635856939,0.56828871,1.044401589,0.281886833,-2.501850575
YOR330C,0.291934328,0.497117546,0.072165728,0.928147881,3.864668263
YOR331C,-0.530133344,0.162974847,-0.845794744,0.012132719,6.033364183
YOR332W,-0.87502704,0.02014246,-0.905985544,0.012786561,6.880882038
YOR333C,0.979411773,0.409308169,-0.076041721,1,-1.197832016
YOR334W,0.809285979,0.124251296,0.369194072,0.562576957,2.087017892
YOR335C,-0.118995192,0.826310088,0.175837028,0.731488944,7.740537341
YOR335W-A,0,1,0,1,-4.776081025
YOR336W,-0.46132046,0.397297952,-0.089970164,0.934245155,5.825788625
YOR337W,0.445374796,0.219432199,0.506721204,0.145160537,4.183542866
YOR338W,-0.269088001,0.699514553,-0.66422505,0.24666803,2.46329937
YOR339C,-2.07047052,1.13E-09,-1.416036872,6.57E-05,2.930726195
YOR340C,0.387254125,0.49563444,-0.615118923,0.233369759,4.305188115
YOR341W,0.420513582,0.326896827,0.503007065,0.219825833,6.222837837
YOR342C,0.496498917,0.218660867,-0.027403971,1,3.801614681
YOR343C,-0.064138667,0.998788462,0.160032538,0.908048234,-0.463634116
YOR343W-A,-0.620858322,0.45797811,0.186518922,0.900167174,-0.279611326
YOR343W-B,-0.259947277,0.506207978,-0.714550424,0.022547771,4.109615513
YOR344C,-0.54117589,0.285764665,-0.951037947,0.033268648,2.356927589
YOR345C,-3.326744797,0.000229684,-3.00804444,0.001095789,-0.146596179
YOR346W,-1.867224389,6.88E-05,-1.645011193,0.000573061,5.280607226
YOR347C,-0.546599971,0.368347149,-0.144573451,0.881374679,4.96842392
YOR348C,0.005122763,1,0.574276269,0.131696354,2.954775146
YOR349W,-0.031511236,0.989883195,0.334580276,0.382906019,5.060699376
YOR350C,0.504612222,0.126085274,0.649706547,0.033074029,3.416518078
YOR351C,-0.724216657,0.08377801,-0.461889695,0.309318339,2.545792089
YOR352W,0.089989735,0.913291844,0.01154562,1,2.285924036
YOR353C,0.947160762,0.040129428,0.327261015,0.578486087,2.793935255
YOR354C,0.424840231,0.295510878,0.537165123,0.158273095,3.983728382
YOR355W,1.357796786,0.006055433,1.452022005,0.002618104,6.391572697
YOR356W,0.047594762,0.981899136,-0.094899142,0.91404191,4.460096426
YOR357C,0.988876716,0.012653405,0.322328903,0.525252192,3.812841031
YOR358W,-0.297244576,0.552080054,-0.622422984,0.146307023,2.190950161
YOR359W,1.060961927,0.007591337,1.203441705,0.001768646,5.027921813
YOR360C,0.663069755,0.13635413,1.074361106,0.006613036,6.774717527
YOR361C,0.57660072,0.150891423,0.58887919,0.130698122,6.968027374
YOR362C,-0.359239883,0.349886662,-0.525617451,0.133808702,5.96514569
YOR363C,0.37979359,0.331290825,0.777737415,0.019014877,4.044582477
YOR364W,0.462470982,0.721629089,-1.229353676,0.235713647,-1.830174127
YOR365C,-0.264648526,0.634444026,-0.541834733,0.254601834,2.222417703
YOR366W,-1.477226396,0.146060513,-1.555143174,0.116762561,-2.648721394
YOR367W,-0.192371033,0.650103487,-0.715381105,0.022868485,4.278012096
YOR368W,0.123335252,0.805830582,-0.14082552,0.788076038,3.757845223
YOR369C,0.618275375,0.186836556,0.334675521,0.535312225,10.51978168
YOR370C,0.265162806,0.543481332,0.480868297,0.209273989,5.664791352
YOR371C,-0.893688845,0.028808429,-0.860601046,0.031776147,3.690123128
YOR372C,1.160966036,0.004417495,0.708207065,0.11060154,2.874144301
YOR373W,-1.38532753,0.00545145,-1.474243209,0.002504654,4.318677381
YOR374W,-0.259446515,0.743595661,-0.382087089,0.617818738,7.822006753
YOR375C,0.338608805,0.591410004,1.600307052,0.000620179,9.626491432
YOR376W,-2.034539689,0.000483634,0.851932976,0.152729543,-0.68353491
YOR376W-A,-1.045211689,0.089523719,-0.474396851,0.514645489,-0.61316774
YOR377W,-0.445451411,0.234646337,0.208938091,0.651448886,3.81448189
YOR378W,0.336281204,0.544035421,0.441697853,0.402187926,2.647030464
YOR379C,0.13205894,0.954207995,0.632813878,0.39706278,-1.139296376
YOR380W,-0.053839632,0.951045128,0.397715675,0.312792242,4.275244736
YOR381W,-0.464298384,0.391393233,-0.610313864,0.22998382,4.169328866
YOR381W-A,-2.011268965,0.006988367,-0.895682309,0.290065215,-1.173837402
YOR382W,-2.469783239,0.007595148,-3.32326252,0.000265745,9.577201614
YOR383C,-1.715901698,0.12440143,-2.897252356,0.004837905,6.708380476
YOR384W,0.686168661,0.160818404,0.654778249,0.17612519,5.021214303
YOR385W,0.294186861,0.575434438,0.221224105,0.711378798,2.205658564
YOR386W,-0.361677147,0.585762929,-0.543990644,0.394342029,0.164483364
YOR387C,-1.220795844,0.128951424,-0.863625574,0.31477414,0.628209306
YOR388C,-0.339527476,0.587955378,0.462829959,0.430647398,0.453177188
YOR389W,1.290833404,7.56E-06,1.362644038,2.09E-06,4.230978162
YOR390W,0.960062748,0.001885776,0.733446464,0.022160801,5.281250619
YOR391C,0.41943824,0.442804062,0.821790238,0.073917125,0.670360106
YOR392W,0.689275901,0.272934166,1.165740804,0.032802481,-0.810662453
YOR393W,-0.125172713,0.891947001,0.445381527,0.464768184,0.607178637
YOR394C-A,-1.018065399,0.151918251,0.480151648,0.565096877,-0.42674505
YOR394W,-0.245231357,0.955850178,1.081930556,0.332593088,-2.39128006
YOR396C-A,-2.627905971,0.721629089,-2.454651396,0.734166954,-4.628312383
YOR396W,-0.346688309,0.443616986,-0.269848799,0.586665811,5.583293933
YPL001W,0.408330281,0.381511841,0.20684477,0.719635964,3.268740557
YPL002C,0.245053125,0.54135159,0.238257889,0.567935294,4.065640012
YPL003W,-1.035027306,0.007489449,-0.604696009,0.152142645,4.918674046
YPL004C,-0.174041906,0.790168613,0.122753787,0.882869949,7.758817554
YPL005W,0.604456068,0.241728609,0.549938505,0.29859433,2.041334073
YPL006W,0.598383413,0.209853277,0.767047961,0.083297365,7.242524877
YPL007C,0.267992721,0.571599602,-0.25889591,0.615516316,2.843291349
YPL008W,0.273375673,0.519204885,-0.152801496,0.773948056,3.109750489
YPL009C,-0.080561964,0.890433201,-0.928504676,0.002831204,4.572968634
YPL010W,-0.324980789,0.461959913,-0.270532153,0.568806249,6.798892706
YPL011C,0.8985522,0.013626326,0.102824161,0.879769013,3.558963334
YPL012W,0.733356073,0.136597278,1.296270341,0.002788714,5.76634158
YPL013C,0.461427337,0.218660867,-0.070496063,0.928823726,3.79903206
YPL014W,0.51742054,0.157653681,0.821452776,0.011589154,3.701294929
YPL015C,-0.336728353,0.541570083,-0.043577708,0.995569852,8.082651033
YPL016W,0.19341834,0.642318866,0.05182528,0.955232105,3.088182558
YPL017C,-1.454011361,0.014560004,-0.944292893,0.133283773,5.879489741
YPL018W,-0.68465689,0.292302942,0.00057688,1,4.944015083
YPL019C,-2.428579407,2.67E-13,-2.768782673,6.84E-17,6.091091003
YPL020C,0.79637583,0.086198333,-0.006412973,1,2.852135671
YPL021W,-0.488200717,0.706127406,-1.045376339,0.36947405,-2.784733014
YPL022W,0.313836126,0.379023728,-0.240835043,0.539553713,3.681752891
YPL023C,-0.453364668,0.307799906,0.071014447,0.941661991,5.262710947
YPL024W,-0.018779543,1,-0.371833494,0.315848908,4.153172861
YPL025C,-1.071248457,0.165058526,-0.523033849,0.560349434,-0.212039246
YPL026C,0.625984644,0.091247936,0.649090733,0.066972118,3.741472822
YPL027W,-0.27386847,0.774335384,-0.048922014,1,-0.862930785
YPL028W,-1.343465586,0.002024009,-1.021810609,0.022921148,10.10353327
YPL029W,-0.092550982,0.88900943,-0.541044481,0.18521628,2.797530504
YPL030W,0.257488649,0.52823803,-0.070670466,0.926485128,3.570520655
YPL031C,-1.184667355,0.002315451,-0.852548301,0.036046279,5.923545825
YPL032C,0.070576623,0.926939671,0.071647021,0.934064109,5.226508004
YPL033C,0.951889775,0.070271217,0.726330162,0.188915874,1.093525368
YPL034W,0.004329423,1,-0.436177578,0.380910013,1.91006452
YPL035C,-0.130791596,0.861291894,-0.770909554,0.099807043,1.361930768
YPL036W,0.526089034,0.226231091,0.596176074,0.152375423,5.592331882
YPL037C,0.309962792,0.502729994,-0.050044424,0.974739381,7.875649659
YPL038W,-0.016160552,1,-0.582234401,0.177569546,2.839350066
YPL038W-A,-0.713606591,0.325041713,-1.034498862,0.144732319,-1.368692358
YPL039W,0.308865985,0.522953124,0.08167227,0.924624456,2.446813738
YPL040C,-0.284431661,0.600171372,-0.610834944,0.18678616,2.711491862
YPL041C,-0.300564692,0.54770062,-0.075796902,0.936426626,4.895196559
YPL042C,0.166788578,0.721629089,0.111139333,0.850223489,3.005896248
YPL043W,0.839473726,0.051818221,-0.036355989,1,3.32996255
YPL044C,1.621483467,0.007123511,-0.148528031,0.936232916,-0.009595212
YPL045W,-0.171683406,0.675826885,-0.891533835,0.002117955,3.335268002
YPL046C,0.186043266,0.721629089,-0.501677661,0.236743157,2.248055238
YPL047W,-0.42630295,0.233801702,0.088757742,0.885116193,4.137207829
YPL048W,-0.53997479,0.354591071,-0.566928349,0.32641766,8.83186288
YPL049C,0.043336731,0.981899136,0.108787619,0.880897347,4.054783442
YPL050C,0.815520404,0.071115041,0.48637469,0.324648736,5.278822548
YPL051W,0.250216114,0.675722697,-0.404561389,0.46790355,2.891670681
YPL052W,0.10146894,0.844642942,0.167738484,0.720369396,4.162622687
YPL053C,0.654268239,0.091473601,0.591447354,0.121898466,5.312035507
YPL054W,0.124372963,0.822149532,0.466480874,0.246088082,2.862706656
YPL055C,-0.75084663,0.154090591,-0.400445922,0.507477232,2.700103856
YPL056C,-0.12277479,0.886993554,0.607410646,0.287190837,1.624443614
YPL057C,0.609301088,0.145793507,1.159564972,0.001403226,5.699468
YPL058C,-1.064087305,0.117709517,1.253445412,0.048933115,8.055549068
YPL059W,-0.582326995,0.119108671,-0.008216813,1,5.683737337
YPL060C-A,0.454475328,0.472440735,-0.081524561,0.968317911,0.244310181
YPL060W,0.396657784,0.425318522,-0.457652737,0.357384805,1.742596602
YPL061W,-1.160315113,0.00060553,-1.062396651,0.001820436,7.972722388
YPL062W,-1.654690073,0.06616299,-3.337841803,0.000861908,-2.344069392
YPL063W,-0.082366846,0.873766691,-0.533980016,0.089312943,4.681324701
YPL064C,0.373649697,0.467497644,-0.042252233,0.999508214,3.378993351
YPL065W,-0.274869561,0.575198065,-0.491455859,0.258215813,2.928254627
YPL066W,-0.162534147,0.72840411,0.611699539,0.075536792,3.894660492
YPL067C,-0.142417536,0.779683894,0.450802296,0.245128709,4.230626797
YPL068C,0.159821048,0.784977773,0.54129297,0.219392193,1.972835274
YPL069C,0.492179413,0.202656213,0.623881016,0.083151887,3.228149801
YPL070W,0.622741926,0.139210427,0.339639226,0.486828419,2.508748115
YPL071C,-0.216942837,0.661141882,-0.245389181,0.628807442,3.32191143
YPL072W,0.684927836,0.219190817,-0.294025195,0.692100098,1.560152173
YPL073C,-0.092763878,1,-1.713586259,0.063916128,-1.858573998
YPL074W,0.271290578,0.531447987,-0.561711367,0.126548072,3.496050882
YPL075W,-0.070232654,0.914310255,-0.202233827,0.66193618,3.873613108
YPL076W,-0.054084786,0.950027481,0.088900603,0.896003516,4.678296844
YPL077C,-0.362109779,0.516127104,-0.80264987,0.08775489,1.541783534
YPL078C,0.879236791,0.009746334,0.421016182,0.283935817,6.259001744
YPL079W,0.330093908,0.533098673,-0.170876791,0.797737125,8.98045214
YPL080C,0.078571018,0.951010656,0.202247918,0.797425545,0.197954459
YPL081W,0.339892439,0.471236768,0.092378458,0.907796147,6.751266672
YPL082C,0.621801203,0.107392076,0.362630896,0.39706278,3.499491309
YPL083C,-0.132657494,0.785145884,-0.539651898,0.123676998,3.249719357
YPL084W,-0.354109173,0.368347149,-0.455061154,0.220294991,4.571956564
YPL085W,-0.110285148,0.823046305,0.222529459,0.614163849,3.731752402
YPL086C,-0.01206886,1,-0.693934242,0.076051544,4.140619779
YPL087W,-0.248011427,0.657929437,0.169094792,0.797737125,6.798106548
YPL088W,-0.236793659,0.599466209,-0.090313162,0.898867704,3.054892927
YPL089C,0.533437378,0.14377321,0.518750478,0.150989429,2.925244672
YPL090C,0.488879487,0.382223302,-0.329171906,0.606071162,9.380020645
YPL091W,-0.919719983,0.015019191,-0.75190553,0.048933115,5.896001676
YPL092W,-1.924652628,0.00041135,-1.029939015,0.081508084,8.042577962
YPL093W,0.252253522,0.562838273,-0.552481196,0.130281916,6.044740247
YPL094C,0.130180803,0.804955115,0.01906038,1,6.393426334
YPL095C,-1.688208556,3.02E-05,0.794805311,0.077344515,5.80967737
YPL096C-A,-0.263496671,0.589268762,0.186934605,0.736472218,5.458994045
YPL096W,0.099208964,0.852307681,-0.324169513,0.41802491,3.041163137
YPL097W,0.604155587,0.136652983,0.140189751,0.82049531,2.542469816
YPL098C,-0.155775714,0.74953867,0.217446564,0.651089954,6.124770892
YPL099C,0.045967572,0.961414127,-0.135861289,0.797447707,3.349748743
YPL100W,0.317040156,0.450059962,-0.285825175,0.526571385,2.829299319
YPL101W,-0.212834514,0.608559017,-0.483764926,0.162039091,4.316690019
YPL102C,-0.642417196,0.367453919,-0.601679405,0.429783526,-1.118054163
YPL103C,-0.208105206,0.639181274,0.002042511,1,3.609734497
YPL104W,0.193622167,0.637905165,-0.493151843,0.140619673,2.999408396
YPL105C,0.4787471,0.194454622,0.474075574,0.1939838,4.898133863
YPL106C,0.073275965,0.920292275,0.124675332,0.834050747,8.59980951
YPL107W,0.369806622,0.459573377,0.026843388,1,2.364084642
YPL108W,-0.580406622,0.135873118,-0.902494338,0.010180788,2.707158132
YPL109C,-0.131510123,0.804457793,0.423697462,0.297181287,3.54845885
YPL110C,-0.417109993,0.234073259,-0.644221747,0.040856706,3.523600661
YPL111W,-1.650729693,0.002508713,0.311031344,0.697363086,7.047598786
YPL112C,-0.201421182,0.618008546,-0.601872492,0.056152829,4.344224251
YPL113C,-0.675291957,0.034411311,-0.726454291,0.018564431,3.175402534
YPL114W,-2.200092745,0.409677773,-5.33584079,0.06960465,-3.654519322
YPL115C,0.668245917,0.039066206,0.741887917,0.01652273,4.001795443
YPL116W,0.226060298,0.554472382,-0.037342591,0.98112399,3.630357295
YPL117C,0.074857741,0.921742529,-0.399846344,0.364731809,5.099317701
YPL118W,0.676611398,0.088474608,0.307348501,0.511226688,4.138982758
YPL119C,-0.225635017,0.721629089,-0.415364915,0.457087438,2.388336448
YPL119C-A,-0.250622498,0.781959462,-0.009568749,1,-0.228647409
YPL120W,0.116128919,0.846779502,-0.464152193,0.276646448,2.536246525
YPL121C,-1.553421031,0.002647821,-1.715225875,0.000955363,0.853762276
YPL122C,0.255899822,0.578662849,-0.393949837,0.364234074,3.365458704
YPL123C,0.221009133,0.594458734,0.552037641,0.101102967,3.723639075
YPL124W,0.007408869,1,-0.457748577,0.45620209,0.821615058
YPL125W,0.433820769,0.275869863,0.478088811,0.217124982,4.004110656
YPL126W,0.628902297,0.198373886,0.321911805,0.57946402,4.946845422
YPL127C,-0.090231061,0.86652559,-0.366828346,0.320458138,4.612031511
YPL128C,0.856599931,0.026101524,0.805034377,0.033749269,5.296602563
YPL129W,-0.482569671,0.240400597,-1.060579549,0.002372096,4.460736476
YPL130W,-0.230265321,0.898328364,-0.928093678,0.589186711,-2.779743436
YPL131W,0.253578601,0.619169665,0.408813139,0.379046639,10.86293932
YPL132W,0.654450444,0.117930951,0.471671399,0.287356721,2.66447037
YPL133C,0.243430924,0.615128554,-0.193996172,0.721977259,2.560117476
YPL134C,-0.027858336,1,0.779231389,0.095494211,4.120024332
YPL135C-A,0,1,0,1,-4.776081025
YPL135W,0.114040009,0.846779502,0.726132346,0.047681475,7.752283712
YPL136W,0.863706436,0.197937067,0.33098563,0.721406536,0.94069528
YPL137C,0.543987786,0.190593629,0.444311558,0.302764293,5.178077745
YPL138C,0.083456373,0.88900943,-0.487998055,0.193826615,2.869271899
YPL139C,-0.039086011,0.973404112,0.008160589,1,3.28124275
YPL140C,0.173260718,0.663544219,-0.237352543,0.528579145,3.380043641
YPL141C,0.670479218,0.05143995,0.394665614,0.301945329,2.911395489
YPL142C,0.887241051,0.034520265,0.884956814,0.03031585,5.423975996
YPL143W,0.778081188,0.076691164,1.034777002,0.01028072,9.343332973
YPL144W,-0.014447346,1,-0.117883942,0.817723653,3.822536645
YPL145C,0.01961529,1,0.272871612,0.564699018,7.893412817
YPL146C,0.463826717,0.399968129,-0.41123969,0.482985676,3.800840491
YPL147W,-0.100819407,0.898328364,0.190926137,0.746242529,1.825091053
YPL148C,-0.465989785,0.241728609,-0.220788573,0.658244253,2.969427384
YPL149W,-0.799424981,0.007595148,-0.415795597,0.220093587,4.479133642
YPL150W,0.379442031,0.287270392,0.164475628,0.72031097,3.664165716
YPL151C,0.288918538,0.455276516,0.119254214,0.821349935,3.04521061
YPL152W,-0.419257092,0.277300059,0.168968647,0.734166954,4.70232216
YPL152W-A,2.393985888,0.300367191,2.880310489,0.226015317,-3.921695765
YPL153C,0.60114636,0.311206407,0.089561235,0.947367693,1.675160403
YPL154C,-0.408617472,0.499866054,-0.028151597,1,11.09674942
YPL155C,0.097828661,0.860605638,-0.563633535,0.101802206,2.901215885
YPL156C,-0.990278478,0.001663782,-0.556886028,0.108726298,3.101042631
YPL157W,0.10848601,0.84262578,-0.374900564,0.360014513,3.172366405
YPL158C,-0.879270376,0.019020519,-1.640179539,1.22E-06,4.107835836
YPL159C,0.137227802,0.756586859,0.259761934,0.50654716,3.67838349
YPL160W,0.094037953,0.872890599,-0.162605492,0.746242529,6.564467921
YPL161C,-1.352942191,8.10E-05,-1.08489627,0.002220206,3.753416277
YPL162C,0.264366995,0.563286812,0.481703814,0.22975853,4.44108652
YPL163C,0.855522366,0.023642603,1.046960339,0.003288109,6.472555405
YPL164C,0.010920379,1,-0.58711388,0.185144211,1.895088997
YPL165C,-0.624213874,0.17547674,-0.046151081,0.990106462,2.830860459
YPL166W,-0.198555506,0.812610904,0.028146649,1,0.981701789
YPL167C,0.629743457,0.125853918,0.009344974,1,2.427759579
YPL168W,0.415607328,0.374107556,-0.102959727,0.899093313,2.174117622
YPL169C,0.291715904,0.467497644,0.232732028,0.598175432,4.339402316
YPL170W,-0.020602894,1,0.458945668,0.292448432,3.72926771
YPL171C,0.061435324,0.977118627,0.621955088,0.230239079,1.813827606
YPL172C,0.662766952,0.034316008,0.954955905,0.000912721,3.728927173
YPL173W,0.543460822,0.301551989,0.104902843,0.91385994,2.474211372
YPL174C,0.259908786,0.580986168,-0.100164382,0.893718466,2.678706785
YPL175W,0.079840302,0.883924113,0.486504008,0.142807002,4.065811165
YPL176C,-0.318229182,0.483758097,-0.376234243,0.392569309,5.242825298
YPL177C,-0.134765202,0.821281813,0.642479398,0.115581462,4.076231042
YPL178W,0.048574779,0.965216806,-0.488766218,0.216799955,5.496280836
YPL179W,-0.415453122,0.426132261,0.112988458,0.894404276,8.497982744
YPL180W,-1.316387149,0.000996601,-2.013301084,1.42E-07,3.832345055
YPL181W,0.231409641,0.577636408,-0.316741625,0.426531637,3.166023211
YPL182C,0.859226217,0.12176295,-0.434845371,0.536539526,0.365915345
YPL183C,0.812813388,0.092475024,0.794537722,0.089339177,4.91788184
YPL183W-A,0.367679508,0.330543693,0.812300982,0.01028072,4.493347172
YPL184C,-0.421142836,0.383217548,-0.12700456,0.86257724,7.66388711
YPL185W,-0.020153645,1,0.232316707,0.756229941,1.280697067
YPL186C,-0.072522417,0.936900736,-0.018092667,1,2.184017658
YPL187W,1.250209641,0.087347389,2.614233065,3.12E-05,0.283874045
YPL188W,0.572930166,0.131440235,0.664290421,0.063348498,4.781196607
YPL189C-A,1.780576081,4.32E-09,2.040637063,1.46E-11,3.495555688
YPL189W,0.864571295,0.049418642,0.633823745,0.166550029,1.978538942
YPL190C,-0.443447432,0.457416169,-0.18522144,0.816214149,5.325032534
YPL191C,0.40496023,0.366676795,-0.120438351,0.871864461,2.330551894
YPL192C,0.19919508,0.769487674,0.194997177,0.795122723,1.584655348
YPL193W,0.588786163,0.169446831,-0.564680254,0.193826615,2.78634109
YPL194W,-0.004161075,1,-0.901740201,0.043504052,1.499660403
YPL195W,0.20737425,0.608714602,-0.052206536,0.955326287,4.226216433
YPL196W,-0.008597621,1,-0.349833902,0.338762606,3.153587575
YPL197C,0.206881936,0.693469745,0.673820357,0.091620032,4.320639571
YPL198W,0.471027415,0.285670201,0.525081206,0.218584782,7.080280791
YPL199C,0.350707062,0.470966342,-0.205850965,0.725802394,4.624604449
YPL200W,-0.619942867,0.471752844,-1.031224718,0.192573616,-1.33352823
YPL201C,-1.758388858,0.000229684,-0.841915929,0.110363601,0.903793808
YPL202C,-0.059248278,0.933752073,-0.334022812,0.379046639,3.216098673
YPL203W,-0.04689862,0.97473428,0.814508296,0.034349304,4.476115419
YPL204W,0.73284912,0.085225328,-0.201258319,0.734166954,3.927628734
YPL205C,0.671137723,0.203231297,-0.244747495,0.731895969,1.612136844
YPL206C,-0.653736223,0.123534026,0.060610671,0.961457481,6.852736208
YPL207W,0.63197267,0.098956954,0.303857349,0.500682164,5.511369104
YPL208W,-0.273299573,0.498835732,-0.155267356,0.744466922,4.443805286
YPL209C,0.504617375,0.436880775,-0.642357047,0.329081105,0.7318489
YPL210C,0.518650232,0.29851427,-0.28441267,0.635959951,4.471954139
YPL211W,0.33911296,0.468150416,0.010319045,1,5.433633494
YPL212C,0.279136125,0.566178133,-0.573012235,0.170467649,4.458854167
YPL213W,0.268397299,0.564614724,0.160388512,0.772264095,2.781076249
YPL214C,-0.091280956,0.872760559,0.170866263,0.723598675,4.74004084
YPL215W,0.354059247,0.350868111,0.293658859,0.466786506,3.900972016
YPL216W,-1.702653948,1.91E-05,-0.90124034,0.037581042,4.905070517
YPL217C,0.621465491,0.089476867,0.367405365,0.364205336,3.914671481
YPL218W,-0.598565632,0.134510995,-0.448779504,0.284785526,9.177774087
YPL219W,0.522102984,0.250716264,0.475118389,0.30693752,2.242095278
YPL220W,0.23807475,0.626852697,0.268436194,0.588099194,10.76578315
YPL221W,0.717302167,0.066368681,0.856848618,0.019090603,6.846137131
YPL222C-A,0,1,0,1,-4.776081025
YPL222W,-1.002905362,0.043309588,-0.502391966,0.375925782,4.281937426
YPL223C,-1.155461391,0.029148883,-0.539458906,0.379470017,3.179088067
YPL224C,0.026261522,0.998720042,0.216041259,0.630219897,4.86426128
YPL225W,-0.156869771,0.782937504,-0.603235166,0.144447005,6.174303098
YPL226W,-0.004695116,1,0.249144746,0.619250882,7.441836656
YPL227C,0.311311252,0.597343783,-0.534209845,0.314548538,4.238135899
YPL228W,0.524353293,0.303097152,-0.674079747,0.170522117,2.560165765
YPL229W,0.31761429,0.483749638,0.691262524,0.066502266,4.464962086
YPL230W,-0.049696204,0.974895576,0.095408905,0.915951575,2.789645661
YPL231W,-1.081400096,0.025780614,-0.239249711,0.731488944,10.84394529
YPL232W,-0.52125631,0.139210427,-0.66715926,0.040797781,4.689471991
YPL233W,-0.461141854,0.354079638,-1.074630935,0.010750434,1.607112244
YPL234C,0.43036484,0.320278011,0.252143148,0.620285362,8.512092256
YPL235W,-0.07266502,0.910446421,-0.661503969,0.043912525,4.388497777
YPL236C,0.044597045,0.958653516,0.456094735,0.152142645,3.340306694
YPL237W,-0.080659191,0.910707431,-0.56509977,0.15001214,6.540731378
YPL238C,0.202329332,0.697410908,-0.770555697,0.043806015,5.465280253
YPL239W,0.064527537,0.945519374,-0.265236055,0.621470424,4.181082722
YPL240C,0.388769918,0.331960496,-0.132610732,0.813166202,5.953041971
YPL241C,-0.894620396,0.002302535,-0.904792377,0.001960021,3.804865234
YPL242C,-0.008708169,1,-0.256796335,0.497518165,3.983527667
YPL243W,0.387169363,0.407118799,-0.425528035,0.359560112,4.584926748
YPL244C,-0.662339444,0.089618679,-0.277345461,0.557061396,6.515534288
YPL245W,-0.664844744,0.07098601,-0.16438767,0.746242529,5.455586503
YPL246C,0.306099352,0.575439791,0.459907777,0.363879237,8.486665191
YPL247C,-0.468654044,0.350429396,0.526644435,0.283660365,5.1746172
YPL248C,-0.745761137,0.030409018,-0.212819265,0.651679522,4.148587299
YPL249C,-1.559159093,2.53E-06,-1.803623032,4.10E-08,5.201798248
YPL249C-A,0.175925948,0.747133263,-0.281050432,0.581782662,9.22112721
YPL250C,-0.411919263,0.400346553,0.001303294,1,6.861719849
YPL250W-A,1.148304462,0.187371007,1.23390126,0.144447005,-1.128883299
YPL251W,0.653053587,0.125853918,1.006357515,0.008392146,2.285665349
YPL252C,0.160995019,0.746140106,0.928940025,0.0061021,5.270821731
YPL253C,-0.151905566,0.754779125,-0.213717346,0.655257506,3.392174274
YPL254W,0.645919029,0.063888231,-0.015182049,1,3.226462546
YPL255W,0.255358528,0.692113643,-0.494615646,0.395691111,1.583674345
YPL256C,0.681689463,0.117882013,1.359271436,0.000336087,5.322030549
YPL257W,0.282463514,0.549269315,0.745989776,0.048893711,2.54398916
YPL257W-A,0.126852333,0.968735745,1.426195114,0.057865001,-1.291205412
YPL257W-B,-0.068024129,0.927521698,-0.433024601,0.280355719,5.695105364
YPL258C,0.272886355,0.541570083,0.450416378,0.261881141,2.765496925
YPL259C,0.126424836,0.790303215,-0.15493101,0.74308884,3.726598806
YPL260W,0.430168885,0.349262748,0.115722712,0.871864461,3.376047069
YPL261C,0.267946393,0.794466706,-0.026700008,1,-1.027568387
YPL262W,-0.492324763,0.287270392,-0.083790521,0.926555422,8.003902436
YPL263C,0.108070529,0.856546849,-0.915956625,0.009793227,3.88778227
YPL264C,-0.369377041,0.467299827,-0.04734083,0.986759682,5.913356468
YPL265W,0.12651256,0.845800741,0.880209573,0.028053033,8.80673553
YPL266W,-0.338577308,0.433346456,-1.347198082,5.24E-05,4.695984361
YPL267W,-0.412928162,0.43408893,-0.776297953,0.090280193,2.04898661
YPL268W,0.435629839,0.284842541,-0.055651933,0.967179058,2.91373578
YPL269W,-0.849031487,0.054885732,-1.057685924,0.011002399,2.60078561
YPL270W,-0.020002511,1,0.418972125,0.361085885,6.669000338
YPL271W,1.375379597,0.000144399,1.576052027,1.05E-05,7.194487849
YPL272C,-0.148687454,0.777779533,0.88849657,0.009413576,3.109643832
YPL273W,0.715993402,0.079217215,0.417872227,0.354061826,6.827031645
YPL274W,-0.111395598,0.894798033,-0.042549699,0.999508214,8.513008522
YPL275W,0.157387355,0.861593283,0.732304864,0.230239079,0.942294768
YPL276W,-0.218221661,0.761481342,0.455197391,0.459632877,0.611463651
YPL277C,0.706321698,0.127091318,1.237926719,0.002336314,2.268035215
YPL278C,0.045154651,1,1.086479186,0.045577928,0.725705287
YPL279C,1.139234413,0.000118287,0.91993194,0.002615286,5.176469932
YPL280W,0.068949658,0.983166352,0.508513801,0.431580972,0.726026986
YPL281C,-0.151018507,0.851456046,0.491864571,0.40486835,0.632895018
YPL282C,-0.246061224,0.954664672,1.121629333,0.302764293,-2.374390634
YPL283C,0,1,0,1,-4.776081025
YPL283W-A,0,1,0,1,-4.776081025
YPL283W-B,0,1,0,1,-4.776081025
YPR001W,-1.707252577,6.17E-05,-0.732503623,0.131696354,3.930809935
YPR002C-A,0.094124326,0.944485117,0.30978937,0.67631981,-0.07694983
YPR002W,0.449805538,0.234766796,0.225415992,0.625563368,3.317112867
YPR003C,0.223126431,0.585331388,0.591857921,0.069585085,4.35254091
YPR004C,-0.460602819,0.307799906,0.347266039,0.475024264,7.646076589
YPR005C,0.166988793,0.769269765,0.491856426,0.266633782,2.249745153
YPR006C,-0.823827437,0.007296625,-0.680788391,0.029481746,3.843839874
YPR007C,-0.625037992,0.298981342,-0.411903904,0.549923191,0.781126508
YPR008W,-0.033921702,0.985071117,-0.656704253,0.042372439,4.107247984
YPR009W,-0.42389305,0.258720611,-0.179881062,0.708617253,3.926031565
YPR010C,0.385629907,0.445777678,0.57868631,0.211606299,7.697493343
YPR010C-A,0.600900368,0.089524808,0.706695669,0.032130066,4.280383998
YPR011C,-1.051809321,0.005605684,-0.302790729,0.544744571,4.710333814
YPR012W,-1.599797126,0.001462601,-1.25865245,0.014921338,0.414262402
YPR013C,-0.986192205,0.005797076,-1.093404248,0.001773506,2.720767237
YPR014C,-0.007632361,1,-0.77869205,0.141301433,0.132257812
YPR015C,1.138789806,0.004133051,1.046624153,0.008909626,2.024036322
YPR016C,-0.012458559,1,-0.017023681,1,8.511809143
YPR016W-A,0.307833165,0.54770062,-0.036245285,0.999508214,1.956743714
YPR017C,-0.336000006,0.335528821,-0.184128611,0.663006417,3.513285849
YPR018W,0.507225696,0.309316647,-0.127455609,0.878901936,2.414542359
YPR019W,0.091923603,0.883553467,0.353524336,0.405186559,5.007999537
YPR020W,1.164355517,0.000261944,0.836954369,0.012428798,4.597061513
YPR021C,0.437284807,0.255353297,1.030519574,0.001282755,4.366683781
YPR022C,0.554583324,0.109059822,0.846508454,0.006159856,3.546617458
YPR023C,-0.489997429,0.261238608,-0.599115898,0.145217366,5.169071945
YPR024W,0.522959533,0.165058526,0.693945922,0.044040176,5.782585426
YPR025C,0.014789483,1,-0.82907406,0.093327059,2.506869016
YPR026W,0.471495143,0.254434894,0.833799427,0.020984581,5.11199571
YPR027C,-0.159417739,0.710563703,-0.118212092,0.815838432,3.317456357
YPR028W,-0.422475767,0.395677078,-0.654306887,0.144443113,9.637806412
YPR029C,0.154127003,0.752248633,0.168692156,0.736472218,4.447898081
YPR030W,-1.377401304,5.58E-05,-0.968824569,0.006682667,3.798878077
YPR031W,0.694408216,0.150833626,-0.45018834,0.40482437,2.368883694
YPR032W,0.182231242,0.697932128,-0.002362887,1,2.94906981
YPR033C,0.096491578,0.885984382,0.046428287,0.98112399,7.196280691
YPR034W,-0.91078446,0.014946947,-1.63058262,1.63E-06,4.152737266
YPR035W,-1.209161513,0.000601888,-0.640374962,0.100800592,7.423903996
YPR036W,-0.403712883,0.335222727,-0.742225972,0.040402076,7.150175568
YPR036W-A,0.766828445,0.1637305,1.452093333,0.002484661,8.905952229
YPR037C,0.079134044,0.90958104,-0.050368346,0.970270546,4.333055821
YPR038W,0.029739415,1,-0.022008899,1,1.504110397
YPR039W,-0.177623838,0.898328364,-0.087846588,1,-1.813674673
YPR040W,-0.114122445,0.856019837,-0.166339327,0.773467241,2.506279075
YPR041W,-0.196559899,0.687893085,-0.356663391,0.404171402,6.368449042
YPR042C,1.536815069,2.73E-05,1.425756022,0.000125277,4.534865236
YPR043W,0.66645178,0.219190817,0.681202728,0.2024204,8.706775025
YPR044C,0.78812582,0.0671434,0.647980681,0.137713746,3.084750838
YPR045C,0.456296694,0.416273179,-0.351039497,0.578868382,2.719849801
YPR046W,0.519378322,0.385574499,0.228447439,0.762020887,2.304335341
YPR047W,-0.92460611,0.0127413,-0.911419161,0.012786561,2.587106215
YPR048W,0.260767471,0.608579844,-0.369231805,0.446161912,3.986544552
YPR049C,0.06507165,0.929309767,-0.342704141,0.380910013,3.525565866
YPR050C,0.682761262,0.261691853,0.107260291,0.928823726,2.507011473
YPR051W,0.623355584,0.207510563,0.147138548,0.845268269,2.627121905
YPR052C,0.291279743,0.540758056,0.420682686,0.340455303,7.724275469
YPR053C,1.909485942,0.000193189,1.457144625,0.005693522,5.950167871
YPR054W,-0.007462852,1,0.498407404,0.293061912,5.753586422
YPR055W,0.808527058,0.06116185,0.185272492,0.764640329,2.605576083
YPR056W,-0.209833893,0.626288419,-0.707626272,0.031556549,3.263774178
YPR057W,-0.239357329,0.544035421,-0.466583701,0.17182334,3.355468438
YPR058W,-0.546786999,0.146060513,-0.170868175,0.734166954,6.456834913
YPR059C,-0.647120077,0.153676749,-0.044234705,0.993408572,2.619298782
YPR060C,0.022084974,1,-0.328465864,0.556411001,3.900324052
YPR061C,-0.119298961,0.850611576,-0.462583739,0.297498182,2.386143695
YPR062W,0.208496339,0.635846726,0.002154781,1,5.479043956
YPR063C,-0.141421977,0.788988024,-0.018117885,1,7.450764854
YPR064W,-1.289760206,0.014405638,-0.905618467,0.102117198,1.020994944
YPR065W,1.697955144,1.63E-05,1.367618589,0.000784503,2.508268825
YPR066W,-0.249284478,0.534922372,0.173025076,0.714040154,3.050626137
YPR067W,0.095847957,0.850186223,0.200805855,0.639003315,4.13927242
YPR068C,-0.074148763,0.90109687,0.063881394,0.928147881,3.247942873
YPR069C,-0.529229988,0.202774753,-0.23858776,0.645659167,7.301609986
YPR070W,0.788851075,0.099578546,0.052676343,0.981763498,2.751808893
YPR071W,-0.153126404,0.739381166,0.37265033,0.323972635,3.956819226
YPR072W,-0.276634474,0.484887909,-0.736446802,0.020549121,4.684030313
YPR073C,-0.272234889,0.527354985,-0.854972542,0.010820676,5.14668862
YPR074C,-0.085230371,0.902095121,0.216883595,0.674385989,10.60493092
YPR074W-A,0.678947988,0.817340929,0.702379351,0.938980202,-3.71680149
YPR075C,-0.014156307,1,-0.134385758,0.826470594,5.172793097
YPR076W,0.35191169,0.498201232,0.058433483,0.9755191,2.526251932
YPR077C,-4.223680414,2.60E-07,-2.916581763,0.000253567,-1.219021659
YPR078C,-2.363862306,1.73E-11,-1.322149136,0.000370145,4.069417179
YPR079W,0.031909461,0.986946456,-0.332813524,0.378807358,3.977529585
YPR080W,-0.658266324,0.139210427,-0.60108507,0.175966593,13.0576009
YPR081C,-0.192700946,0.724973084,-0.132619968,0.845206867,2.363054271
YPR082C,-0.241059425,0.580163551,-0.612395998,0.082148032,4.092970516
YPR083W,0.698467536,0.093271199,0.220411429,0.691178654,2.636304616
YPR084W,0.896170261,0.016358537,0.640862726,0.101800332,2.899425924
YPR085C,0.348570078,0.391344792,0.423486683,0.279140374,3.432799471
YPR086W,0.623361193,0.113795943,-0.369034246,0.400580597,4.696579827
YPR087W,0.075894822,0.962783625,-0.2883122,0.716121046,0.9851232
YPR088C,-0.155176208,0.74575423,-0.848292671,0.009995864,5.35037813
YPR089W,0.356819986,0.323980866,0.223285867,0.592074352,4.23298615
YPR091C,0.275992269,0.484452756,0.28812148,0.468158003,5.011195348
YPR092W,-2.801075831,3.04E-08,-1.460985348,0.004906539,-0.017468907
YPR093C,-0.465119564,0.358825246,-0.541541912,0.274350667,1.936080912
YPR094W,0.57377141,0.248267745,0.354940224,0.527860082,2.697513691
YPR095C,0.280855595,0.513641889,-0.17439446,0.729632055,3.561637576
YPR096C,0.833496854,0.513368768,0.32688356,0.874586411,-1.868940543
YPR097W,0.651276303,0.072591598,0.221632331,0.640237467,3.509833952
YPR098C,-0.245660336,0.647058169,0.157985435,0.807043994,6.626027125
YPR099C,0.388018486,0.27074523,0.174696798,0.692100098,3.36497039
YPR100W,0.25485856,0.56328455,0.147216634,0.783457876,3.011408499
YPR101W,0.660575122,0.154058365,0.106454218,0.898867704,3.019638138
YPR102C,0.524514076,0.341901418,-0.077189639,0.955232105,8.961829986
YPR103W,-0.525277873,0.152214676,-0.568064861,0.105564508,6.018896674
YPR104C,0.681389868,0.176264927,-0.514578871,0.347101379,2.448499223
YPR105C,0.521276746,0.176264927,-0.142658572,0.800367144,3.980504343
YPR106W,0.494132533,0.196596312,0.546601053,0.137713746,5.104602962
YPR107C,-0.604332489,0.054360591,-0.885033445,0.002046085,3.489076169
YPR108W,-0.408671287,0.317083329,-1.010942468,0.002669561,5.266022979
YPR108W-A,2.690709039,0.181319026,2.604309305,0.298444244,-3.874805031
YPR109W,0.20573469,0.629716756,0.401280751,0.279237982,4.55220035
YPR110C,0.276762428,0.608819543,0.221739876,0.712888741,5.998928612
YPR111W,0.736888706,0.121199757,0.207238041,0.745791034,2.550617226
YPR112C,0.704667597,0.220110446,-0.365666091,0.600462536,3.580854841
YPR113W,-0.450977117,0.4012651,-0.553912443,0.281886833,8.702153896
YPR114W,0.039844404,0.98083347,0.092990907,0.893718466,6.104103373
YPR115W,-0.138830479,0.756038004,-0.000940591,1,3.807064558
YPR116W,-1.379554837,0.027761693,-1.138725615,0.071917045,0.471091856
YPR117W,0.324120026,0.467497644,1.218458244,0.000370145,4.87296015
YPR118W,-0.187219124,0.697343525,-0.034100733,0.997261812,6.336231965
YPR119W,1.325957881,0.014384145,-0.237199246,0.779472609,2.760401368
YPR120C,0.330381375,0.451145426,0.18329692,0.73141078,3.008458688
YPR121W,0.219214343,0.652487547,0.464445847,0.258215813,2.937835623
YPR122W,-0.313841768,0.436592969,0.241326074,0.589186711,4.374859524
YPR123C,-0.824251071,0.235100617,-0.361340325,0.673837688,1.745814389
YPR124W,-0.585529111,0.113969047,-0.03819683,0.989404938,4.205563627
YPR125W,0.10178754,0.872284589,-0.34215085,0.465313184,3.25578313
YPR126C,-0.397732357,0.613406561,-0.285866691,0.769126871,-0.053666353
YPR127W,-0.173705216,0.700161329,0.565841109,0.097268163,5.462101886
YPR128C,-0.436259727,0.231452228,-0.00093774,1,5.595771059
YPR129W,0.38193086,0.447307997,-0.413039641,0.414214137,3.959347528
YPR130C,0.154582335,0.868814813,0.201864673,0.826481596,0.798490829
YPR131C,0.344945972,0.491849811,0.059616999,0.965568937,4.207063128
YPR132W,0.635251929,0.218660867,-0.033794835,1,9.387999467
YPR133C,0.446913347,0.370560867,-0.387258222,0.465561516,3.932332573
YPR133W-A,0.19316296,0.670392634,0.48113758,0.190175935,5.392156671
YPR134W,-0.191776892,0.687735,-0.289821681,0.509608707,3.055544002
YPR135W,-2.254351303,4.34E-12,-1.961505856,2.44E-09,4.606227483
YPR136C,0.81418176,0.373075004,-0.175244543,0.926746749,0.78370836
YPR137C-A,-0.110631845,0.963952328,1.374153632,0.067820059,-0.382045535
YPR137C-B,0.076220881,0.923836675,-0.196031651,0.725203673,6.008212152
YPR137W,0.583254129,0.247139031,-0.282001714,0.656167555,3.665030414
YPR138C,-0.879481915,0.23802491,1.061456941,0.132989589,8.070872738
YPR139C,0.080860756,0.906327357,-0.377676213,0.37740098,4.241420722
YPR140W,-0.148186153,0.736156599,-0.014051745,1,4.354803478
YPR141C,0.614682329,0.238398492,0.204467207,0.772268937,1.604521385
YPR142C,0.503697451,0.466343112,-0.793875551,0.215042615,2.085429115
YPR143W,0.45815157,0.363386834,-0.438063266,0.397630958,3.623708508
YPR144C,0.274214083,0.537337596,0.391040519,0.344163161,4.802323393
YPR145C-A,0.014983285,1,-0.609353859,0.383048844,-0.820133706
YPR145W,0.326174857,0.452575021,0.99324315,0.00381887,8.348162613
YPR146C,-0.672273939,0.08698917,-0.237101318,0.639840225,3.211712975
YPR147C,-0.955656093,0.011588545,-0.631977143,0.115677796,6.17517229
YPR148C,0.011058539,1,-0.905854877,0.005083405,5.138116548
YPR149W,0.972271615,0.005089294,0.912166786,0.008307189,8.813237387
YPR150W,-2.524210161,6.83E-06,-1.739964158,0.00259602,2.960139385
YPR151C,-2.777257622,9.93E-07,-2.227587653,0.000120844,3.465941362
YPR152C,-0.758563123,0.091921156,-1.176448564,0.003886941,2.471499196
YPR153W,0.624996675,0.185632487,0.569319069,0.235529099,1.616264281
YPR154W,0.536250861,0.168032758,1.134088744,0.000650758,4.986519268
YPR155C,0.168953308,0.703990121,0.373571891,0.312484081,3.581894304
YPR156C,0.61223513,0.155719718,0.71315178,0.078975528,7.813174967
YPR157W,-0.15676833,0.756596853,-0.314767493,0.478447282,3.174592309
YPR158C-C,0.067358456,1,1.485040645,0.045553601,-1.218908455
YPR158C-D,0.012038769,1,-0.322482901,0.515019874,6.055230973
YPR158W,0.523518467,0.238208748,0.258048219,0.635184596,3.74746348
YPR158W-A,-0.059275759,1,1.094771581,0.118421196,-0.823770576
YPR158W-B,0.146040376,0.766928683,-0.16424833,0.740616917,5.255545318
YPR159C-A,0.418399017,0.861291894,-0.672331785,0.928147881,-3.728587663
YPR159W,0.677801276,0.094439417,0.98426967,0.00702198,9.679384674
YPR160C-A,-2.606784754,0.721629089,-2.433618466,1,-4.631172776
YPR160W,-1.30078869,0.031456434,-1.053287877,0.084325532,4.539365983
YPR160W-A,0.044923224,1,0.45627971,1,-4.185514881
YPR161C,-0.432280871,0.269733625,-0.86016505,0.010439167,3.76628138
YPR162C,-0.687384706,0.036486397,-0.553316678,0.099039703,3.66182193
YPR163C,0.206628878,0.655071687,-0.606351147,0.09150436,6.315454844
YPR164W,-0.032306666,0.99191609,0.02087421,1,3.766284075
YPR165W,-0.179928714,0.713889176,0.175945262,0.733825617,7.180382373
YPR166C,-0.439056434,0.20535897,-0.702435243,0.023216659,3.75059939
YPR167C,-0.191462005,0.669455525,-0.952822825,0.00259602,3.614943186
YPR168W,0.135219744,0.966583716,-1.044566071,0.380924332,0.555938625
YPR169W,0.398068644,0.445169371,-0.420628935,0.425538679,4.130452974
YPR169W-A,0.319822178,0.83429294,0.247093201,0.923413085,-1.643222868
YPR170C,0.48268409,0.261853344,0.671425412,0.087913675,4.41330194
YPR170W-A,0.237381131,0.814281249,0.824534102,0.281886833,-1.189981033
YPR170W-B,0.211078818,0.721629089,0.584381631,0.210587364,7.267339641
YPR171W,0.33764636,0.372668605,0.211396754,0.635184596,3.744494266
YPR172W,-0.407503518,0.246387439,-0.106645336,0.838738411,4.375289691
YPR173C,0.388984401,0.314391293,-0.236792194,0.602035681,4.213329525
YPR174C,0.131422023,0.882315758,-0.28963812,0.670851646,1.460052545
YPR175W,-0.474872394,0.147506943,-0.398620171,0.234612858,3.626598989
YPR176C,-0.352997483,0.441321927,-0.101332102,0.889866106,6.748407436
YPR177C,0.466511318,0.594310396,-0.683611192,0.395237468,0.075857671
YPR178W,-0.314235783,0.474843244,-0.172325523,0.744466922,2.627419383
YPR179C,0.486812169,0.279496571,0.257646207,0.635728078,2.551530262
YPR180W,0.283175628,0.650687654,-0.583711951,0.284897553,2.817726444
YPR181C,-0.461328643,0.415824902,-0.174482709,0.822102111,10.20050359
YPR182W,-1.210605434,0.002295761,-0.607571755,0.175966593,4.253010792
YPR183W,-0.897838971,0.061098453,-0.641236898,0.201191893,9.179600805
YPR184W,-0.603008606,0.219215503,-0.376805592,0.4957129,6.167578669
YPR185W,0.353284828,0.339600816,-0.212821953,0.63055047,3.34859189
YPR186C,1.273328226,0.034520265,0.714373715,0.284785526,2.40429247
YPR187W,0.411608522,0.364503184,0.132168469,0.83816544,5.666445813
YPR188C,0.046413423,0.954859297,-0.394413204,0.26541782,3.939940779
YPR189W,0.504626053,0.169464224,-0.002995337,1,3.365147173
YPR190C,0.92203623,0.035766942,0.129713581,0.866827799,3.505142892
YPR191W,1.193178004,0.000634756,1.585067154,2.26E-06,6.313148866
YPR192W,-0.502139948,0.438600947,-0.383374663,0.591923058,1.447097561
YPR193C,-0.317099354,0.668287716,-0.75609904,0.235034611,-0.331801235
YPR194C,-3.13382141,7.74E-06,-1.263722612,0.098518515,4.508532998
YPR195C,-1.912363872,0.000715108,-1.172895847,0.048893711,2.018484323
YPR196W,0.818580805,0.020402908,0.931238328,0.005821396,3.217645426
YPR197C,0.133797221,0.884381102,-0.135278729,0.892719274,3.784293906
YPR198W,-0.415100467,0.35673269,0.018089542,1,7.046123486
YPR199C,-0.383141195,0.315344783,0.100250388,0.86610895,3.736590294
YPR200C,0.177142149,0.779683894,-0.385477466,0.489780729,1.354492444
YPR201W,0.701910294,0.177981995,-0.110683173,0.918859182,2.022692159
YPR202W,-0.857123876,0.047696387,-0.783360083,0.068010409,2.27374322
YPR203W,0.441230569,0.938445095,0.683443105,0.821961965,-3.647748327
YPR204C-A,0,1,0,1,-4.776081025
YPR204W,-0.128101467,0.802339159,0.097834633,0.879769013,4.470353881